std_competency,competency_family,domain,month,quarter_code,row_type,source_tool,source_tool_label,tool_family,is_did_point,stacking_status,measure_unit,metric_basis,clearance_rule,n,n_schools,pct_students_cleared,se,ci95_low,ci95_high,has_clearance_value,pct_cleared_tool_flag,mean_pct_score,median_pct_score,sd_pct_score,mean_cpm,median_cpm,n_distinct_scores,perfect_score_required,stability_flag,reliability_flags,pooling_method,prev_month,months_gap,mom_change_pp,same_tool_family_as_prev,change_defensibility,raw_keys
independent_writing,writing,literacy,2026-03,Q4_2025,trend_point,did_midline,25-26 End of Year (Mar 2026),did,True,single_source,pct,slide_top_band_gt75,slide top band (>75%),177.0,,28.0,,,,True,,34.0,,,,,,False,robust,slide_band_gt75_not_ge75;single_source,single_source,,,,,,M_Independent Writing
independent_writing,writing,literacy,2026-03,Q4_2025,source_detail,did_midline,25-26 End of Year (Mar 2026),did,True,single_source,pct,slide_top_band_gt75,slide top band (>75%),177.0,,28.0,,,,True,,34.0,,,,,,False,robust,slide_band_gt75_not_ge75;single_source,,,,,,,M_Independent Writing
letter_naming_fluency,letter_recognition,literacy,2025-11,Q3_2025,source_detail,did_baseline,DiD baseline (Nov 2025),did,True,stack,cpm,did_pct_correct,CPM mean only; no % value,,,,,,,False,,,,,34.400000000000006,,,False,n_unknown,no_clearance_value,,,,,,,B_Letter Naming Timed
letter_naming_fluency,letter_recognition,literacy,2026-03,Q4_2025,source_detail,did_midline,25-26 End of Year (Mar 2026),did,True,stack,cpm,slide_top_band_gt75,no benchmark for this timed measure,177.0,,,,,,False,,,,,,,,False,robust,no_clearance_value,,,,,,,M_Letter Naming (Timed)
letter_recognition,letter_recognition,literacy,2025-08,Q2_2025,trend_point,aug_tool,Aug tool / Q2 2025 tool,aug_tool,False,stack_with_caveat,pct,pct_students_cleared,>=75% of items,22.0,6.0,81.81818181818183,8.223036670302644,61.482978023362136,92.69323397589488,True,90.9090909090909,81.25,87.5,24.013265183267034,,,6.0,False,thin,thin_n;crosswalk_caveat,single_source,,,,,,A_LID
letter_recognition,letter_recognition,literacy,2025-08,Q2_2025,source_detail,aug_tool,Aug tool / Q2 2025 tool,aug_tool,False,stack_with_caveat,pct,pct_students_cleared,>=75% of items,22.0,6.0,81.81818181818183,8.223036670302644,61.482978023362136,92.69323397589488,True,90.9090909090909,81.25,87.5,24.013265183267034,,,6.0,False,thin,thin_n;crosswalk_caveat,,,,,,,A_LID
letter_recognition,letter_recognition,literacy,2025-09,Q2_2025,trend_point,aug_tool,Aug tool / Q2 2025 tool,aug_tool,False,stack_with_caveat,pct,pct_students_cleared,>=75% of items,59.0,12.0,81.35593220338984,5.070361728907833,69.62080757461749,89.25738776095642,True,94.91525423728814,83.26271186440678,87.5,20.96926238408943,,,7.0,False,moderate,crosswalk_caveat,single_source,2025-08,1,-0.4622496147919861,True,within_tool,A_LID
letter_recognition,letter_recognition,literacy,2025-09,Q2_2025,source_detail,aug_tool,Aug tool / Q2 2025 tool,aug_tool,False,stack_with_caveat,pct,pct_students_cleared,>=75% of items,59.0,12.0,81.35593220338984,5.070361728907833,69.62080757461749,89.25738776095642,True,94.91525423728814,83.26271186440678,87.5,20.96926238408943,,,7.0,False,moderate,crosswalk_caveat,,,,,,,A_LID
letter_recognition,letter_recognition,literacy,2025-10,Q3_2025,trend_point,q3_2025_tool,Q3 2025 tool,q3_2025_tool,False,stack_with_caveat,pct,pct_students_cleared,>=75% of items,20.0,5.0,85.0,7.984359711335657,63.95767041130426,94.7632208040504,True,85.0,85.625,100.0,23.39414850364352,,,5.0,False,thin,thin_n;crosswalk_caveat,single_source,2025-09,1,3.644067796610159,False,cross_tool_caveat,Q3_LMR
letter_recognition,letter_recognition,literacy,2025-10,Q3_2025,source_detail,q3_2025_tool,Q3 2025 tool,q3_2025_tool,False,stack_with_caveat,pct,pct_students_cleared,>=75% of items,20.0,5.0,85.0,7.984359711335657,63.95767041130426,94.7632208040504,True,85.0,85.625,100.0,23.39414850364352,,,5.0,False,thin,thin_n;crosswalk_caveat,,,,,,,Q3_LMR
letter_recognition,letter_recognition,literacy,2025-11,Q3_2025,trend_point,q3_2025_tool,Q3 2025 tool,q3_2025_tool,False,stack_with_caveat,pct,pct_students_cleared,>=75% of items,66.0,17.0,77.27272727272727,5.158397606356475,65.83031596442962,85.71489491275533,True,77.27272727272727,80.87121212121212,93.75,27.926732520604503,,,8.0,False,moderate,crosswalk_caveat,single_source,2025-10,1,-7.727272727272734,True,within_tool,Q3_LMR
letter_recognition,letter_recognition,literacy,2025-11,Q3_2025,source_detail,q3_2025_tool,Q3 2025 tool,q3_2025_tool,False,stack_with_caveat,pct,pct_students_cleared,>=75% of items,66.0,17.0,77.27272727272727,5.158397606356475,65.83031596442962,85.71489491275533,True,77.27272727272727,80.87121212121212,93.75,27.926732520604503,,,8.0,False,moderate,crosswalk_caveat,,,,,,,Q3_LMR
letter_recognition,letter_recognition,literacy,2025-12,Q3_2025,trend_point,q3_2025_tool,Q3 2025 tool,q3_2025_tool,False,stack_with_caveat,pct,pct_students_cleared,>=75% of items,37.0,11.0,56.75675675675676,8.144549227036583,40.91390633420072,71.3285131596487,True,56.75675675675676,69.25675675675676,75.0,30.13202929092545,,,8.0,False,moderate,crosswalk_caveat,single_source,2025-11,1,-20.51597051597051,True,within_tool,Q3_LMR
letter_recognition,letter_recognition,literacy,2025-12,Q3_2025,source_detail,q3_2025_tool,Q3 2025 tool,q3_2025_tool,False,stack_with_caveat,pct,pct_students_cleared,>=75% of items,37.0,11.0,56.75675675675676,8.144549227036583,40.91390633420072,71.3285131596487,True,56.75675675675676,69.25675675675676,75.0,30.13202929092545,,,8.0,False,moderate,crosswalk_caveat,,,,,,,Q3_LMR
letter_recognition,letter_recognition,literacy,2026-04,Q1_2026,trend_point,q1_2026_tool,Q1 2026 tool (G2 battery),2026_tool,False,stack,pct,pct_students_cleared,>=75% of items,85.0,,89.41176470588236,3.3373339179089467,81.0862973602443,94.32882348404489,True,89.41176470588236,86.82352941176471,90.0,11.51725048887665,,,9.0,False,moderate,,single_source,2025-12,4,32.655007949125604,False,cross_tool_caveat,N1_Letter Identification
letter_recognition,letter_recognition,literacy,2026-04,Q1_2026,source_detail,q1_2026_tool,Q1 2026 tool (G2 battery),2026_tool,False,stack,pct,pct_students_cleared,>=75% of items,85.0,,89.41176470588236,3.3373339179089467,81.0862973602443,94.32882348404489,True,89.41176470588236,86.82352941176471,90.0,11.51725048887665,,,9.0,False,moderate,,,,,,,,N1_Letter Identification
letter_recognition,letter_recognition,literacy,2026-05,Q1_2026,trend_point,q1_2026_tool,Q1 2026 tool (G2 battery),2026_tool,False,stack,pct,pct_students_cleared,>=75% of items,90.0,,78.88888888888889,4.301720713550996,69.36500878323096,86.04751615240525,True,78.88888888888889,84.72222222222223,85.0,12.527746981977424,,,10.0,False,moderate,,single_source,2026-04,1,-10.522875816993476,True,within_tool,N1_Letter Identification
letter_recognition,letter_recognition,literacy,2026-05,Q1_2026,source_detail,q1_2026_tool,Q1 2026 tool (G2 battery),2026_tool,False,stack,pct,pct_students_cleared,>=75% of items,90.0,,78.88888888888889,4.301720713550996,69.36500878323096,86.04751615240525,True,78.88888888888889,84.72222222222223,85.0,12.527746981977424,,,10.0,False,moderate,,,,,,,,N1_Letter Identification
letter_recognition,letter_recognition,literacy,2026-07,Q2_2026,trend_point,q2_2026_tool,Q2 2026 tool,2026_tool,False,stack,pct,pct_students_cleared,>=75% of items,963.0,,76.22014537902389,1.3719122703631803,73.43034140552007,78.8015857271147,True,76.22014537902389,79.62097611630323,80.0,19.958029149405885,,,19.0,False,robust,,single_source,2026-05,2,-2.6687435098649956,True,within_tool,N2_Letter Identification
letter_recognition,letter_recognition,literacy,2026-07,Q2_2026,source_detail,q2_2026_tool,Q2 2026 tool,2026_tool,False,stack,pct,pct_students_cleared,>=75% of items,963.0,,76.22014537902389,1.3719122703631803,73.43034140552007,78.8015857271147,True,76.22014537902389,79.62097611630323,80.0,19.958029149405885,,,19.0,False,robust,,,,,,,,N2_Letter Identification
letter_recognition,letter_recognition,literacy,2026-08,Q2_2026,trend_point,q2_2026_tool,Q2 2026 tool,2026_tool,False,stack,pct,pct_students_cleared,>=75% of items,398.0,,75.12562814070351,2.1668486777574514,70.65193381259999,79.11892117105526,True,75.12562814070351,80.79145728643216,80.0,16.503239202295898,,,19.0,False,robust,,single_source,2026-07,1,-1.0945172383203783,True,within_tool,N2_Letter Identification
letter_recognition,letter_recognition,literacy,2026-08,Q2_2026,source_detail,q2_2026_tool,Q2 2026 tool,2026_tool,False,stack,pct,pct_students_cleared,>=75% of items,398.0,,75.12562814070351,2.1668486777574514,70.65193381259999,79.11892117105526,True,75.12562814070351,80.79145728643216,80.0,16.503239202295898,,,19.0,False,robust,,,,,,,,N2_Letter Identification
letter_writing,writing,literacy,2025-11,Q3_2025,trend_point,did_baseline,DiD baseline (Nov 2025),did,True,stack,pct,did_pct_correct,DiD % correct used directly,,,78.3,,,,True,,78.3,,,,,,False,n_unknown,n_unknown_n;baseline_pct_correct_not_clearance,single_source,,,,,,B_Letter Writing
letter_writing,writing,literacy,2025-11,Q3_2025,source_detail,did_baseline,DiD baseline (Nov 2025),did,True,stack,pct,did_pct_correct,DiD % correct used directly,,,78.3,,,,True,,78.3,,,,,,False,n_unknown,n_unknown_n;baseline_pct_correct_not_clearance,,,,,,,B_Letter Writing
letter_writing,writing,literacy,2026-03,Q4_2025,trend_point,did_midline,25-26 End of Year (Mar 2026),did,True,stack,pct,slide_top_band_gt75,slide top band (>75%),177.0,,80.0,,,,True,,84.0,,,,,,False,robust,slide_band_gt75_not_ge75,single_source,2025-11,4,1.7000000000000028,True,metric_basis_changed,M_Letter Writing
letter_writing,writing,literacy,2026-03,Q4_2025,source_detail,did_midline,25-26 End of Year (Mar 2026),did,True,stack,pct,slide_top_band_gt75,slide top band (>75%),177.0,,80.0,,,,True,,84.0,,,,,,False,robust,slide_band_gt75_not_ge75,,,,,,,M_Letter Writing
listening_comprehension,oral_language,literacy,2025-11,Q3_2025,trend_point,did_baseline,DiD baseline (Nov 2025),did,True,stack,pct,did_pct_correct,DiD % correct used directly,,,62.849999999999994,,,,True,,62.849999999999994,,,,,,False,n_unknown,n_unknown_n;baseline_pct_correct_not_clearance,single_source,,,,,,B_Listening Comprehension
listening_comprehension,oral_language,literacy,2025-11,Q3_2025,source_detail,did_baseline,DiD baseline (Nov 2025),did,True,stack,pct,did_pct_correct,DiD % correct used directly,,,62.849999999999994,,,,True,,62.849999999999994,,,,,,False,n_unknown,n_unknown_n;baseline_pct_correct_not_clearance,,,,,,,B_Listening Comprehension
listening_comprehension,oral_language,literacy,2026-03,Q4_2025,trend_point,did_midline,25-26 End of Year (Mar 2026),did,True,stack,pct,slide_top_band_gt75,slide top band (>75%),177.0,,38.0,,,,True,,,,,,,,False,robust,slide_band_gt75_not_ge75,single_source,2025-11,4,-24.849999999999994,True,metric_basis_changed,M_Listening Comprehension
listening_comprehension,oral_language,literacy,2026-03,Q4_2025,source_detail,did_midline,25-26 End of Year (Mar 2026),did,True,stack,pct,slide_top_band_gt75,slide top band (>75%),177.0,,38.0,,,,True,,,,,,,,False,robust,slide_band_gt75_not_ge75,,,,,,,M_Listening Comprehension
oral_language_dev,oral_language,literacy,2025-08,Q2_2025,trend_point,pooled:aug_tool+july_tool,Aug tool / Q2 2025 tool + July tool (used 4-8 Aug 2025),aug_tool+july_tool,False,stack_with_caveat,pct,pct_students_cleared,>=75% of items,51.0,13.0,98.03921568627452,,,,True,98.03921568627452,97.54901960784314,,,,,,False,moderate,ceiling;crosswalk_caveat;perfect_score_required;pooled_sources,n_weighted,,,,,,A_OLD|J_OLD
oral_language_dev,oral_language,literacy,2025-08,Q2_2025,source_detail,aug_tool,Aug tool / Q2 2025 tool,aug_tool,False,stack_with_caveat,pct,pct_students_cleared,>=75% of items,22.0,6.0,100.0,0.0,85.13404742740389,100.0,True,100.0,96.5909090909091,100.0,8.781252166427612,,,2.0,False,thin,thin_n;ceiling;crosswalk_caveat,,,,,,,A_OLD
oral_language_dev,oral_language,literacy,2025-08,Q2_2025,source_detail,july_tool,July tool (used 4-8 Aug 2025),july_tool,False,stack_with_caveat,pct,pct_students_cleared,>=75% of items,29.0,7.0,96.55172413793103,3.3883012720035666,82.82410893529976,99.38869433859678,True,96.55172413793103,98.27586206896552,100.0,9.284766908852594,,,2.0,True,thin,thin_n;ceiling;perfect_score_required;crosswalk_caveat,,,,,,,J_OLD
oral_language_dev,oral_language,literacy,2025-09,Q2_2025,trend_point,aug_tool,Aug tool / Q2 2025 tool,aug_tool,False,stack_with_caveat,pct,pct_students_cleared,>=75% of items,59.0,12.0,100.0,0.0,93.88685202159081,100.00000000000003,True,100.0,94.0677966101695,100.0,10.726802407472313,,,2.0,False,moderate,ceiling;crosswalk_caveat,single_source,2025-08,1,1.9607843137254832,False,cross_tool_caveat,A_OLD
oral_language_dev,oral_language,literacy,2025-09,Q2_2025,source_detail,aug_tool,Aug tool / Q2 2025 tool,aug_tool,False,stack_with_caveat,pct,pct_students_cleared,>=75% of items,59.0,12.0,100.0,0.0,93.88685202159081,100.00000000000003,True,100.0,94.0677966101695,100.0,10.726802407472313,,,2.0,False,moderate,ceiling;crosswalk_caveat,,,,,,,A_OLD
oral_reading_fluency,oral_reading_fluency,literacy,2025-08,Q2_2025,trend_point,pooled:aug_tool+july_tool,Aug tool / Q2 2025 tool + July tool (used 4-8 Aug 2025),aug_tool+july_tool,False,stack_with_caveat,cpm,pct_students_cleared,>=45 cpm,51.0,13.0,39.21568627450981,,,,True,,,,,45.627450980392155,,,False,moderate,crosswalk_caveat;pooled_sources,n_weighted,,,,,,A_ORF|J_ORF
oral_reading_fluency,oral_reading_fluency,literacy,2025-08,Q2_2025,source_detail,aug_tool,Aug tool / Q2 2025 tool,aug_tool,False,stack_with_caveat,cpm,pct_students_cleared,>=45 cpm,22.0,6.0,45.45454545454545,10.615894693111677,26.920014432004848,65.34052671095844,True,,,,,47.59090909090909,36.5,,False,thin,thin_n;crosswalk_caveat,,,,,,,A_ORF
oral_reading_fluency,oral_reading_fluency,literacy,2025-08,Q2_2025,source_detail,july_tool,July tool (used 4-8 Aug 2025),july_tool,False,stack_with_caveat,cpm,pct_students_cleared,>=45 cpm,29.0,7.0,34.48275862068966,8.82632273954608,19.94050874919048,52.655223492844016,True,,,,,44.13793103448276,30.0,,False,thin,thin_n;crosswalk_caveat,,,,,,,J_ORF
oral_reading_fluency,oral_reading_fluency,literacy,2025-09,Q2_2025,trend_point,aug_tool,Aug tool / Q2 2025 tool,aug_tool,False,stack_with_caveat,cpm,pct_students_cleared,>=45 cpm,58.0,12.0,46.55172413793103,6.549689902608279,34.33181535782672,59.200046689727024,True,,,,,50.327586206896555,42.0,,False,moderate,crosswalk_caveat,single_source,2025-08,1,7.336037863421225,False,cross_tool_caveat,A_ORF
oral_reading_fluency,oral_reading_fluency,literacy,2025-09,Q2_2025,source_detail,aug_tool,Aug tool / Q2 2025 tool,aug_tool,False,stack_with_caveat,cpm,pct_students_cleared,>=45 cpm,58.0,12.0,46.55172413793103,6.549689902608279,34.33181535782672,59.200046689727024,True,,,,,50.327586206896555,42.0,,False,moderate,crosswalk_caveat,,,,,,,A_ORF
oral_reading_fluency,oral_reading_fluency,literacy,2025-10,Q3_2025,trend_point,q3_2025_tool,Q3 2025 tool,q3_2025_tool,False,stack_with_caveat,cpm,pct_students_cleared,>=45 cpm,20.0,5.0,15.0,7.984359711335657,5.236779195949584,36.04232958869574,True,,,,,27.0,22.5,,False,thin,thin_n;crosswalk_caveat,single_source,2025-09,1,-31.551724137931032,False,cross_tool_caveat,Q3_ORF
oral_reading_fluency,oral_reading_fluency,literacy,2025-10,Q3_2025,source_detail,q3_2025_tool,Q3 2025 tool,q3_2025_tool,False,stack_with_caveat,cpm,pct_students_cleared,>=45 cpm,20.0,5.0,15.0,7.984359711335657,5.236779195949584,36.04232958869574,True,,,,,27.0,22.5,,False,thin,thin_n;crosswalk_caveat,,,,,,,Q3_ORF
oral_reading_fluency,oral_reading_fluency,literacy,2025-11,Q3_2025,trend_point,q3_2025_tool,Q3 2025 tool,q3_2025_tool,False,stack_with_caveat,cpm,pct_students_cleared,>=45 cpm,66.0,17.0,21.21212121212121,5.032106063845824,13.077866875683968,32.51329942062081,True,,,,,28.106060606060606,20.5,,False,moderate,crosswalk_caveat,single_source,2025-10,1,6.212121212121211,True,within_tool,Q3_ORF
oral_reading_fluency,oral_reading_fluency,literacy,2025-11,Q3_2025,source_detail,q3_2025_tool,Q3 2025 tool,q3_2025_tool,False,stack_with_caveat,cpm,pct_students_cleared,>=45 cpm,66.0,17.0,21.21212121212121,5.032106063845824,13.077866875683968,32.51329942062081,True,,,,,28.106060606060606,20.5,,False,moderate,crosswalk_caveat,,,,,,,Q3_ORF
oral_reading_fluency,oral_reading_fluency,literacy,2025-11,Q3_2025,source_detail,did_baseline,DiD baseline (Nov 2025),did,True,stack_with_caveat,cpm,did_pct_correct,CPM mean only; no % value,,,,,,,False,,,,,28.6,,,False,n_unknown,no_clearance_value;crosswalk_caveat,,,,,,,B_Oral Reading Fluency
oral_reading_fluency,oral_reading_fluency,literacy,2025-12,Q3_2025,trend_point,q3_2025_tool,Q3 2025 tool,q3_2025_tool,False,stack_with_caveat,cpm,pct_students_cleared,>=45 cpm,37.0,11.0,32.432432432432435,7.695875641236478,19.63307782081548,48.53663149517607,True,,,,,30.2972972972973,25.0,,False,moderate,crosswalk_caveat,single_source,2025-11,1,11.220311220311224,True,within_tool,Q3_ORF
oral_reading_fluency,oral_reading_fluency,literacy,2025-12,Q3_2025,source_detail,q3_2025_tool,Q3 2025 tool,q3_2025_tool,False,stack_with_caveat,cpm,pct_students_cleared,>=45 cpm,37.0,11.0,32.432432432432435,7.695875641236478,19.63307782081548,48.53663149517607,True,,,,,30.2972972972973,25.0,,False,moderate,crosswalk_caveat,,,,,,,Q3_ORF
oral_reading_fluency,oral_reading_fluency,literacy,2026-03,Q4_2025,trend_point,did_midline,25-26 End of Year (Mar 2026),did,True,stack_with_caveat,cpm,slide_top_band_gt75,slide bands 45-59 + 60+ (>=45 cpm),177.0,,38.0,,,,True,,,,,35.0,,,False,robust,slide_band_gt75_not_ge75;crosswalk_caveat,single_source,2025-12,3,5.567567567567565,False,cross_tool_caveat,M_Oral Reading Fluency
oral_reading_fluency,oral_reading_fluency,literacy,2026-03,Q4_2025,source_detail,did_midline,25-26 End of Year (Mar 2026),did,True,stack_with_caveat,cpm,slide_top_band_gt75,slide bands 45-59 + 60+ (>=45 cpm),177.0,,38.0,,,,True,,,,,35.0,,,False,robust,slide_band_gt75_not_ge75;crosswalk_caveat,,,,,,,M_Oral Reading Fluency
oral_vocabulary,oral_language,literacy,2025-11,Q3_2025,trend_point,did_baseline,DiD baseline (Nov 2025),did,True,stack,pct,did_pct_correct,DiD % correct used directly,,,96.80000000000001,,,,True,,96.80000000000001,,,,,,False,n_unknown,n_unknown_n;ceiling;baseline_pct_correct_not_clearance,single_source,,,,,,B_Oral Vocabulary
oral_vocabulary,oral_language,literacy,2025-11,Q3_2025,source_detail,did_baseline,DiD baseline (Nov 2025),did,True,stack,pct,did_pct_correct,DiD % correct used directly,,,96.80000000000001,,,,True,,96.80000000000001,,,,,,False,n_unknown,n_unknown_n;ceiling;baseline_pct_correct_not_clearance,,,,,,,B_Oral Vocabulary
oral_vocabulary,oral_language,literacy,2026-03,Q4_2025,trend_point,did_midline,25-26 End of Year (Mar 2026),did,True,stack,pct,slide_top_band_gt75,slide top band (>75%),177.0,,100.0,,,,True,,,,,,,,False,robust,ceiling;slide_band_gt75_not_ge75,single_source,2025-11,4,3.1999999999999886,True,metric_basis_changed,M_Oral Vocabulary
oral_vocabulary,oral_language,literacy,2026-03,Q4_2025,source_detail,did_midline,25-26 End of Year (Mar 2026),did,True,stack,pct,slide_top_band_gt75,slide top band (>75%),177.0,,100.0,,,,True,,,,,,,,False,robust,ceiling;slide_band_gt75_not_ge75,,,,,,,M_Oral Vocabulary
picture_comprehension,oral_language,literacy,2025-11,Q3_2025,trend_point,did_baseline,DiD baseline (Nov 2025),did,True,stack,pct,did_pct_correct,DiD % correct used directly,,,93.35,,,,True,,93.35,,,,,,False,n_unknown,n_unknown_n;baseline_pct_correct_not_clearance,single_source,,,,,,B_Picture Comprehension
picture_comprehension,oral_language,literacy,2025-11,Q3_2025,source_detail,did_baseline,DiD baseline (Nov 2025),did,True,stack,pct,did_pct_correct,DiD % correct used directly,,,93.35,,,,True,,93.35,,,,,,False,n_unknown,n_unknown_n;baseline_pct_correct_not_clearance,,,,,,,B_Picture Comprehension
picture_comprehension,oral_language,literacy,2026-03,Q4_2025,trend_point,did_midline,25-26 End of Year (Mar 2026),did,True,stack,pct,slide_top_band_gt75,slide top band (>75%),177.0,,91.0,,,,True,,,,,,,,False,robust,slide_band_gt75_not_ge75,single_source,2025-11,4,-2.3499999999999943,True,metric_basis_changed,M_Picture Comprehension
picture_comprehension,oral_language,literacy,2026-03,Q4_2025,source_detail,did_midline,25-26 End of Year (Mar 2026),did,True,stack,pct,slide_top_band_gt75,slide top band (>75%),177.0,,91.0,,,,True,,,,,,,,False,robust,slide_band_gt75_not_ge75,,,,,,,M_Picture Comprehension
reading_comprehension,reading_comprehension,literacy,2025-10,Q3_2025,trend_point,q3_2025_tool,Q3 2025 tool,q3_2025_tool,False,stack_with_caveat,pct,pct_students_cleared,>=75% of items,20.0,5.0,60.0,10.954451150103322,38.65779423152061,78.11960325858074,True,60.0,55.0,75.0,41.03913408340616,,,5.0,False,thin,thin_n;crosswalk_caveat,single_source,,,,,,Q3_RC
reading_comprehension,reading_comprehension,literacy,2025-10,Q3_2025,source_detail,q3_2025_tool,Q3 2025 tool,q3_2025_tool,False,stack_with_caveat,pct,pct_students_cleared,>=75% of items,20.0,5.0,60.0,10.954451150103322,38.65779423152061,78.11960325858074,True,60.0,55.0,75.0,41.03913408340616,,,5.0,False,thin,thin_n;crosswalk_caveat,,,,,,,Q3_RC
reading_comprehension,reading_comprehension,literacy,2025-11,Q3_2025,trend_point,q3_2025_tool,Q3 2025 tool,q3_2025_tool,False,stack_with_caveat,pct,pct_students_cleared,>=75% of items,66.0,17.0,45.45454545454545,6.129089658756746,34.0239312591756,57.385200261293576,True,45.45454545454545,50.75757575757576,50.0,40.423169519876026,,,5.0,False,moderate,crosswalk_caveat,single_source,2025-10,1,-14.545454545454547,True,within_tool,Q3_RC
reading_comprehension,reading_comprehension,literacy,2025-11,Q3_2025,source_detail,q3_2025_tool,Q3 2025 tool,q3_2025_tool,False,stack_with_caveat,pct,pct_students_cleared,>=75% of items,66.0,17.0,45.45454545454545,6.129089658756746,34.0239312591756,57.385200261293576,True,45.45454545454545,50.75757575757576,50.0,40.423169519876026,,,5.0,False,moderate,crosswalk_caveat,,,,,,,Q3_RC
reading_comprehension,reading_comprehension,literacy,2025-11,Q3_2025,source_detail,did_baseline,DiD baseline (Nov 2025),did,True,stack_with_caveat,pct,did_pct_correct,DiD % correct used directly,,,47.8,,,,True,,47.8,,,,,,False,n_unknown,n_unknown_n;baseline_pct_correct_not_clearance;crosswalk_caveat,,,,,,,B_Reading Comprehension
reading_comprehension,reading_comprehension,literacy,2025-11,Q3_2025,reference_point,did_baseline,DiD baseline (Nov 2025),did,True,stack_with_caveat,pct,did_pct_correct,DiD % correct used directly,,,47.8,,,,True,,47.8,,,,,,False,n_unknown,n_unknown_n;baseline_pct_correct_not_clearance;crosswalk_caveat,single_source,,,,,,B_Reading Comprehension
reading_comprehension,reading_comprehension,literacy,2025-12,Q3_2025,trend_point,q3_2025_tool,Q3 2025 tool,q3_2025_tool,False,stack_with_caveat,pct,pct_students_cleared,>=75% of items,37.0,11.0,40.54054054054054,8.071502466945956,26.346295839940137,56.5143168686707,True,40.54054054054054,45.270270270270274,50.0,39.89475644231447,,,5.0,False,moderate,crosswalk_caveat,single_source,2025-11,1,-4.914004914004913,True,within_tool,Q3_RC
reading_comprehension,reading_comprehension,literacy,2025-12,Q3_2025,source_detail,q3_2025_tool,Q3 2025 tool,q3_2025_tool,False,stack_with_caveat,pct,pct_students_cleared,>=75% of items,37.0,11.0,40.54054054054054,8.071502466945956,26.346295839940137,56.5143168686707,True,40.54054054054054,45.270270270270274,50.0,39.89475644231447,,,5.0,False,moderate,crosswalk_caveat,,,,,,,Q3_RC
reading_comprehension,reading_comprehension,literacy,2026-03,Q4_2025,trend_point,did_midline,25-26 End of Year (Mar 2026),did,True,stack_with_caveat,pct,slide_top_band_gt75,slide top band (>75%),177.0,,47.0,,,,True,,,,,,,,False,robust,slide_band_gt75_not_ge75;crosswalk_caveat,single_source,2025-12,3,6.45945945945946,False,cross_tool_caveat,M_Reading Comprehension
reading_comprehension,reading_comprehension,literacy,2026-03,Q4_2025,source_detail,did_midline,25-26 End of Year (Mar 2026),did,True,stack_with_caveat,pct,slide_top_band_gt75,slide top band (>75%),177.0,,47.0,,,,True,,,,,,,,False,robust,slide_band_gt75_not_ge75;crosswalk_caveat,,,,,,,M_Reading Comprehension
sentence_reading,sentence_reading,literacy,2025-11,Q3_2025,trend_point,did_baseline,DiD baseline (Nov 2025),did,True,stack_with_caveat,pct,did_pct_correct,DiD % correct used directly,,,47.4,,,,True,,47.4,,,,,,False,n_unknown,n_unknown_n;baseline_pct_correct_not_clearance;crosswalk_caveat,single_source,,,,,,B_Sentence Reading
sentence_reading,sentence_reading,literacy,2025-11,Q3_2025,source_detail,did_baseline,DiD baseline (Nov 2025),did,True,stack_with_caveat,pct,did_pct_correct,DiD % correct used directly,,,47.4,,,,True,,47.4,,,,,,False,n_unknown,n_unknown_n;baseline_pct_correct_not_clearance;crosswalk_caveat,,,,,,,B_Sentence Reading
sentence_reading,sentence_reading,literacy,2026-03,Q4_2025,trend_point,did_midline,25-26 End of Year (Mar 2026),did,True,stack_with_caveat,pct,slide_top_band_gt75,slide top band (>75%),177.0,,57.0,,,,True,,,,,,,,False,robust,slide_band_gt75_not_ge75;crosswalk_caveat,single_source,2025-11,4,9.600000000000001,True,metric_basis_changed,M_Sentence Reading
sentence_reading,sentence_reading,literacy,2026-03,Q4_2025,source_detail,did_midline,25-26 End of Year (Mar 2026),did,True,stack_with_caveat,pct,slide_top_band_gt75,slide top band (>75%),177.0,,57.0,,,,True,,,,,,,,False,robust,slide_band_gt75_not_ge75;crosswalk_caveat,,,,,,,M_Sentence Reading
sentence_reading,sentence_reading,literacy,2026-04,Q1_2026,trend_point,q1_2026_tool,Q1 2026 tool (G2 battery),2026_tool,False,stack,pct,pct_students_cleared,>=75% of items,85.0,,41.17647058823529,5.3381483116060595,31.316838623868794,51.799179097559,True,41.17647058823529,49.411764705882355,50.0,45.96460701495462,,,3.0,True,moderate,perfect_score_required,single_source,2026-03,1,-15.82352941176471,False,cross_tool_caveat,N1_Sentence Reading
sentence_reading,sentence_reading,literacy,2026-04,Q1_2026,source_detail,q1_2026_tool,Q1 2026 tool (G2 battery),2026_tool,False,stack,pct,pct_students_cleared,>=75% of items,85.0,,41.17647058823529,5.3381483116060595,31.316838623868794,51.799179097559,True,41.17647058823529,49.411764705882355,50.0,45.96460701495462,,,3.0,True,moderate,perfect_score_required,,,,,,,N1_Sentence Reading
sentence_reading,sentence_reading,literacy,2026-05,Q1_2026,trend_point,q1_2026_tool,Q1 2026 tool (G2 battery),2026_tool,False,stack,pct,pct_students_cleared,>=75% of items,90.0,,44.44444444444444,5.237828008789241,34.615486330171855,54.72825887451348,True,44.44444444444444,48.888888888888886,50.0,47.980437128752456,,,3.0,True,moderate,perfect_score_required,single_source,2026-04,1,3.267973856209153,True,within_tool,N1_Sentence Reading
sentence_reading,sentence_reading,literacy,2026-05,Q1_2026,source_detail,q1_2026_tool,Q1 2026 tool (G2 battery),2026_tool,False,stack,pct,pct_students_cleared,>=75% of items,90.0,,44.44444444444444,5.237828008789241,34.615486330171855,54.72825887451348,True,44.44444444444444,48.888888888888886,50.0,47.980437128752456,,,3.0,True,moderate,perfect_score_required,,,,,,,N1_Sentence Reading
sentence_reading,sentence_reading,literacy,2026-07,Q2_2026,trend_point,q2_2026_tool,Q2 2026 tool,2026_tool,False,stack,pct,pct_students_cleared,>=75% of items,963.0,,32.191069574247145,1.5055597887007828,29.31595183253579,35.20770954074397,True,32.191069574247145,42.41952232606438,50.0,43.967273230939696,,,3.0,True,robust,perfect_score_required,single_source,2026-05,2,-12.253374870197298,True,within_tool,N2_Sentence Reading
sentence_reading,sentence_reading,literacy,2026-07,Q2_2026,source_detail,q2_2026_tool,Q2 2026 tool,2026_tool,False,stack,pct,pct_students_cleared,>=75% of items,963.0,,32.191069574247145,1.5055597887007828,29.31595183253579,35.20770954074397,True,32.191069574247145,42.41952232606438,50.0,43.967273230939696,,,3.0,True,robust,perfect_score_required,,,,,,,N2_Sentence Reading
sentence_reading,sentence_reading,literacy,2026-08,Q2_2026,trend_point,q2_2026_tool,Q2 2026 tool,2026_tool,False,stack,pct,pct_students_cleared,>=75% of items,398.0,,29.64824120603015,2.2892615352695067,25.37311363628052,34.31249382695872,True,29.64824120603015,38.44221105527638,0.0,43.94965550236431,,,3.0,True,robust,perfect_score_required,single_source,2026-07,1,-2.5428283682169948,True,within_tool,N2_Sentence Reading
sentence_reading,sentence_reading,literacy,2026-08,Q2_2026,source_detail,q2_2026_tool,Q2 2026 tool,2026_tool,False,stack,pct,pct_students_cleared,>=75% of items,398.0,,29.64824120603015,2.2892615352695067,25.37311363628052,34.31249382695872,True,29.64824120603015,38.44221105527638,0.0,43.94965550236431,,,3.0,True,robust,perfect_score_required,,,,,,,N2_Sentence Reading
sentence_writing,writing,literacy,2026-03,Q4_2025,trend_point,did_midline,25-26 End of Year (Mar 2026),did,True,single_source,pct,slide_top_band_gt75,slide top band (>75%),177.0,,39.0,,,,True,,49.0,,,,,,False,robust,slide_band_gt75_not_ge75;single_source,single_source,,,,,,M_Sentence Writing
sentence_writing,writing,literacy,2026-03,Q4_2025,source_detail,did_midline,25-26 End of Year (Mar 2026),did,True,single_source,pct,slide_top_band_gt75,slide top band (>75%),177.0,,39.0,,,,True,,49.0,,,,,,False,robust,slide_band_gt75_not_ge75;single_source,,,,,,,M_Sentence Writing
word_reading,word_reading,literacy,2025-10,Q3_2025,trend_point,q3_2025_tool,Q3 2025 tool,q3_2025_tool,False,stack_with_caveat,pct,pct_students_cleared,>=75% of items,20.0,5.0,75.0,9.682458365518542,53.12949900419365,88.8139947210597,True,75.0,77.5,100.0,34.31663705766298,,,5.0,False,thin,thin_n;crosswalk_caveat,single_source,,,,,,Q3_WR
word_reading,word_reading,literacy,2025-10,Q3_2025,source_detail,q3_2025_tool,Q3 2025 tool,q3_2025_tool,False,stack_with_caveat,pct,pct_students_cleared,>=75% of items,20.0,5.0,75.0,9.682458365518542,53.12949900419365,88.8139947210597,True,75.0,77.5,100.0,34.31663705766298,,,5.0,False,thin,thin_n;crosswalk_caveat,,,,,,,Q3_WR
word_reading,word_reading,literacy,2025-11,Q3_2025,trend_point,q3_2025_tool,Q3 2025 tool,q3_2025_tool,False,stack_with_caveat,pct,pct_students_cleared,>=75% of items,66.0,17.0,80.3030303030303,4.895462268780648,69.16098449524694,88.11147203495857,True,80.3030303030303,77.65151515151516,87.5,30.105196292714048,,,5.0,False,moderate,crosswalk_caveat,single_source,2025-10,1,5.303030303030297,True,within_tool,Q3_WR
word_reading,word_reading,literacy,2025-11,Q3_2025,source_detail,q3_2025_tool,Q3 2025 tool,q3_2025_tool,False,stack_with_caveat,pct,pct_students_cleared,>=75% of items,66.0,17.0,80.3030303030303,4.895462268780648,69.16098449524694,88.11147203495857,True,80.3030303030303,77.65151515151516,87.5,30.105196292714048,,,5.0,False,moderate,crosswalk_caveat,,,,,,,Q3_WR
word_reading,word_reading,literacy,2025-11,Q3_2025,source_detail,did_baseline,DiD baseline (Nov 2025),did,True,stack_with_caveat,pct,did_pct_correct,DiD % correct used directly,,,59.8,,,,True,,59.8,,,,,,False,n_unknown,n_unknown_n;baseline_pct_correct_not_clearance;crosswalk_caveat,,,,,,,B_Word Reading Untimed
word_reading,word_reading,literacy,2025-11,Q3_2025,reference_point,did_baseline,DiD baseline (Nov 2025),did,True,stack_with_caveat,pct,did_pct_correct,DiD % correct used directly,,,59.8,,,,True,,59.8,,,,,,False,n_unknown,n_unknown_n;baseline_pct_correct_not_clearance;crosswalk_caveat,single_source,,,,,,B_Word Reading Untimed
word_reading,word_reading,literacy,2025-12,Q3_2025,trend_point,q3_2025_tool,Q3 2025 tool,q3_2025_tool,False,stack_with_caveat,pct,pct_students_cleared,>=75% of items,37.0,11.0,54.054054054054056,8.192885255111733,38.38377952476736,68.96167217154228,True,54.054054054054056,60.810810810810814,75.0,37.51876407422901,,,5.0,False,moderate,crosswalk_caveat,single_source,2025-11,1,-26.24897624897624,True,within_tool,Q3_WR
word_reading,word_reading,literacy,2025-12,Q3_2025,source_detail,q3_2025_tool,Q3 2025 tool,q3_2025_tool,False,stack_with_caveat,pct,pct_students_cleared,>=75% of items,37.0,11.0,54.054054054054056,8.192885255111733,38.38377952476736,68.96167217154228,True,54.054054054054056,60.810810810810814,75.0,37.51876407422901,,,5.0,False,moderate,crosswalk_caveat,,,,,,,Q3_WR
word_reading,word_reading,literacy,2026-03,Q4_2025,trend_point,did_midline,25-26 End of Year (Mar 2026),did,True,stack_with_caveat,pct,slide_top_band_gt75,slide top band (>75%),177.0,,70.0,,,,True,,,,,,,,False,robust,slide_band_gt75_not_ge75;crosswalk_caveat,single_source,2025-12,3,15.945945945945944,False,cross_tool_caveat,M_Word Reading (Untimed)
word_reading,word_reading,literacy,2026-03,Q4_2025,source_detail,did_midline,25-26 End of Year (Mar 2026),did,True,stack_with_caveat,pct,slide_top_band_gt75,slide top band (>75%),177.0,,70.0,,,,True,,,,,,,,False,robust,slide_band_gt75_not_ge75;crosswalk_caveat,,,,,,,M_Word Reading (Untimed)
word_reading,word_reading,literacy,2026-04,Q1_2026,trend_point,q1_2026_tool,Q1 2026 tool (G2 battery),2026_tool,False,stack,pct,pct_students_cleared,>=75% of items,85.0,,82.35294117647058,4.134911902087103,72.90420197764075,89.00373304379063,True,82.35294117647058,81.85411764705883,81.3,15.144019351838255,,,11.0,False,moderate,,single_source,2026-03,1,12.35294117647058,False,cross_tool_caveat,N1_Word Reading
word_reading,word_reading,literacy,2026-04,Q1_2026,source_detail,q1_2026_tool,Q1 2026 tool (G2 battery),2026_tool,False,stack,pct,pct_students_cleared,>=75% of items,85.0,,82.35294117647058,4.134911902087103,72.90420197764075,89.00373304379063,True,82.35294117647058,81.85411764705883,81.3,15.144019351838255,,,11.0,False,moderate,,,,,,,,N1_Word Reading
word_reading,word_reading,literacy,2026-05,Q1_2026,trend_point,q1_2026_tool,Q1 2026 tool (G2 battery),2026_tool,False,stack,pct,pct_students_cleared,>=75% of items,90.0,,71.11111111111111,4.7776342212139555,61.035762184901685,79.45800603729401,True,71.11111111111111,79.80888888888889,78.15,15.594169498471734,,,10.0,False,moderate,,single_source,2026-04,1,-11.241830065359466,True,within_tool,N1_Word Reading
word_reading,word_reading,literacy,2026-05,Q1_2026,source_detail,q1_2026_tool,Q1 2026 tool (G2 battery),2026_tool,False,stack,pct,pct_students_cleared,>=75% of items,90.0,,71.11111111111111,4.7776342212139555,61.035762184901685,79.45800603729401,True,71.11111111111111,79.80888888888889,78.15,15.594169498471734,,,10.0,False,moderate,,,,,,,,N1_Word Reading
word_reading,word_reading,literacy,2026-07,Q2_2026,trend_point,q2_2026_tool,Q2 2026 tool,2026_tool,False,stack,pct,pct_students_cleared,>=75% of items,963.0,,65.83592938733126,1.5282807654577,62.7828721609631,68.76314323597474,True,65.83592938733126,72.57113187954309,75.0,23.86706682571294,,,17.0,False,robust,,single_source,2026-05,2,-5.275181723779852,True,within_tool,N2_Word Reading
word_reading,word_reading,literacy,2026-07,Q2_2026,source_detail,q2_2026_tool,Q2 2026 tool,2026_tool,False,stack,pct,pct_students_cleared,>=75% of items,963.0,,65.83592938733126,1.5282807654577,62.7828721609631,68.76314323597474,True,65.83592938733126,72.57113187954309,75.0,23.86706682571294,,,17.0,False,robust,,,,,,,,N2_Word Reading
word_reading,word_reading,literacy,2026-08,Q2_2026,trend_point,q2_2026_tool,Q2 2026 tool,2026_tool,False,stack,pct,pct_students_cleared,>=75% of items,398.0,,63.81909547738693,2.408648884272195,58.98679660574897,68.3871736352614,True,63.81909547738693,72.06582914572864,75.0,21.584077025641403,,,17.0,False,robust,,single_source,2026-07,1,-2.0168339099443315,True,within_tool,N2_Word Reading
word_reading,word_reading,literacy,2026-08,Q2_2026,source_detail,q2_2026_tool,Q2 2026 tool,2026_tool,False,stack,pct,pct_students_cleared,>=75% of items,398.0,,63.81909547738693,2.408648884272195,58.98679660574897,68.3871736352614,True,63.81909547738693,72.06582914572864,75.0,21.584077025641403,,,17.0,False,robust,,,,,,,,N2_Word Reading
word_reading_fluency,word_reading,literacy,2025-11,Q3_2025,source_detail,did_baseline,DiD baseline (Nov 2025),did,True,stack,cpm,did_pct_correct,CPM mean only; no % value,,,,,,,False,,,,,17.950000000000003,,,False,n_unknown,no_clearance_value,,,,,,,B_Word Reading Timed
word_reading_fluency,word_reading,literacy,2026-03,Q4_2025,source_detail,did_midline,25-26 End of Year (Mar 2026),did,True,stack,cpm,slide_top_band_gt75,no benchmark for this timed measure,177.0,,,,,,False,,,,,,,,False,robust,no_clearance_value,,,,,,,M_Word Reading (Timed)
word_writing,writing,literacy,2025-08,Q2_2025,trend_point,pooled:aug_tool+july_tool,Aug tool / Q2 2025 tool + July tool (used 4-8 Aug 2025),aug_tool+july_tool,False,stack_with_caveat,pct,pct_students_cleared,>=75% of items,51.0,13.0,49.01960784313726,,,,True,49.01960784313726,67.6470588235294,,,,,,True,moderate,crosswalk_caveat;perfect_score_required;pooled_sources,n_weighted,,,,,,A_WR|J_WW
word_writing,writing,literacy,2025-08,Q2_2025,source_detail,aug_tool,Aug tool / Q2 2025 tool,aug_tool,False,stack_with_caveat,pct,pct_students_cleared,>=75% of items,22.0,6.0,40.909090909090914,10.482356110715555,23.25555966882038,61.26552261710619,True,40.909090909090914,63.63636363636363,50.0,35.125008665710446,,,3.0,True,thin,thin_n;perfect_score_required;crosswalk_caveat,,,,,,,A_WR
word_writing,writing,literacy,2025-08,Q2_2025,source_detail,july_tool,July tool (used 4-8 Aug 2025),july_tool,False,stack_with_caveat,pct,pct_students_cleared,>=75% of items,29.0,7.0,55.172413793103445,9.234952598786016,37.547667068067625,71.5870888512542,True,55.172413793103445,70.6896551724138,100.0,36.638293246543356,,,3.0,True,thin,thin_n;perfect_score_required;crosswalk_caveat,,,,,,,J_WW
word_writing,writing,literacy,2025-09,Q2_2025,trend_point,aug_tool,Aug tool / Q2 2025 tool,aug_tool,False,stack_with_caveat,pct,pct_students_cleared,>=75% of items,59.0,12.0,61.016949152542374,6.349465253568698,48.26610956186712,72.42082393441561,True,61.016949152542374,75.42372881355932,100.0,33.95341808491934,,,3.0,True,moderate,perfect_score_required;crosswalk_caveat,single_source,2025-08,1,11.997341309405115,False,cross_tool_caveat,A_WR
word_writing,writing,literacy,2025-09,Q2_2025,source_detail,aug_tool,Aug tool / Q2 2025 tool,aug_tool,False,stack_with_caveat,pct,pct_students_cleared,>=75% of items,59.0,12.0,61.016949152542374,6.349465253568698,48.26610956186712,72.42082393441561,True,61.016949152542374,75.42372881355932,100.0,33.95341808491934,,,3.0,True,moderate,perfect_score_required;crosswalk_caveat,,,,,,,A_WR
word_writing,writing,literacy,2025-10,Q3_2025,trend_point,q3_2025_tool,Q3 2025 tool,q3_2025_tool,False,stack_with_caveat,pct,pct_students_cleared,>=75% of items,20.0,5.0,40.0,10.954451150103322,21.880396741419272,61.342205768479396,True,40.0,51.25,50.0,36.702036369719465,,,5.0,False,thin,thin_n;crosswalk_caveat,single_source,2025-09,1,-21.016949152542374,False,cross_tool_caveat,Q3_WW
word_writing,writing,literacy,2025-10,Q3_2025,source_detail,q3_2025_tool,Q3 2025 tool,q3_2025_tool,False,stack_with_caveat,pct,pct_students_cleared,>=75% of items,20.0,5.0,40.0,10.954451150103322,21.880396741419272,61.342205768479396,True,40.0,51.25,50.0,36.702036369719465,,,5.0,False,thin,thin_n;crosswalk_caveat,,,,,,,Q3_WW
word_writing,writing,literacy,2025-11,Q3_2025,trend_point,q3_2025_tool,Q3 2025 tool,q3_2025_tool,False,stack_with_caveat,pct,pct_students_cleared,>=75% of items,66.0,17.0,46.96969696969697,6.143260983244205,35.430230971911904,58.84252337506756,True,46.96969696969697,56.43939393939394,50.0,36.244523740359746,,,5.0,False,moderate,crosswalk_caveat,single_source,2025-10,1,6.969696969696969,True,within_tool,Q3_WW
word_writing,writing,literacy,2025-11,Q3_2025,source_detail,q3_2025_tool,Q3 2025 tool,q3_2025_tool,False,stack_with_caveat,pct,pct_students_cleared,>=75% of items,66.0,17.0,46.96969696969697,6.143260983244205,35.430230971911904,58.84252337506756,True,46.96969696969697,56.43939393939394,50.0,36.244523740359746,,,5.0,False,moderate,crosswalk_caveat,,,,,,,Q3_WW
word_writing,writing,literacy,2025-11,Q3_2025,source_detail,did_baseline,DiD baseline (Nov 2025),did,True,stack,pct,did_pct_correct,DiD % correct used directly,,,37.7,,,,True,,37.7,,,,,,False,n_unknown,n_unknown_n;baseline_pct_correct_not_clearance,,,,,,,B_Word Writing
word_writing,writing,literacy,2025-11,Q3_2025,reference_point,did_baseline,DiD baseline (Nov 2025),did,True,stack,pct,did_pct_correct,DiD % correct used directly,,,37.7,,,,True,,37.7,,,,,,False,n_unknown,n_unknown_n;baseline_pct_correct_not_clearance,single_source,,,,,,B_Word Writing
word_writing,writing,literacy,2025-12,Q3_2025,trend_point,q3_2025_tool,Q3 2025 tool,q3_2025_tool,False,stack_with_caveat,pct,pct_students_cleared,>=75% of items,37.0,11.0,35.13513513513514,7.848284013769638,21.82540663110087,51.24127048243044,True,35.13513513513514,41.21621621621622,25.0,39.623320248403054,,,5.0,False,moderate,crosswalk_caveat,single_source,2025-11,1,-11.834561834561832,True,within_tool,Q3_WW
word_writing,writing,literacy,2025-12,Q3_2025,source_detail,q3_2025_tool,Q3 2025 tool,q3_2025_tool,False,stack_with_caveat,pct,pct_students_cleared,>=75% of items,37.0,11.0,35.13513513513514,7.848284013769638,21.82540663110087,51.24127048243044,True,35.13513513513514,41.21621621621622,25.0,39.623320248403054,,,5.0,False,moderate,crosswalk_caveat,,,,,,,Q3_WW
word_writing,writing,literacy,2026-03,Q4_2025,trend_point,did_midline,25-26 End of Year (Mar 2026),did,True,stack,pct,slide_top_band_gt75,slide top band (>75%),177.0,,43.0,,,,True,,58.0,,,,,,False,robust,slide_band_gt75_not_ge75,single_source,2025-12,3,7.864864864864863,False,cross_tool_caveat,M_Word Writing
word_writing,writing,literacy,2026-03,Q4_2025,source_detail,did_midline,25-26 End of Year (Mar 2026),did,True,stack,pct,slide_top_band_gt75,slide top band (>75%),177.0,,43.0,,,,True,,58.0,,,,,,False,robust,slide_band_gt75_not_ge75,,,,,,,M_Word Writing
word_writing,writing,literacy,2026-04,Q1_2026,trend_point,q1_2026_tool,Q1 2026 tool (G2 battery),2026_tool,False,stack,pct,pct_students_cleared,>=75% of items,85.0,,57.647058823529406,5.359458369637387,47.03615766027552,67.5966269811537,True,57.647058823529406,62.05882352941177,75.0,37.123459705477366,,,5.0,False,moderate,,single_source,2026-03,1,14.647058823529406,False,cross_tool_matched_construct,N1_Word Writing
word_writing,writing,literacy,2026-04,Q1_2026,source_detail,q1_2026_tool,Q1 2026 tool (G2 battery),2026_tool,False,stack,pct,pct_students_cleared,>=75% of items,85.0,,57.647058823529406,5.359458369637387,47.03615766027552,67.5966269811537,True,57.647058823529406,62.05882352941177,75.0,37.123459705477366,,,5.0,False,moderate,,,,,,,,N1_Word Writing
word_writing,writing,literacy,2026-05,Q1_2026,trend_point,q1_2026_tool,Q1 2026 tool (G2 battery),2026_tool,False,stack,pct,pct_students_cleared,>=75% of items,90.0,,62.22222222222222,5.110574314269731,51.89957287533067,71.54418767436157,True,62.22222222222222,68.33333333333333,75.0,34.30694233147034,,,5.0,False,moderate,,single_source,2026-04,1,4.5751633986928155,True,within_tool,N1_Word Writing
word_writing,writing,literacy,2026-05,Q1_2026,source_detail,q1_2026_tool,Q1 2026 tool (G2 battery),2026_tool,False,stack,pct,pct_students_cleared,>=75% of items,90.0,,62.22222222222222,5.110574314269731,51.89957287533067,71.54418767436157,True,62.22222222222222,68.33333333333333,75.0,34.30694233147034,,,5.0,False,moderate,,,,,,,,N1_Word Writing
word_writing,writing,literacy,2026-07,Q2_2026,trend_point,q2_2026_tool,Q2 2026 tool,2026_tool,False,stack,pct,pct_students_cleared,>=75% of items,963.0,,56.80166147455867,1.5962499541364072,53.65209102681301,59.89718116006848,True,56.80166147455867,61.163032191069576,75.0,36.583533040929204,,,5.0,False,robust,,single_source,2026-05,2,-5.420560747663551,True,within_tool,N2_Word Writing
word_writing,writing,literacy,2026-07,Q2_2026,source_detail,q2_2026_tool,Q2 2026 tool,2026_tool,False,stack,pct,pct_students_cleared,>=75% of items,963.0,,56.80166147455867,1.5962499541364072,53.65209102681301,59.89718116006848,True,56.80166147455867,61.163032191069576,75.0,36.583533040929204,,,5.0,False,robust,,,,,,,,N2_Word Writing
word_writing,writing,literacy,2026-08,Q2_2026,trend_point,q2_2026_tool,Q2 2026 tool,2026_tool,False,stack,pct,pct_students_cleared,>=75% of items,398.0,,56.28140703517588,2.4864173362482993,51.37095780961087,61.07175593630294,True,56.28140703517588,59.98743718592965,75.0,36.78431029794552,,,5.0,False,robust,,single_source,2026-07,1,-0.5202544393827893,True,within_tool,N2_Word Writing
word_writing,writing,literacy,2026-08,Q2_2026,source_detail,q2_2026_tool,Q2 2026 tool,2026_tool,False,stack,pct,pct_students_cleared,>=75% of items,398.0,,56.28140703517588,2.4864173362482993,51.37095780961087,61.07175593630294,True,56.28140703517588,59.98743718592965,75.0,36.78431029794552,,,5.0,False,robust,,,,,,,,N2_Word Writing
add_sub_1digit_combined,addition,numeracy,2025-08,Q2_2025,trend_point,july_tool,July tool (used 4-8 Aug 2025),july_tool,False,single_source,pct,pct_students_cleared,>=75% of items,29.0,7.0,68.96551724137932,8.590911709007583,50.76952952728146,82.72457551023193,True,,79.3103448275862,100.0,34.11441196105065,,,3.0,True,thin,thin_n;perfect_score_required;single_source,single_source,,,,,,J_ADDSUB
add_sub_1digit_combined,addition,numeracy,2025-08,Q2_2025,source_detail,july_tool,July tool (used 4-8 Aug 2025),july_tool,False,single_source,pct,pct_students_cleared,>=75% of items,29.0,7.0,68.96551724137932,8.590911709007583,50.76952952728146,82.72457551023193,True,,79.3103448275862,100.0,34.11441196105065,,,3.0,True,thin,thin_n;perfect_score_required;single_source,,,,,,,J_ADDSUB
addition,addition,numeracy,2025-10,Q3_2025,trend_point,q3_2025_tool,Q3 2025 tool,q3_2025_tool,False,stack_with_caveat,pct,pct_students_cleared,>=2 of 3 items (tool rule at the time),20.0,5.0,90.0,6.708203932499368,69.89617935882066,97.21341060158468,True,90.0,90.0,100.0,26.71049030620106,,,4.0,False,thin,thin_n;cleared_at_2_of_3;crosswalk_caveat,single_source,,,,,,Q3_ADD
addition,addition,numeracy,2025-10,Q3_2025,source_detail,q3_2025_tool,Q3 2025 tool,q3_2025_tool,False,stack_with_caveat,pct,pct_students_cleared,>=2 of 3 items (tool rule at the time),20.0,5.0,90.0,6.708203932499368,69.89617935882066,97.21341060158468,True,90.0,90.0,100.0,26.71049030620106,,,4.0,False,thin,thin_n;cleared_at_2_of_3;crosswalk_caveat,,,,,,,Q3_ADD
addition,addition,numeracy,2025-11,Q3_2025,trend_point,q3_2025_tool,Q3 2025 tool,q3_2025_tool,False,stack_with_caveat,pct,pct_students_cleared,>=2 of 3 items (tool rule at the time),66.0,17.0,90.9090909090909,3.5386315643705597,81.55105617491718,95.76676014086023,True,90.9090909090909,87.87878787878788,100.0,23.120911196934575,,,4.0,False,moderate,cleared_at_2_of_3;crosswalk_caveat,single_source,2025-10,1,0.9090909090909065,True,within_tool,Q3_ADD
addition,addition,numeracy,2025-11,Q3_2025,source_detail,q3_2025_tool,Q3 2025 tool,q3_2025_tool,False,stack_with_caveat,pct,pct_students_cleared,>=2 of 3 items (tool rule at the time),66.0,17.0,90.9090909090909,3.5386315643705597,81.55105617491718,95.76676014086023,True,90.9090909090909,87.87878787878788,100.0,23.120911196934575,,,4.0,False,moderate,cleared_at_2_of_3;crosswalk_caveat,,,,,,,Q3_ADD
addition,addition,numeracy,2025-12,Q3_2025,trend_point,q3_2025_tool,Q3 2025 tool,q3_2025_tool,False,stack_with_caveat,pct,pct_students_cleared,>=2 of 3 items (tool rule at the time),37.0,11.0,78.37837837837837,6.7677047900075795,62.804538726123106,88.61362314804441,True,78.37837837837837,77.47747747747748,100.0,38.53333818247282,,,4.0,False,moderate,cleared_at_2_of_3;crosswalk_caveat,single_source,2025-11,1,-12.530712530712535,True,within_tool,Q3_ADD
addition,addition,numeracy,2025-12,Q3_2025,source_detail,q3_2025_tool,Q3 2025 tool,q3_2025_tool,False,stack_with_caveat,pct,pct_students_cleared,>=2 of 3 items (tool rule at the time),37.0,11.0,78.37837837837837,6.7677047900075795,62.804538726123106,88.61362314804441,True,78.37837837837837,77.47747747747748,100.0,38.53333818247282,,,4.0,False,moderate,cleared_at_2_of_3;crosswalk_caveat,,,,,,,Q3_ADD
addition,addition,numeracy,2026-04,Q1_2026,trend_point,q1_2026_tool,Q1 2026 tool (G2 battery),2026_tool,False,stack_with_caveat,pct,pct_students_cleared,>=75% of items,85.0,,83.52941176470588,4.023136831047023,74.23150301896175,89.92762963961263,True,83.52941176470588,81.47058823529412,100.0,35.17662516477659,,,4.0,False,moderate,crosswalk_caveat,single_source,2025-12,4,5.151033386327512,False,cross_tool_caveat,N1_Addition
addition,addition,numeracy,2026-04,Q1_2026,source_detail,q1_2026_tool,Q1 2026 tool (G2 battery),2026_tool,False,stack_with_caveat,pct,pct_students_cleared,>=75% of items,85.0,,83.52941176470588,4.023136831047023,74.23150301896175,89.92762963961263,True,83.52941176470588,81.47058823529412,100.0,35.17662516477659,,,4.0,False,moderate,crosswalk_caveat,,,,,,,N1_Addition
addition,addition,numeracy,2026-05,Q1_2026,trend_point,q1_2026_tool,Q1 2026 tool (G2 battery),2026_tool,False,stack_with_caveat,pct,pct_students_cleared,>=75% of items,90.0,,86.66666666666667,3.583225665910466,78.12588689264784,92.20539475642889,True,86.66666666666667,87.5,100.0,28.356181578411878,,,5.0,False,moderate,crosswalk_caveat,single_source,2026-04,1,3.1372549019607874,True,within_tool,N1_Addition
addition,addition,numeracy,2026-05,Q1_2026,source_detail,q1_2026_tool,Q1 2026 tool (G2 battery),2026_tool,False,stack_with_caveat,pct,pct_students_cleared,>=75% of items,90.0,,86.66666666666667,3.583225665910466,78.12588689264784,92.20539475642889,True,86.66666666666667,87.5,100.0,28.356181578411878,,,5.0,False,moderate,crosswalk_caveat,,,,,,,N1_Addition
addition,addition,numeracy,2026-07,Q2_2026,trend_point,q2_2026_tool,Q2 2026 tool,2026_tool,False,stack_with_caveat,pct,pct_students_cleared,>=75% of items,963.0,,80.26998961578401,1.2824106521095973,77.63830836102365,82.66112434853294,True,80.26998961578401,79.72481827622015,100.0,35.79004491203971,,,5.0,False,robust,crosswalk_caveat,single_source,2026-05,2,-6.3966770508826585,True,within_tool,N2_Addition
addition,addition,numeracy,2026-07,Q2_2026,source_detail,q2_2026_tool,Q2 2026 tool,2026_tool,False,stack_with_caveat,pct,pct_students_cleared,>=75% of items,963.0,,80.26998961578401,1.2824106521095973,77.63830836102365,82.66112434853294,True,80.26998961578401,79.72481827622015,100.0,35.79004491203971,,,5.0,False,robust,crosswalk_caveat,,,,,,,N2_Addition
addition,addition,numeracy,2026-08,Q2_2026,trend_point,q2_2026_tool,Q2 2026 tool,2026_tool,False,stack_with_caveat,pct,pct_students_cleared,>=75% of items,398.0,,76.88442211055276,2.1131485045936516,72.49747647420153,80.75733835830957,True,76.88442211055276,76.63316582914572,100.0,37.480085130480276,,,5.0,False,robust,crosswalk_caveat,single_source,2026-07,1,-3.3855675052312506,True,within_tool,N2_Addition
addition,addition,numeracy,2026-08,Q2_2026,source_detail,q2_2026_tool,Q2 2026 tool,2026_tool,False,stack_with_caveat,pct,pct_students_cleared,>=75% of items,398.0,,76.88442211055276,2.1131485045936516,72.49747647420153,80.75733835830957,True,76.88442211055276,76.63316582914572,100.0,37.480085130480276,,,5.0,False,robust,crosswalk_caveat,,,,,,,N2_Addition
addition_1digit,addition,numeracy,2025-08,Q2_2025,trend_point,aug_tool,Aug tool / Q2 2025 tool,aug_tool,False,stack_with_caveat,pct,pct_students_cleared,>=75% of items,22.0,6.0,77.27272727272727,8.934606739851096,56.55964393704065,89.87710920517964,True,77.27272727272727,81.81818181818181,100.0,29.054360157398825,,,5.0,False,thin,thin_n;crosswalk_caveat,single_source,,,,,,A_ADD1
addition_1digit,addition,numeracy,2025-08,Q2_2025,source_detail,aug_tool,Aug tool / Q2 2025 tool,aug_tool,False,stack_with_caveat,pct,pct_students_cleared,>=75% of items,22.0,6.0,77.27272727272727,8.934606739851096,56.55964393704065,89.87710920517964,True,77.27272727272727,81.81818181818181,100.0,29.054360157398825,,,5.0,False,thin,thin_n;crosswalk_caveat,,,,,,,A_ADD1
addition_1digit,addition,numeracy,2025-08,Q2_2025,source_detail,july_tool,July tool (used 4-8 Aug 2025),july_tool,False,stack_with_caveat,pct,pct_students_cleared,>=75% of items,,7.0,,,,,False,79.3103448275862,,,,,,,False,n_unknown,no_clearance_value;crosswalk_caveat,,,,,,,J_ADD
addition_1digit,addition,numeracy,2025-09,Q2_2025,trend_point,aug_tool,Aug tool / Q2 2025 tool,aug_tool,False,stack_with_caveat,pct,pct_students_cleared,>=75% of items,59.0,12.0,88.13559322033898,4.20990867031827,77.47612422658494,94.132491722086,True,88.13559322033898,85.59322033898304,100.0,25.513430299697262,,,5.0,False,moderate,crosswalk_caveat,single_source,2025-08,1,10.86286594761171,True,within_tool,A_ADD1
addition_1digit,addition,numeracy,2025-09,Q2_2025,source_detail,aug_tool,Aug tool / Q2 2025 tool,aug_tool,False,stack_with_caveat,pct,pct_students_cleared,>=75% of items,59.0,12.0,88.13559322033898,4.20990867031827,77.47612422658494,94.132491722086,True,88.13559322033898,85.59322033898304,100.0,25.513430299697262,,,5.0,False,moderate,crosswalk_caveat,,,,,,,A_ADD1
addition_2digit,addition,numeracy,2025-11,Q3_2025,trend_point,did_baseline,DiD baseline (Nov 2025),did,True,stack,pct,did_pct_correct,DiD % correct used directly,,,60.150000000000006,,,,True,,60.150000000000006,,,,,,False,n_unknown,n_unknown_n;baseline_pct_correct_not_clearance,single_source,,,,,,B_Addition Level 2
addition_2digit,addition,numeracy,2025-11,Q3_2025,source_detail,did_baseline,DiD baseline (Nov 2025),did,True,stack,pct,did_pct_correct,DiD % correct used directly,,,60.150000000000006,,,,True,,60.150000000000006,,,,,,False,n_unknown,n_unknown_n;baseline_pct_correct_not_clearance,,,,,,,B_Addition Level 2
addition_2digit,addition,numeracy,2026-03,Q4_2025,trend_point,did_midline,25-26 End of Year (Mar 2026),did,True,stack,pct,slide_top_band_gt75,slide top band (>75%),177.0,,31.0,,,,True,,53.0,,,,,,False,robust,slide_band_gt75_not_ge75,single_source,2025-11,4,-29.150000000000006,True,metric_basis_changed,M_Addition 2
addition_2digit,addition,numeracy,2026-03,Q4_2025,source_detail,did_midline,25-26 End of Year (Mar 2026),did,True,stack,pct,slide_top_band_gt75,slide top band (>75%),177.0,,31.0,,,,True,,53.0,,,,,,False,robust,slide_band_gt75_not_ge75,,,,,,,M_Addition 2
data_handling,data_handling,numeracy,2025-11,Q3_2025,trend_point,did_baseline,DiD baseline (Nov 2025),did,True,stack,pct,did_pct_correct,DiD % correct used directly,,,65.15,,,,True,,65.15,,,,,,False,n_unknown,n_unknown_n;baseline_pct_correct_not_clearance,single_source,,,,,,B_Data Handling
data_handling,data_handling,numeracy,2025-11,Q3_2025,source_detail,did_baseline,DiD baseline (Nov 2025),did,True,stack,pct,did_pct_correct,DiD % correct used directly,,,65.15,,,,True,,65.15,,,,,,False,n_unknown,n_unknown_n;baseline_pct_correct_not_clearance,,,,,,,B_Data Handling
data_handling,data_handling,numeracy,2026-03,Q4_2025,trend_point,did_midline,25-26 End of Year (Mar 2026),did,True,stack,pct,slide_top_band_gt75,slide top band (>75%),177.0,,30.0,,,,True,,,,,,,,False,robust,slide_band_gt75_not_ge75,single_source,2025-11,4,-35.150000000000006,True,metric_basis_changed,M_Data Handling
data_handling,data_handling,numeracy,2026-03,Q4_2025,source_detail,did_midline,25-26 End of Year (Mar 2026),did,True,stack,pct,slide_top_band_gt75,slide top band (>75%),177.0,,30.0,,,,True,,,,,,,,False,robust,slide_band_gt75_not_ge75,,,,,,,M_Data Handling
measurement,measurement,numeracy,2025-11,Q3_2025,trend_point,did_baseline,DiD baseline (Nov 2025),did,True,stack,pct,did_pct_correct,DiD % correct used directly,,,83.85,,,,True,,83.85,,,,,,False,n_unknown,n_unknown_n;baseline_pct_correct_not_clearance,single_source,,,,,,B_Measurement
measurement,measurement,numeracy,2025-11,Q3_2025,source_detail,did_baseline,DiD baseline (Nov 2025),did,True,stack,pct,did_pct_correct,DiD % correct used directly,,,83.85,,,,True,,83.85,,,,,,False,n_unknown,n_unknown_n;baseline_pct_correct_not_clearance,,,,,,,B_Measurement
measurement,measurement,numeracy,2026-03,Q4_2025,trend_point,did_midline,25-26 End of Year (Mar 2026),did,True,stack,pct,slide_top_band_gt75,slide top band (>75%),177.0,,72.0,,,,True,,93.0,,,,,,False,robust,slide_band_gt75_not_ge75,single_source,2025-11,4,-11.849999999999994,True,metric_basis_changed,M_Measurement
measurement,measurement,numeracy,2026-03,Q4_2025,source_detail,did_midline,25-26 End of Year (Mar 2026),did,True,stack,pct,slide_top_band_gt75,slide top band (>75%),177.0,,72.0,,,,True,,93.0,,,,,,False,robust,slide_band_gt75_not_ge75,,,,,,,M_Measurement
money,money,numeracy,2025-11,Q3_2025,trend_point,did_baseline,DiD baseline (Nov 2025),did,True,single_source,pct,did_pct_correct,DiD % correct used directly,,,64.4,,,,True,,64.4,,,,,,False,n_unknown,n_unknown_n;baseline_pct_correct_not_clearance;single_source,single_source,,,,,,B_Money
money,money,numeracy,2025-11,Q3_2025,source_detail,did_baseline,DiD baseline (Nov 2025),did,True,single_source,pct,did_pct_correct,DiD % correct used directly,,,64.4,,,,True,,64.4,,,,,,False,n_unknown,n_unknown_n;baseline_pct_correct_not_clearance;single_source,,,,,,,B_Money
multiplication,multiplication,numeracy,2025-11,Q3_2025,trend_point,did_baseline,DiD baseline (Nov 2025),did,True,stack,pct,did_pct_correct,DiD % correct used directly,,,80.15,,,,True,,80.15,,,,,,False,n_unknown,n_unknown_n;baseline_pct_correct_not_clearance,single_source,,,,,,B_Multiplication
multiplication,multiplication,numeracy,2025-11,Q3_2025,source_detail,did_baseline,DiD baseline (Nov 2025),did,True,stack,pct,did_pct_correct,DiD % correct used directly,,,80.15,,,,True,,80.15,,,,,,False,n_unknown,n_unknown_n;baseline_pct_correct_not_clearance,,,,,,,B_Multiplication
multiplication,multiplication,numeracy,2026-03,Q4_2025,trend_point,did_midline,25-26 End of Year (Mar 2026),did,True,stack,pct,slide_top_band_gt75,slide top band (>75%),177.0,,39.0,,,,True,,,,,,,,False,robust,slide_band_gt75_not_ge75,single_source,2025-11,4,-41.150000000000006,True,metric_basis_changed,M_Multiplication
multiplication,multiplication,numeracy,2026-03,Q4_2025,source_detail,did_midline,25-26 End of Year (Mar 2026),did,True,stack,pct,slide_top_band_gt75,slide top band (>75%),177.0,,39.0,,,,True,,,,,,,,False,robust,slide_band_gt75_not_ge75,,,,,,,M_Multiplication
number_comparison,number_sense,numeracy,2025-08,Q2_2025,trend_point,pooled:aug_tool+july_tool,Aug tool / Q2 2025 tool + July tool (used 4-8 Aug 2025),aug_tool+july_tool,False,stack_with_caveat,pct,pct_students_cleared,>=75% of items,51.0,13.0,82.3529411764706,,,,True,82.3529411764706,82.84313725490196,,,,,,False,moderate,ceiling;crosswalk_caveat;perfect_score_required;pooled_sources,n_weighted,,,,,,A_NC|J_NC
number_comparison,number_sense,numeracy,2025-08,Q2_2025,source_detail,aug_tool,Aug tool / Q2 2025 tool,aug_tool,False,stack_with_caveat,pct,pct_students_cleared,>=75% of items,22.0,6.0,95.45454545454545,4.440947367810882,78.20151050048196,99.19307806988522,True,95.45454545454545,96.5909090909091,100.0,11.689063227401888,,,3.0,False,thin,thin_n;ceiling;crosswalk_caveat,,,,,,,A_NC
number_comparison,number_sense,numeracy,2025-08,Q2_2025,source_detail,july_tool,July tool (used 4-8 Aug 2025),july_tool,False,stack_with_caveat,pct,pct_students_cleared,>=75% of items,29.0,7.0,72.41379310344827,8.299609211231937,54.28252365556403,85.30141866149725,True,72.41379310344827,72.41379310344827,100.0,45.48588261473421,,,2.0,True,thin,thin_n;perfect_score_required;crosswalk_caveat,,,,,,,J_NC
number_comparison,number_sense,numeracy,2025-09,Q2_2025,trend_point,aug_tool,Aug tool / Q2 2025 tool,aug_tool,False,stack_with_caveat,pct,pct_students_cleared,>=75% of items,59.0,12.0,93.22033898305084,3.2729044225512474,83.82425011833288,97.33218129016085,True,93.22033898305084,94.0677966101695,100.0,20.41539683229274,,,4.0,False,moderate,crosswalk_caveat,single_source,2025-08,1,10.867397806580243,False,cross_tool_caveat,A_NC
number_comparison,number_sense,numeracy,2025-09,Q2_2025,source_detail,aug_tool,Aug tool / Q2 2025 tool,aug_tool,False,stack_with_caveat,pct,pct_students_cleared,>=75% of items,59.0,12.0,93.22033898305084,3.2729044225512474,83.82425011833288,97.33218129016085,True,93.22033898305084,94.0677966101695,100.0,20.41539683229274,,,4.0,False,moderate,crosswalk_caveat,,,,,,,A_NC
number_comparison,number_sense,numeracy,2025-11,Q3_2025,trend_point,did_baseline,DiD baseline (Nov 2025),did,True,stack,pct,did_pct_correct,DiD % correct used directly,,,67.45,,,,True,,67.45,,,,,,False,n_unknown,n_unknown_n;baseline_pct_correct_not_clearance,single_source,2025-09,2,-25.770338983050834,False,metric_basis_changed,B_Number Comparison
number_comparison,number_sense,numeracy,2025-11,Q3_2025,source_detail,did_baseline,DiD baseline (Nov 2025),did,True,stack,pct,did_pct_correct,DiD % correct used directly,,,67.45,,,,True,,67.45,,,,,,False,n_unknown,n_unknown_n;baseline_pct_correct_not_clearance,,,,,,,B_Number Comparison
number_comparison,number_sense,numeracy,2026-03,Q4_2025,trend_point,did_midline,25-26 End of Year (Mar 2026),did,True,stack,pct,slide_top_band_gt75,slide top band (>75%),177.0,,58.0,,,,True,,75.0,,,,,,False,robust,slide_band_gt75_not_ge75,single_source,2025-11,4,-9.450000000000003,True,metric_basis_changed,M_Number comparison
number_comparison,number_sense,numeracy,2026-03,Q4_2025,source_detail,did_midline,25-26 End of Year (Mar 2026),did,True,stack,pct,slide_top_band_gt75,slide top band (>75%),177.0,,58.0,,,,True,,75.0,,,,,,False,robust,slide_band_gt75_not_ge75,,,,,,,M_Number comparison
number_pattern,pattern,numeracy,2025-11,Q3_2025,trend_point,did_baseline,DiD baseline (Nov 2025),did,True,stack,pct,did_pct_correct,DiD % correct used directly,,,28.2,,,,True,,28.2,,,,,,False,n_unknown,n_unknown_n;baseline_pct_correct_not_clearance,single_source,,,,,,B_Number Pattern
number_pattern,pattern,numeracy,2025-11,Q3_2025,source_detail,did_baseline,DiD baseline (Nov 2025),did,True,stack,pct,did_pct_correct,DiD % correct used directly,,,28.2,,,,True,,28.2,,,,,,False,n_unknown,n_unknown_n;baseline_pct_correct_not_clearance,,,,,,,B_Number Pattern
number_pattern,pattern,numeracy,2026-03,Q4_2025,trend_point,did_midline,25-26 End of Year (Mar 2026),did,True,stack,pct,slide_top_band_gt75,slide top band (>75%),177.0,,10.0,,,,True,,30.0,,,,,,False,robust,slide_band_gt75_not_ge75,single_source,2025-11,4,-18.2,True,metric_basis_changed,M_Number Pattern
number_pattern,pattern,numeracy,2026-03,Q4_2025,source_detail,did_midline,25-26 End of Year (Mar 2026),did,True,stack,pct,slide_top_band_gt75,slide top band (>75%),177.0,,10.0,,,,True,,30.0,,,,,,False,robust,slide_band_gt75_not_ge75,,,,,,,M_Number Pattern
number_recognition,number_sense,numeracy,2025-10,Q3_2025,trend_point,q3_2025_tool,Q3 2025 tool,q3_2025_tool,False,stack_with_caveat,pct,pct_students_cleared,>=75% of items,20.0,5.0,60.0,10.954451150103322,38.65779423152061,78.11960325858074,True,60.0,63.75,75.0,35.79455265819088,,,5.0,False,thin,thin_n;crosswalk_caveat,single_source,,,,,,Q3_NR
number_recognition,number_sense,numeracy,2025-10,Q3_2025,source_detail,q3_2025_tool,Q3 2025 tool,q3_2025_tool,False,stack_with_caveat,pct,pct_students_cleared,>=75% of items,20.0,5.0,60.0,10.954451150103322,38.65779423152061,78.11960325858074,True,60.0,63.75,75.0,35.79455265819088,,,5.0,False,thin,thin_n;crosswalk_caveat,,,,,,,Q3_NR
number_recognition,number_sense,numeracy,2025-11,Q3_2025,trend_point,q3_2025_tool,Q3 2025 tool,q3_2025_tool,False,stack_with_caveat,pct,pct_students_cleared,>=75% of items,66.0,17.0,59.09090909090909,6.051991122263145,47.048971538288946,70.13276542077269,True,59.09090909090909,64.77272727272727,75.0,37.46210206207189,,,5.0,False,moderate,crosswalk_caveat,single_source,2025-10,1,-0.9090909090909065,True,within_tool,Q3_NR
number_recognition,number_sense,numeracy,2025-11,Q3_2025,source_detail,q3_2025_tool,Q3 2025 tool,q3_2025_tool,False,stack_with_caveat,pct,pct_students_cleared,>=75% of items,66.0,17.0,59.09090909090909,6.051991122263145,47.048971538288946,70.13276542077269,True,59.09090909090909,64.77272727272727,75.0,37.46210206207189,,,5.0,False,moderate,crosswalk_caveat,,,,,,,Q3_NR
number_recognition,number_sense,numeracy,2025-11,Q3_2025,source_detail,did_baseline,DiD baseline (Nov 2025),did,True,stack,pct,did_pct_correct,DiD % correct used directly,,,69.8,,,,True,,69.8,,,,,,False,n_unknown,n_unknown_n;baseline_pct_correct_not_clearance,,,,,,,B_Number Identification Untimed
number_recognition,number_sense,numeracy,2025-11,Q3_2025,reference_point,did_baseline,DiD baseline (Nov 2025),did,True,stack,pct,did_pct_correct,DiD % correct used directly,,,69.8,,,,True,,69.8,,,,,,False,n_unknown,n_unknown_n;baseline_pct_correct_not_clearance,single_source,,,,,,B_Number Identification Untimed
number_recognition,number_sense,numeracy,2025-12,Q3_2025,trend_point,q3_2025_tool,Q3 2025 tool,q3_2025_tool,False,stack_with_caveat,pct,pct_students_cleared,>=75% of items,37.0,11.0,45.94594594594595,8.192885255111733,31.038327828457724,61.616220475232645,True,45.94594594594595,51.351351351351354,50.0,41.64413805368331,,,5.0,False,moderate,crosswalk_caveat,single_source,2025-11,1,-13.144963144963143,True,within_tool,Q3_NR
number_recognition,number_sense,numeracy,2025-12,Q3_2025,source_detail,q3_2025_tool,Q3 2025 tool,q3_2025_tool,False,stack_with_caveat,pct,pct_students_cleared,>=75% of items,37.0,11.0,45.94594594594595,8.192885255111733,31.038327828457724,61.616220475232645,True,45.94594594594595,51.351351351351354,50.0,41.64413805368331,,,5.0,False,moderate,crosswalk_caveat,,,,,,,Q3_NR
number_recognition,number_sense,numeracy,2026-03,Q4_2025,trend_point,did_midline,25-26 End of Year (Mar 2026),did,True,stack,pct,slide_top_band_gt75,slide top band (>75%),177.0,,52.0,,,,True,,73.0,,,,,,False,robust,slide_band_gt75_not_ge75,single_source,2025-12,3,6.054054054054049,False,cross_tool_caveat,M_Number Identification Untimed
number_recognition,number_sense,numeracy,2026-03,Q4_2025,source_detail,did_midline,25-26 End of Year (Mar 2026),did,True,stack,pct,slide_top_band_gt75,slide top band (>75%),177.0,,52.0,,,,True,,73.0,,,,,,False,robust,slide_band_gt75_not_ge75,,,,,,,M_Number Identification Untimed
number_recognition,number_sense,numeracy,2026-04,Q1_2026,trend_point,q1_2026_tool,Q1 2026 tool (G2 battery),2026_tool,False,stack,pct,pct_students_cleared,>=75% of items,85.0,,58.82352941176471,5.3381483116060595,48.200820902440995,68.68316137613121,True,58.82352941176471,77.94941176470589,75.0,16.143608668458736,,,8.0,False,moderate,,single_source,2026-03,1,6.82352941176471,False,cross_tool_matched_construct,N1_Number ID
number_recognition,number_sense,numeracy,2026-04,Q1_2026,source_detail,q1_2026_tool,Q1 2026 tool (G2 battery),2026_tool,False,stack,pct,pct_students_cleared,>=75% of items,85.0,,58.82352941176471,5.3381483116060595,48.200820902440995,68.68316137613121,True,58.82352941176471,77.94941176470589,75.0,16.143608668458736,,,8.0,False,moderate,,,,,,,,N1_Number ID
number_recognition,number_sense,numeracy,2026-05,Q1_2026,trend_point,q1_2026_tool,Q1 2026 tool (G2 battery),2026_tool,False,stack,pct,pct_students_cleared,>=75% of items,90.0,,64.44444444444444,5.045744108422637,54.149980634835,73.5562818329831,True,64.44444444444444,78.70888888888888,83.3,19.95041406145423,,,9.0,False,moderate,,single_source,2026-04,1,5.620915032679733,True,within_tool,N1_Number ID
number_recognition,number_sense,numeracy,2026-05,Q1_2026,source_detail,q1_2026_tool,Q1 2026 tool (G2 battery),2026_tool,False,stack,pct,pct_students_cleared,>=75% of items,90.0,,64.44444444444444,5.045744108422637,54.149980634835,73.5562818329831,True,64.44444444444444,78.70888888888888,83.3,19.95041406145423,,,9.0,False,moderate,,,,,,,,N1_Number ID
number_recognition,number_sense,numeracy,2026-07,Q2_2026,trend_point,q2_2026_tool,Q2 2026 tool,2026_tool,False,stack,pct,pct_students_cleared,>=75% of items,963.0,,59.293873312564905,1.5831485115444455,56.15992498467368,62.353966018775075,True,59.293873312564905,75.15950155763241,83.3,22.19007664751068,,,13.0,False,robust,,single_source,2026-05,2,-5.150571131879538,True,within_tool,N2_Number ID
number_recognition,number_sense,numeracy,2026-07,Q2_2026,source_detail,q2_2026_tool,Q2 2026 tool,2026_tool,False,stack,pct,pct_students_cleared,>=75% of items,963.0,,59.293873312564905,1.5831485115444455,56.15992498467368,62.353966018775075,True,59.293873312564905,75.15950155763241,83.3,22.19007664751068,,,13.0,False,robust,,,,,,,,N2_Number ID
number_recognition,number_sense,numeracy,2026-08,Q2_2026,trend_point,q2_2026_tool,Q2 2026 tool,2026_tool,False,stack,pct,pct_students_cleared,>=75% of items,398.0,,52.76381909547738,2.5024416739810484,47.85604097648526,57.618753071716796,True,52.76381909547738,72.1138190954774,75.0,20.15545591173795,,,11.0,False,robust,,single_source,2026-07,1,-6.530054217087525,True,within_tool,N2_Number ID
number_recognition,number_sense,numeracy,2026-08,Q2_2026,source_detail,q2_2026_tool,Q2 2026 tool,2026_tool,False,stack,pct,pct_students_cleared,>=75% of items,398.0,,52.76381909547738,2.5024416739810484,47.85604097648526,57.618753071716796,True,52.76381909547738,72.1138190954774,75.0,20.15545591173795,,,11.0,False,robust,,,,,,,,N2_Number ID
number_writing,number_writing,numeracy,2025-11,Q3_2025,trend_point,did_baseline,DiD baseline (Nov 2025),did,True,stack,pct,did_pct_correct,DiD % correct used directly,,,66.5,,,,True,,66.5,,,,,,False,n_unknown,n_unknown_n;baseline_pct_correct_not_clearance,single_source,,,,,,B_Number Writing
number_writing,number_writing,numeracy,2025-11,Q3_2025,source_detail,did_baseline,DiD baseline (Nov 2025),did,True,stack,pct,did_pct_correct,DiD % correct used directly,,,66.5,,,,True,,66.5,,,,,,False,n_unknown,n_unknown_n;baseline_pct_correct_not_clearance,,,,,,,B_Number Writing
number_writing,number_writing,numeracy,2026-03,Q4_2025,trend_point,did_midline,25-26 End of Year (Mar 2026),did,True,stack,pct,slide_top_band_gt75,slide top band (>75%),177.0,,48.0,,,,True,,,,,,,,False,robust,slide_band_gt75_not_ge75,single_source,2025-11,4,-18.5,True,metric_basis_changed,M_Number Writing
number_writing,number_writing,numeracy,2026-03,Q4_2025,source_detail,did_midline,25-26 End of Year (Mar 2026),did,True,stack,pct,slide_top_band_gt75,slide top band (>75%),177.0,,48.0,,,,True,,,,,,,,False,robust,slide_band_gt75_not_ge75,,,,,,,M_Number Writing
pattern,pattern,numeracy,2025-08,Q2_2025,trend_point,july_tool,July tool (used 4-8 Aug 2025),july_tool,False,stack_with_caveat,pct,pct_students_cleared,>=75% of items,29.0,7.0,37.93103448275862,9.010224214255711,22.687795730867343,55.99777379071503,True,,51.724137931034484,50.0,43.26570445821968,,,3.0,True,thin,thin_n;perfect_score_required;crosswalk_caveat,single_source,,,,,,J_PAT
pattern,pattern,numeracy,2025-08,Q2_2025,source_detail,july_tool,July tool (used 4-8 Aug 2025),july_tool,False,stack_with_caveat,pct,pct_students_cleared,>=75% of items,29.0,7.0,37.93103448275862,9.010224214255711,22.687795730867343,55.99777379071503,True,,51.724137931034484,50.0,43.26570445821968,,,3.0,True,thin,thin_n;perfect_score_required;crosswalk_caveat,,,,,,,J_PAT
pattern,pattern,numeracy,2025-10,Q3_2025,trend_point,q3_2025_tool,Q3 2025 tool,q3_2025_tool,False,stack_with_caveat,pct,pct_students_cleared,>=2 of 3 items (tool rule at the time),20.0,5.0,55.00000000000001,11.124297730643494,34.20820083075997,74.18049791429071,True,55.00000000000001,55.0,66.66666666666667,34.666329283108595,,,4.0,False,thin,thin_n;cleared_at_2_of_3;crosswalk_caveat,single_source,2025-08,2,17.068965517241388,False,cross_tool_caveat,Q3_PAT
pattern,pattern,numeracy,2025-10,Q3_2025,source_detail,q3_2025_tool,Q3 2025 tool,q3_2025_tool,False,stack_with_caveat,pct,pct_students_cleared,>=2 of 3 items (tool rule at the time),20.0,5.0,55.00000000000001,11.124297730643494,34.20820083075997,74.18049791429071,True,55.00000000000001,55.0,66.66666666666667,34.666329283108595,,,4.0,False,thin,thin_n;cleared_at_2_of_3;crosswalk_caveat,,,,,,,Q3_PAT
pattern,pattern,numeracy,2025-11,Q3_2025,trend_point,q3_2025_tool,Q3 2025 tool,q3_2025_tool,False,stack_with_caveat,pct,pct_students_cleared,>=2 of 3 items (tool rule at the time),66.0,17.0,63.63636363636363,5.921263157081178,51.57941737921341,74.19318805937907,True,63.63636363636363,62.62626262626264,66.66666666666667,31.765783621138784,,,4.0,False,moderate,cleared_at_2_of_3;crosswalk_caveat,single_source,2025-10,1,8.636363636363626,True,within_tool,Q3_PAT
pattern,pattern,numeracy,2025-11,Q3_2025,source_detail,q3_2025_tool,Q3 2025 tool,q3_2025_tool,False,stack_with_caveat,pct,pct_students_cleared,>=2 of 3 items (tool rule at the time),66.0,17.0,63.63636363636363,5.921263157081178,51.57941737921341,74.19318805937907,True,63.63636363636363,62.62626262626264,66.66666666666667,31.765783621138784,,,4.0,False,moderate,cleared_at_2_of_3;crosswalk_caveat,,,,,,,Q3_PAT
pattern,pattern,numeracy,2025-12,Q3_2025,trend_point,q3_2025_tool,Q3 2025 tool,q3_2025_tool,False,stack_with_caveat,pct,pct_students_cleared,>=2 of 3 items (tool rule at the time),37.0,11.0,48.64864864864865,8.216946643938353,33.446153327211036,64.10536277401908,True,48.64864864864865,49.54954954954955,33.333333333333336,33.90402359823215,,,4.0,False,moderate,cleared_at_2_of_3;crosswalk_caveat,single_source,2025-11,1,-14.98771498771498,True,within_tool,Q3_PAT
pattern,pattern,numeracy,2025-12,Q3_2025,source_detail,q3_2025_tool,Q3 2025 tool,q3_2025_tool,False,stack_with_caveat,pct,pct_students_cleared,>=2 of 3 items (tool rule at the time),37.0,11.0,48.64864864864865,8.216946643938353,33.446153327211036,64.10536277401908,True,48.64864864864865,49.54954954954955,33.333333333333336,33.90402359823215,,,4.0,False,moderate,cleared_at_2_of_3;crosswalk_caveat,,,,,,,Q3_PAT
pattern,pattern,numeracy,2026-04,Q1_2026,trend_point,q1_2026_tool,Q1 2026 tool (G2 battery),2026_tool,False,stack_with_caveat,pct,pct_students_cleared,>=75% of items,85.0,,47.05882352941176,5.41387050951085,36.80599197035681,57.5660139367858,True,47.05882352941176,67.45529411764706,66.7,37.43997896914586,,,4.0,True,moderate,perfect_score_required;crosswalk_caveat,single_source,2025-12,4,-1.5898251192368917,False,cross_tool_caveat,N1_Pattern
pattern,pattern,numeracy,2026-04,Q1_2026,source_detail,q1_2026_tool,Q1 2026 tool (G2 battery),2026_tool,False,stack_with_caveat,pct,pct_students_cleared,>=75% of items,85.0,,47.05882352941176,5.41387050951085,36.80599197035681,57.5660139367858,True,47.05882352941176,67.45529411764706,66.7,37.43997896914586,,,4.0,True,moderate,perfect_score_required;crosswalk_caveat,,,,,,,N1_Pattern
pattern,pattern,numeracy,2026-05,Q1_2026,trend_point,q1_2026_tool,Q1 2026 tool (G2 battery),2026_tool,False,stack_with_caveat,pct,pct_students_cleared,>=75% of items,90.0,,60.0,5.163977794943222,49.67011780834921,69.51114082321718,True,60.0,74.81888888888889,100.0,36.48557016427501,,,4.0,True,moderate,perfect_score_required;crosswalk_caveat,single_source,2026-04,1,12.941176470588239,True,within_tool,N1_Pattern
pattern,pattern,numeracy,2026-05,Q1_2026,source_detail,q1_2026_tool,Q1 2026 tool (G2 battery),2026_tool,False,stack_with_caveat,pct,pct_students_cleared,>=75% of items,90.0,,60.0,5.163977794943222,49.67011780834921,69.51114082321718,True,60.0,74.81888888888889,100.0,36.48557016427501,,,4.0,True,moderate,perfect_score_required;crosswalk_caveat,,,,,,,N1_Pattern
pattern,pattern,numeracy,2026-07,Q2_2026,trend_point,q2_2026_tool,Q2 2026 tool,2026_tool,False,stack_with_caveat,pct,pct_students_cleared,>=75% of items,963.0,,35.61786085150571,1.5431334097087133,32.655938526767706,38.69407371929205,True,35.61786085150571,59.92284527518173,66.7,38.14574383557325,,,4.0,True,robust,perfect_score_required;crosswalk_caveat,single_source,2026-05,2,-24.38213914849429,True,within_tool,N2_Pattern
pattern,pattern,numeracy,2026-07,Q2_2026,source_detail,q2_2026_tool,Q2 2026 tool,2026_tool,False,stack_with_caveat,pct,pct_students_cleared,>=75% of items,963.0,,35.61786085150571,1.5431334097087133,32.655938526767706,38.69407371929205,True,35.61786085150571,59.92284527518173,66.7,38.14574383557325,,,4.0,True,robust,perfect_score_required;crosswalk_caveat,,,,,,,N2_Pattern
pattern,pattern,numeracy,2026-08,Q2_2026,trend_point,q2_2026_tool,Q2 2026 tool,2026_tool,False,stack_with_caveat,pct,pct_students_cleared,>=75% of items,398.0,,41.45728643216081,2.469422065775581,36.72138617427442,46.35652313128279,True,41.45728643216081,62.81859296482412,66.7,38.61563427040847,,,4.0,True,robust,perfect_score_required;crosswalk_caveat,single_source,2026-07,1,5.839425580655096,True,within_tool,N2_Pattern
pattern,pattern,numeracy,2026-08,Q2_2026,source_detail,q2_2026_tool,Q2 2026 tool,2026_tool,False,stack_with_caveat,pct,pct_students_cleared,>=75% of items,398.0,,41.45728643216081,2.469422065775581,36.72138617427442,46.35652313128279,True,41.45728643216081,62.81859296482412,66.7,38.61563427040847,,,4.0,True,robust,perfect_score_required;crosswalk_caveat,,,,,,,N2_Pattern
place_value_bundles,place_value,numeracy,2025-08,Q2_2025,trend_point,pooled:aug_tool+july_tool,Aug tool / Q2 2025 tool + July tool (used 4-8 Aug 2025),aug_tool+july_tool,False,stack_with_caveat,pct,pct_students_cleared,>=75% of items,51.0,13.0,52.94117647058823,,,,True,52.94117647058823,56.86274509803921,,,,,,True,moderate,crosswalk_caveat;perfect_score_required;pooled_sources,n_weighted,,,,,,A_CIB|J_CIB
place_value_bundles,place_value,numeracy,2025-08,Q2_2025,source_detail,aug_tool,Aug tool / Q2 2025 tool,aug_tool,False,stack_with_caveat,pct,pct_students_cleared,>=75% of items,22.0,6.0,50.0,10.660035817780521,30.72180469247956,69.27819530752043,True,50.0,59.09090909090909,75.0,45.346191199229246,,,3.0,True,thin,thin_n;perfect_score_required;crosswalk_caveat,,,,,,,A_CIB
place_value_bundles,place_value,numeracy,2025-08,Q2_2025,source_detail,july_tool,July tool (used 4-8 Aug 2025),july_tool,False,stack_with_caveat,pct,pct_students_cleared,>=75% of items,29.0,7.0,55.172413793103445,9.234952598786016,37.547667068067625,71.5870888512542,True,55.172413793103445,55.172413793103445,100.0,50.612017887847564,,,2.0,True,thin,thin_n;perfect_score_required;crosswalk_caveat,,,,,,,J_CIB
place_value_bundles,place_value,numeracy,2025-09,Q2_2025,trend_point,aug_tool,Aug tool / Q2 2025 tool,aug_tool,False,stack_with_caveat,pct,pct_students_cleared,>=75% of items,59.0,12.0,57.6271186440678,6.4332650607752635,44.93425547283663,69.38746771689756,True,57.6271186440678,63.559322033898304,100.0,45.324984046801184,,,3.0,True,moderate,perfect_score_required;crosswalk_caveat,single_source,2025-08,1,4.685942173479567,False,cross_tool_caveat,A_CIB
place_value_bundles,place_value,numeracy,2025-09,Q2_2025,source_detail,aug_tool,Aug tool / Q2 2025 tool,aug_tool,False,stack_with_caveat,pct,pct_students_cleared,>=75% of items,59.0,12.0,57.6271186440678,6.4332650607752635,44.93425547283663,69.38746771689756,True,57.6271186440678,63.559322033898304,100.0,45.324984046801184,,,3.0,True,moderate,perfect_score_required;crosswalk_caveat,,,,,,,A_CIB
place_value_bundles,place_value,numeracy,2025-10,Q3_2025,trend_point,q3_2025_tool,Q3 2025 tool,q3_2025_tool,False,stack_with_caveat,pct,pct_students_cleared,>=2 of 3 items (tool rule at the time),20.0,5.0,45.0,11.124297730643494,25.819502085709296,65.79179916924002,True,45.0,41.66666666666667,33.333333333333336,40.28407895861416,,,4.0,False,thin,thin_n;cleared_at_2_of_3;crosswalk_caveat,single_source,2025-09,1,-12.6271186440678,False,cross_tool_caveat,Q3_CIB
place_value_bundles,place_value,numeracy,2025-10,Q3_2025,source_detail,q3_2025_tool,Q3 2025 tool,q3_2025_tool,False,stack_with_caveat,pct,pct_students_cleared,>=2 of 3 items (tool rule at the time),20.0,5.0,45.0,11.124297730643494,25.819502085709296,65.79179916924002,True,45.0,41.66666666666667,33.333333333333336,40.28407895861416,,,4.0,False,thin,thin_n;cleared_at_2_of_3;crosswalk_caveat,,,,,,,Q3_CIB
place_value_bundles,place_value,numeracy,2025-11,Q3_2025,trend_point,q3_2025_tool,Q3 2025 tool,q3_2025_tool,False,stack_with_caveat,pct,pct_students_cleared,>=2 of 3 items (tool rule at the time),66.0,17.0,37.878787878787875,5.970985676602366,27.1492715804161,49.941745807501704,True,37.878787878787875,38.38383838383839,33.333333333333336,42.664432730950736,,,4.0,False,moderate,cleared_at_2_of_3;crosswalk_caveat,single_source,2025-10,1,-7.121212121212125,True,within_tool,Q3_CIB
place_value_bundles,place_value,numeracy,2025-11,Q3_2025,source_detail,q3_2025_tool,Q3 2025 tool,q3_2025_tool,False,stack_with_caveat,pct,pct_students_cleared,>=2 of 3 items (tool rule at the time),66.0,17.0,37.878787878787875,5.970985676602366,27.1492715804161,49.941745807501704,True,37.878787878787875,38.38383838383839,33.333333333333336,42.664432730950736,,,4.0,False,moderate,cleared_at_2_of_3;crosswalk_caveat,,,,,,,Q3_CIB
place_value_bundles,place_value,numeracy,2025-11,Q3_2025,source_detail,did_baseline,DiD baseline (Nov 2025),did,True,stack_with_caveat,pct,did_pct_correct,DiD % correct used directly,,,60.1,,,,True,,60.1,,,,,,False,n_unknown,n_unknown_n;baseline_pct_correct_not_clearance;crosswalk_caveat,,,,,,,B_Counting In Bundles
place_value_bundles,place_value,numeracy,2025-11,Q3_2025,reference_point,did_baseline,DiD baseline (Nov 2025),did,True,stack_with_caveat,pct,did_pct_correct,DiD % correct used directly,,,60.1,,,,True,,60.1,,,,,,False,n_unknown,n_unknown_n;baseline_pct_correct_not_clearance;crosswalk_caveat,single_source,,,,,,B_Counting In Bundles
place_value_bundles,place_value,numeracy,2025-12,Q3_2025,trend_point,q3_2025_tool,Q3 2025 tool,q3_2025_tool,False,stack_with_caveat,pct,pct_students_cleared,>=2 of 3 items (tool rule at the time),37.0,11.0,43.24324324324324,8.144549227036583,28.671486840351314,59.08609366579929,True,43.24324324324324,39.63963963963964,0.0,45.70290386932492,,,4.0,False,moderate,cleared_at_2_of_3;crosswalk_caveat,single_source,2025-11,1,5.364455364455367,True,within_tool,Q3_CIB
place_value_bundles,place_value,numeracy,2025-12,Q3_2025,source_detail,q3_2025_tool,Q3 2025 tool,q3_2025_tool,False,stack_with_caveat,pct,pct_students_cleared,>=2 of 3 items (tool rule at the time),37.0,11.0,43.24324324324324,8.144549227036583,28.671486840351314,59.08609366579929,True,43.24324324324324,39.63963963963964,0.0,45.70290386932492,,,4.0,False,moderate,cleared_at_2_of_3;crosswalk_caveat,,,,,,,Q3_CIB
place_value_bundles,place_value,numeracy,2026-03,Q4_2025,trend_point,did_midline,25-26 End of Year (Mar 2026),did,True,stack_with_caveat,pct,slide_top_band_gt75,slide top band (>75%),177.0,,29.0,,,,True,,,,,,,,False,robust,slide_band_gt75_not_ge75;crosswalk_caveat,single_source,2025-12,3,-14.243243243243242,False,cross_tool_caveat,M_Counting in Bundles
place_value_bundles,place_value,numeracy,2026-03,Q4_2025,source_detail,did_midline,25-26 End of Year (Mar 2026),did,True,stack_with_caveat,pct,slide_top_band_gt75,slide top band (>75%),177.0,,29.0,,,,True,,,,,,,,False,robust,slide_band_gt75_not_ge75;crosswalk_caveat,,,,,,,M_Counting in Bundles
place_value_bundles,place_value,numeracy,2026-04,Q1_2026,trend_point,q1_2026_tool,Q1 2026 tool (G2 battery),2026_tool,False,stack_with_caveat,pct,pct_students_cleared,>=75% of items,85.0,,47.05882352941176,5.41387050951085,36.80599197035681,57.5660139367858,True,47.05882352941176,55.0,50.0,36.14619785050177,,,5.0,False,moderate,crosswalk_caveat,single_source,2026-03,1,18.05882352941176,False,cross_tool_caveat,N1_Place Value
place_value_bundles,place_value,numeracy,2026-04,Q1_2026,source_detail,q1_2026_tool,Q1 2026 tool (G2 battery),2026_tool,False,stack_with_caveat,pct,pct_students_cleared,>=75% of items,85.0,,47.05882352941176,5.41387050951085,36.80599197035681,57.5660139367858,True,47.05882352941176,55.0,50.0,36.14619785050177,,,5.0,False,moderate,crosswalk_caveat,,,,,,,N1_Place Value
place_value_bundles,place_value,numeracy,2026-05,Q1_2026,trend_point,q1_2026_tool,Q1 2026 tool (G2 battery),2026_tool,False,stack_with_caveat,pct,pct_students_cleared,>=75% of items,90.0,,62.22222222222222,5.110574314269731,51.89957287533067,71.54418767436157,True,62.22222222222222,68.33333333333333,75.0,34.91562864385382,,,5.0,False,moderate,crosswalk_caveat,single_source,2026-04,1,15.16339869281046,True,within_tool,N1_Place Value
place_value_bundles,place_value,numeracy,2026-05,Q1_2026,source_detail,q1_2026_tool,Q1 2026 tool (G2 battery),2026_tool,False,stack_with_caveat,pct,pct_students_cleared,>=75% of items,90.0,,62.22222222222222,5.110574314269731,51.89957287533067,71.54418767436157,True,62.22222222222222,68.33333333333333,75.0,34.91562864385382,,,5.0,False,moderate,crosswalk_caveat,,,,,,,N1_Place Value
place_value_bundles,place_value,numeracy,2026-07,Q2_2026,trend_point,q2_2026_tool,Q2 2026 tool,2026_tool,False,stack_with_caveat,pct,pct_students_cleared,>=75% of items,963.0,,46.625129802699895,1.6075529965477442,43.4939727315536,49.78310595434491,True,46.625129802699895,57.94392523364486,50.0,34.24230298753946,,,5.0,False,robust,crosswalk_caveat,single_source,2026-05,2,-15.597092419522326,True,within_tool,N2_Place Value
place_value_bundles,place_value,numeracy,2026-07,Q2_2026,source_detail,q2_2026_tool,Q2 2026 tool,2026_tool,False,stack_with_caveat,pct,pct_students_cleared,>=75% of items,963.0,,46.625129802699895,1.6075529965477442,43.4939727315536,49.78310595434491,True,46.625129802699895,57.94392523364486,50.0,34.24230298753946,,,5.0,False,robust,crosswalk_caveat,,,,,,,N2_Place Value
place_value_bundles,place_value,numeracy,2026-08,Q2_2026,trend_point,q2_2026_tool,Q2 2026 tool,2026_tool,False,stack_with_caveat,pct,pct_students_cleared,>=75% of items,398.0,,41.70854271356784,2.47157292097292,36.96608566032188,46.60953219507188,True,41.70854271356784,55.653266331658294,50.0,34.07763217263078,,,5.0,False,robust,crosswalk_caveat,single_source,2026-07,1,-4.916587089132058,True,within_tool,N2_Place Value
place_value_bundles,place_value,numeracy,2026-08,Q2_2026,source_detail,q2_2026_tool,Q2 2026 tool,2026_tool,False,stack_with_caveat,pct,pct_students_cleared,>=75% of items,398.0,,41.70854271356784,2.47157292097292,36.96608566032188,46.60953219507188,True,41.70854271356784,55.653266331658294,50.0,34.07763217263078,,,5.0,False,robust,crosswalk_caveat,,,,,,,N2_Place Value
shape_pattern,pattern,numeracy,2025-11,Q3_2025,trend_point,did_baseline,DiD baseline (Nov 2025),did,True,single_source,pct,did_pct_correct,DiD % correct used directly,,,36.849999999999994,,,,True,,36.849999999999994,,,,,,False,n_unknown,n_unknown_n;baseline_pct_correct_not_clearance;single_source,single_source,,,,,,B_Shape Pattern
shape_pattern,pattern,numeracy,2025-11,Q3_2025,source_detail,did_baseline,DiD baseline (Nov 2025),did,True,single_source,pct,did_pct_correct,DiD % correct used directly,,,36.849999999999994,,,,True,,36.849999999999994,,,,,,False,n_unknown,n_unknown_n;baseline_pct_correct_not_clearance;single_source,,,,,,,B_Shape Pattern
shapes_1,shapes,numeracy,2025-11,Q3_2025,trend_point,did_baseline,DiD baseline (Nov 2025),did,True,single_source,pct,did_pct_correct,DiD % correct used directly,,,85.5,,,,True,,85.5,,,,,,False,n_unknown,n_unknown_n;baseline_pct_correct_not_clearance;single_source,single_source,,,,,,B_Shapes 1
shapes_1,shapes,numeracy,2025-11,Q3_2025,source_detail,did_baseline,DiD baseline (Nov 2025),did,True,single_source,pct,did_pct_correct,DiD % correct used directly,,,85.5,,,,True,,85.5,,,,,,False,n_unknown,n_unknown_n;baseline_pct_correct_not_clearance;single_source,,,,,,,B_Shapes 1
shapes_2,shapes,numeracy,2025-11,Q3_2025,trend_point,did_baseline,DiD baseline (Nov 2025),did,True,single_source,pct,did_pct_correct,DiD % correct used directly,,,8.1,,,,True,,8.1,,,,,,False,n_unknown,n_unknown_n;baseline_pct_correct_not_clearance;single_source,single_source,,,,,,B_Shapes 2
shapes_2,shapes,numeracy,2025-11,Q3_2025,source_detail,did_baseline,DiD baseline (Nov 2025),did,True,single_source,pct,did_pct_correct,DiD % correct used directly,,,8.1,,,,True,,8.1,,,,,,False,n_unknown,n_unknown_n;baseline_pct_correct_not_clearance;single_source,,,,,,,B_Shapes 2
shapes_2d,shapes,numeracy,2025-08,Q2_2025,trend_point,july_tool,July tool (used 4-8 Aug 2025),july_tool,False,single_source,pct,pct_students_cleared,>=75% of items,29.0,7.0,82.75862068965517,7.01445003745666,65.45119942718487,92.40225472852008,True,,91.37931034482759,100.0,19.22129361096224,,,2.0,True,thin,thin_n;perfect_score_required;single_source,single_source,,,,,,J_SHP
shapes_2d,shapes,numeracy,2025-08,Q2_2025,source_detail,july_tool,July tool (used 4-8 Aug 2025),july_tool,False,single_source,pct,pct_students_cleared,>=75% of items,29.0,7.0,82.75862068965517,7.01445003745666,65.45119942718487,92.40225472852008,True,,91.37931034482759,100.0,19.22129361096224,,,2.0,True,thin,thin_n;perfect_score_required;single_source,,,,,,,J_SHP
shapes_midline_unspecified,shapes,numeracy,2026-03,Q4_2025,trend_point,did_midline,25-26 End of Year (Mar 2026),did,True,single_source,pct,slide_top_band_gt75,slide top band (>75%),177.0,,4.0,,,,True,,16.0,,,,,,False,robust,slide_band_gt75_not_ge75;single_source,single_source,,,,,,M_Shapes
shapes_midline_unspecified,shapes,numeracy,2026-03,Q4_2025,source_detail,did_midline,25-26 End of Year (Mar 2026),did,True,single_source,pct,slide_top_band_gt75,slide top band (>75%),177.0,,4.0,,,,True,,16.0,,,,,,False,robust,slide_band_gt75_not_ge75;single_source,,,,,,,M_Shapes
subtraction,subtraction,numeracy,2025-10,Q3_2025,trend_point,q3_2025_tool,Q3 2025 tool,q3_2025_tool,False,stack_with_caveat,pct,pct_students_cleared,>=2 of 3 items (tool rule at the time),20.0,5.0,85.0,7.984359711335657,63.95767041130426,94.7632208040504,True,85.0,80.00000000000001,100.0,29.419331671936256,,,4.0,False,thin,thin_n;cleared_at_2_of_3;crosswalk_caveat,single_source,,,,,,Q3_SUB
subtraction,subtraction,numeracy,2025-10,Q3_2025,source_detail,q3_2025_tool,Q3 2025 tool,q3_2025_tool,False,stack_with_caveat,pct,pct_students_cleared,>=2 of 3 items (tool rule at the time),20.0,5.0,85.0,7.984359711335657,63.95767041130426,94.7632208040504,True,85.0,80.00000000000001,100.0,29.419331671936256,,,4.0,False,thin,thin_n;cleared_at_2_of_3;crosswalk_caveat,,,,,,,Q3_SUB
subtraction,subtraction,numeracy,2025-11,Q3_2025,trend_point,q3_2025_tool,Q3 2025 tool,q3_2025_tool,False,stack_with_caveat,pct,pct_students_cleared,>=2 of 3 items (tool rule at the time),66.0,17.0,74.24242424242425,5.382779594633131,62.56667257006108,83.25129265410331,True,74.24242424242425,72.72727272727275,83.33333333333334,31.977070261877063,,,4.0,False,moderate,cleared_at_2_of_3;crosswalk_caveat,single_source,2025-10,1,-10.75757575757575,True,within_tool,Q3_SUB
subtraction,subtraction,numeracy,2025-11,Q3_2025,source_detail,q3_2025_tool,Q3 2025 tool,q3_2025_tool,False,stack_with_caveat,pct,pct_students_cleared,>=2 of 3 items (tool rule at the time),66.0,17.0,74.24242424242425,5.382779594633131,62.56667257006108,83.25129265410331,True,74.24242424242425,72.72727272727275,83.33333333333334,31.977070261877063,,,4.0,False,moderate,cleared_at_2_of_3;crosswalk_caveat,,,,,,,Q3_SUB
subtraction,subtraction,numeracy,2025-12,Q3_2025,trend_point,q3_2025_tool,Q3 2025 tool,q3_2025_tool,False,stack_with_caveat,pct,pct_students_cleared,>=2 of 3 items (tool rule at the time),37.0,11.0,67.56756756756756,7.695875641236478,51.46336850482393,80.36692217918453,True,67.56756756756756,63.96396396396397,66.66666666666667,40.35213701439237,,,4.0,False,moderate,cleared_at_2_of_3;crosswalk_caveat,single_source,2025-11,1,-6.674856674856684,True,within_tool,Q3_SUB
subtraction,subtraction,numeracy,2025-12,Q3_2025,source_detail,q3_2025_tool,Q3 2025 tool,q3_2025_tool,False,stack_with_caveat,pct,pct_students_cleared,>=2 of 3 items (tool rule at the time),37.0,11.0,67.56756756756756,7.695875641236478,51.46336850482393,80.36692217918453,True,67.56756756756756,63.96396396396397,66.66666666666667,40.35213701439237,,,4.0,False,moderate,cleared_at_2_of_3;crosswalk_caveat,,,,,,,Q3_SUB
subtraction,subtraction,numeracy,2026-04,Q1_2026,trend_point,q1_2026_tool,Q1 2026 tool (G2 battery),2026_tool,False,stack_with_caveat,pct,pct_students_cleared,>=75% of items,85.0,,63.52941176470588,5.220947645896163,52.91793557946364,72.9708372476804,True,63.52941176470588,63.23529411764706,100.0,44.58609837233156,,,5.0,False,moderate,crosswalk_caveat,single_source,2025-12,4,-4.038155802861688,False,cross_tool_caveat,N1_Subtraction
subtraction,subtraction,numeracy,2026-04,Q1_2026,source_detail,q1_2026_tool,Q1 2026 tool (G2 battery),2026_tool,False,stack_with_caveat,pct,pct_students_cleared,>=75% of items,85.0,,63.52941176470588,5.220947645896163,52.91793557946364,72.9708372476804,True,63.52941176470588,63.23529411764706,100.0,44.58609837233156,,,5.0,False,moderate,crosswalk_caveat,,,,,,,N1_Subtraction
subtraction,subtraction,numeracy,2026-05,Q1_2026,trend_point,q1_2026_tool,Q1 2026 tool (G2 battery),2026_tool,False,stack_with_caveat,pct,pct_students_cleared,>=75% of items,90.0,,77.77777777777779,4.38228132081453,68.15249725824009,85.12877671833321,True,77.77777777777779,79.44444444444444,100.0,37.77107600098467,,,5.0,False,moderate,crosswalk_caveat,single_source,2026-04,1,14.248366013071909,True,within_tool,N1_Subtraction
subtraction,subtraction,numeracy,2026-05,Q1_2026,source_detail,q1_2026_tool,Q1 2026 tool (G2 battery),2026_tool,False,stack_with_caveat,pct,pct_students_cleared,>=75% of items,90.0,,77.77777777777779,4.38228132081453,68.15249725824009,85.12877671833321,True,77.77777777777779,79.44444444444444,100.0,37.77107600098467,,,5.0,False,moderate,crosswalk_caveat,,,,,,,N1_Subtraction
subtraction,subtraction,numeracy,2026-07,Q2_2026,trend_point,q2_2026_tool,Q2 2026 tool,2026_tool,False,stack_with_caveat,pct,pct_students_cleared,>=75% of items,963.0,,65.10903426791276,1.535903671035035,62.04401644087778,68.05398513456124,True,65.10903426791276,65.75804776739356,100.0,43.69256402252654,,,5.0,False,robust,crosswalk_caveat,single_source,2026-05,2,-12.668743509865024,True,within_tool,N2_Subtraction
subtraction,subtraction,numeracy,2026-07,Q2_2026,source_detail,q2_2026_tool,Q2 2026 tool,2026_tool,False,stack_with_caveat,pct,pct_students_cleared,>=75% of items,963.0,,65.10903426791276,1.535903671035035,62.04401644087778,68.05398513456124,True,65.10903426791276,65.75804776739356,100.0,43.69256402252654,,,5.0,False,robust,crosswalk_caveat,,,,,,,N2_Subtraction
subtraction,subtraction,numeracy,2026-08,Q2_2026,trend_point,q2_2026_tool,Q2 2026 tool,2026_tool,False,stack_with_caveat,pct,pct_students_cleared,>=75% of items,398.0,,64.07035175879398,2.4049912511378824,59.24271443751737,68.62896435332958,True,64.07035175879398,63.12814070351759,100.0,44.20528208588308,,,5.0,False,robust,crosswalk_caveat,single_source,2026-07,1,-1.038682509118786,True,within_tool,N2_Subtraction
subtraction,subtraction,numeracy,2026-08,Q2_2026,source_detail,q2_2026_tool,Q2 2026 tool,2026_tool,False,stack_with_caveat,pct,pct_students_cleared,>=75% of items,398.0,,64.07035175879398,2.4049912511378824,59.24271443751737,68.62896435332958,True,64.07035175879398,63.12814070351759,100.0,44.20528208588308,,,5.0,False,robust,crosswalk_caveat,,,,,,,N2_Subtraction
subtraction_1digit,subtraction,numeracy,2025-08,Q2_2025,trend_point,aug_tool,Aug tool / Q2 2025 tool,aug_tool,False,stack_with_caveat,pct,pct_students_cleared,>=75% of items,22.0,6.0,77.27272727272727,8.934606739851096,56.55964393704065,89.87710920517964,True,77.27272727272727,73.86363636363636,87.5,35.75484709670971,,,5.0,False,thin,thin_n;crosswalk_caveat,single_source,,,,,,A_SUB1
subtraction_1digit,subtraction,numeracy,2025-08,Q2_2025,source_detail,aug_tool,Aug tool / Q2 2025 tool,aug_tool,False,stack_with_caveat,pct,pct_students_cleared,>=75% of items,22.0,6.0,77.27272727272727,8.934606739851096,56.55964393704065,89.87710920517964,True,77.27272727272727,73.86363636363636,87.5,35.75484709670971,,,5.0,False,thin,thin_n;crosswalk_caveat,,,,,,,A_SUB1
subtraction_1digit,subtraction,numeracy,2025-08,Q2_2025,source_detail,july_tool,July tool (used 4-8 Aug 2025),july_tool,False,stack_with_caveat,pct,pct_students_cleared,>=75% of items,,7.0,,,,,False,79.3103448275862,,,,,,,False,n_unknown,no_clearance_value;crosswalk_caveat,,,,,,,J_SUB
subtraction_1digit,subtraction,numeracy,2025-09,Q2_2025,trend_point,aug_tool,Aug tool / Q2 2025 tool,aug_tool,False,stack_with_caveat,pct,pct_students_cleared,>=75% of items,59.0,12.0,76.27118644067797,5.538501239779246,64.02486613269721,85.30551374305388,True,76.27118644067797,77.96610169491525,100.0,33.18078281677977,,,5.0,False,moderate,crosswalk_caveat,single_source,2025-08,1,-1.0015408320493009,True,within_tool,A_SUB1
subtraction_1digit,subtraction,numeracy,2025-09,Q2_2025,source_detail,aug_tool,Aug tool / Q2 2025 tool,aug_tool,False,stack_with_caveat,pct,pct_students_cleared,>=75% of items,59.0,12.0,76.27118644067797,5.538501239779246,64.02486613269721,85.30551374305388,True,76.27118644067797,77.96610169491525,100.0,33.18078281677977,,,5.0,False,moderate,crosswalk_caveat,,,,,,,A_SUB1
subtraction_2digit,subtraction,numeracy,2025-11,Q3_2025,trend_point,did_baseline,DiD baseline (Nov 2025),did,True,stack,pct,did_pct_correct,DiD % correct used directly,,,50.5,,,,True,,50.5,,,,,,False,n_unknown,n_unknown_n;baseline_pct_correct_not_clearance,single_source,,,,,,B_Subtraction Level 2
subtraction_2digit,subtraction,numeracy,2025-11,Q3_2025,source_detail,did_baseline,DiD baseline (Nov 2025),did,True,stack,pct,did_pct_correct,DiD % correct used directly,,,50.5,,,,True,,50.5,,,,,,False,n_unknown,n_unknown_n;baseline_pct_correct_not_clearance,,,,,,,B_Subtraction Level 2
subtraction_2digit,subtraction,numeracy,2026-03,Q4_2025,trend_point,did_midline,25-26 End of Year (Mar 2026),did,True,stack,pct,slide_top_band_gt75,slide top band (>75%),177.0,,25.0,,,,True,,46.0,,,,,,False,robust,slide_band_gt75_not_ge75,single_source,2025-11,4,-25.5,True,metric_basis_changed,M_Subtraction 2
subtraction_2digit,subtraction,numeracy,2026-03,Q4_2025,source_detail,did_midline,25-26 End of Year (Mar 2026),did,True,stack,pct,slide_top_band_gt75,slide top band (>75%),177.0,,25.0,,,,True,,46.0,,,,,,False,robust,slide_band_gt75_not_ge75,,,,,,,M_Subtraction 2
word_problem_addition,word_problems,numeracy,2025-11,Q3_2025,trend_point,did_baseline,DiD baseline (Nov 2025),did,True,stack,pct,did_pct_correct,DiD % correct used directly,,,62.5,,,,True,,62.5,,,,,,False,n_unknown,n_unknown_n;baseline_pct_correct_not_clearance,single_source,,,,,,B_Word Problem - Addition
word_problem_addition,word_problems,numeracy,2025-11,Q3_2025,source_detail,did_baseline,DiD baseline (Nov 2025),did,True,stack,pct,did_pct_correct,DiD % correct used directly,,,62.5,,,,True,,62.5,,,,,,False,n_unknown,n_unknown_n;baseline_pct_correct_not_clearance,,,,,,,B_Word Problem - Addition
word_problem_addition,word_problems,numeracy,2026-03,Q4_2025,trend_point,did_midline,25-26 End of Year (Mar 2026),did,True,stack,pct,slide_top_band_gt75,slide top band (>75%),177.0,,33.0,,,,True,,61.0,,,,,,False,robust,slide_band_gt75_not_ge75,single_source,2025-11,4,-29.5,True,metric_basis_changed,M_Word Problems
word_problem_addition,word_problems,numeracy,2026-03,Q4_2025,source_detail,did_midline,25-26 End of Year (Mar 2026),did,True,stack,pct,slide_top_band_gt75,slide top band (>75%),177.0,,33.0,,,,True,,61.0,,,,,,False,robust,slide_band_gt75_not_ge75,,,,,,,M_Word Problems
word_problem_subtraction,word_problems,numeracy,2025-11,Q3_2025,trend_point,did_baseline,DiD baseline (Nov 2025),did,True,stack,pct,did_pct_correct,DiD % correct used directly,,,33.849999999999994,,,,True,,33.849999999999994,,,,,,False,n_unknown,n_unknown_n;baseline_pct_correct_not_clearance,single_source,,,,,,B_Word Problem - Subtraction
word_problem_subtraction,word_problems,numeracy,2025-11,Q3_2025,source_detail,did_baseline,DiD baseline (Nov 2025),did,True,stack,pct,did_pct_correct,DiD % correct used directly,,,33.849999999999994,,,,True,,33.849999999999994,,,,,,False,n_unknown,n_unknown_n;baseline_pct_correct_not_clearance,,,,,,,B_Word Problem - Subtraction
word_problem_subtraction,word_problems,numeracy,2026-03,Q4_2025,trend_point,did_midline,25-26 End of Year (Mar 2026),did,True,stack,pct,slide_top_band_gt75,slide top band (>75%),177.0,,23.0,,,,True,,,,,,,,False,robust,slide_band_gt75_not_ge75,single_source,2025-11,4,-10.849999999999994,True,metric_basis_changed,M_Word Problems - Subtraction
word_problem_subtraction,word_problems,numeracy,2026-03,Q4_2025,source_detail,did_midline,25-26 End of Year (Mar 2026),did,True,stack,pct,slide_top_band_gt75,slide top band (>75%),177.0,,23.0,,,,True,,,,,,,,False,robust,slide_band_gt75_not_ge75,,,,,,,M_Word Problems - Subtraction
