view,period_type,period,source_tool,panel_id,index_scope,std_competency,domain,n,stacking_status,reliability_flags,panel_n_competencies,metric,value,n_distinct_scores,band_source
small_multiples_index,quarter,Q1_2026,q1_2026_tool,Q1_2026|q1_2026_tool|literacy,literacy,letter_recognition,literacy,175.0,stack,,4.0,pct_students_cleared,84.0,,
small_multiples_index,quarter,Q1_2026,q1_2026_tool,Q1_2026|q1_2026_tool|literacy,literacy,letter_recognition,literacy,175.0,stack,,4.0,z_within_panel,1.1433093070069773,,
small_multiples_index,quarter,Q1_2026,q1_2026_tool,Q1_2026|q1_2026_tool|literacy,literacy,letter_recognition,literacy,175.0,stack,,4.0,percentile_within_panel,100.0,,
small_multiples_index,quarter,Q1_2026,q1_2026_tool,Q1_2026|q1_2026_tool|literacy,literacy,letter_recognition,literacy,175.0,stack,,4.0,rank_within_panel,1.0,,
small_multiples_index,quarter,Q1_2026,q1_2026_tool,Q1_2026|q1_2026_tool|literacy,literacy,sentence_reading,literacy,175.0,stack,perfect_score_required,4.0,pct_students_cleared,42.857142857142854,,
small_multiples_index,quarter,Q1_2026,q1_2026_tool,Q1_2026|q1_2026_tool|literacy,literacy,sentence_reading,literacy,175.0,stack,perfect_score_required,4.0,z_within_panel,-1.4493921136072712,,
small_multiples_index,quarter,Q1_2026,q1_2026_tool,Q1_2026|q1_2026_tool|literacy,literacy,sentence_reading,literacy,175.0,stack,perfect_score_required,4.0,percentile_within_panel,25.0,,
small_multiples_index,quarter,Q1_2026,q1_2026_tool,Q1_2026|q1_2026_tool|literacy,literacy,sentence_reading,literacy,175.0,stack,perfect_score_required,4.0,rank_within_panel,4.0,,
small_multiples_index,quarter,Q1_2026,q1_2026_tool,Q1_2026|q1_2026_tool|literacy,literacy,word_reading,literacy,175.0,stack,,4.0,pct_students_cleared,76.57142857142857,,
small_multiples_index,quarter,Q1_2026,q1_2026_tool,Q1_2026|q1_2026_tool|literacy,literacy,word_reading,literacy,175.0,stack,,4.0,z_within_panel,0.6751826616182934,,
small_multiples_index,quarter,Q1_2026,q1_2026_tool,Q1_2026|q1_2026_tool|literacy,literacy,word_reading,literacy,175.0,stack,,4.0,percentile_within_panel,75.0,,
small_multiples_index,quarter,Q1_2026,q1_2026_tool,Q1_2026|q1_2026_tool|literacy,literacy,word_reading,literacy,175.0,stack,,4.0,rank_within_panel,2.0,,
small_multiples_index,quarter,Q1_2026,q1_2026_tool,Q1_2026|q1_2026_tool|literacy,literacy,word_writing,literacy,175.0,stack,,4.0,pct_students_cleared,60.0,,
small_multiples_index,quarter,Q1_2026,q1_2026_tool,Q1_2026|q1_2026_tool|literacy,literacy,word_writing,literacy,175.0,stack,,4.0,z_within_panel,-0.36909985501800086,,
small_multiples_index,quarter,Q1_2026,q1_2026_tool,Q1_2026|q1_2026_tool|literacy,literacy,word_writing,literacy,175.0,stack,,4.0,percentile_within_panel,50.0,,
small_multiples_index,quarter,Q1_2026,q1_2026_tool,Q1_2026|q1_2026_tool|literacy,literacy,word_writing,literacy,175.0,stack,,4.0,rank_within_panel,3.0,,
small_multiples_index,quarter,Q1_2026,q1_2026_tool,Q1_2026|q1_2026_tool|numeracy,numeracy,addition,numeracy,175.0,stack_with_caveat,crosswalk_caveat,5.0,pct_students_cleared,85.14285714285714,,
small_multiples_index,quarter,Q1_2026,q1_2026_tool,Q1_2026|q1_2026_tool|numeracy,numeracy,addition,numeracy,175.0,stack_with_caveat,crosswalk_caveat,5.0,z_within_panel,1.7042450722559008,,
small_multiples_index,quarter,Q1_2026,q1_2026_tool,Q1_2026|q1_2026_tool|numeracy,numeracy,addition,numeracy,175.0,stack_with_caveat,crosswalk_caveat,5.0,percentile_within_panel,100.0,,
small_multiples_index,quarter,Q1_2026,q1_2026_tool,Q1_2026|q1_2026_tool|numeracy,numeracy,addition,numeracy,175.0,stack_with_caveat,crosswalk_caveat,5.0,rank_within_panel,1.0,,
small_multiples_index,quarter,Q1_2026,q1_2026_tool,Q1_2026|q1_2026_tool|numeracy,numeracy,number_recognition,numeracy,175.0,stack,,5.0,pct_students_cleared,61.71428571428571,,
small_multiples_index,quarter,Q1_2026,q1_2026_tool,Q1_2026|q1_2026_tool|numeracy,numeracy,number_recognition,numeracy,175.0,stack,,5.0,z_within_panel,-0.30362986919501694,,
small_multiples_index,quarter,Q1_2026,q1_2026_tool,Q1_2026|q1_2026_tool|numeracy,numeracy,number_recognition,numeracy,175.0,stack,,5.0,percentile_within_panel,60.0,,
small_multiples_index,quarter,Q1_2026,q1_2026_tool,Q1_2026|q1_2026_tool|numeracy,numeracy,number_recognition,numeracy,175.0,stack,,5.0,rank_within_panel,3.0,,
small_multiples_index,quarter,Q1_2026,q1_2026_tool,Q1_2026|q1_2026_tool|numeracy,numeracy,pattern,numeracy,175.0,stack_with_caveat,perfect_score_required;crosswalk_caveat,5.0,pct_students_cleared,53.714285714285715,,
small_multiples_index,quarter,Q1_2026,q1_2026_tool,Q1_2026|q1_2026_tool|numeracy,numeracy,pattern,numeracy,175.0,stack_with_caveat,perfect_score_required;crosswalk_caveat,5.0,z_within_panel,-0.9892457028611833,,
small_multiples_index,quarter,Q1_2026,q1_2026_tool,Q1_2026|q1_2026_tool|numeracy,numeracy,pattern,numeracy,175.0,stack_with_caveat,perfect_score_required;crosswalk_caveat,5.0,percentile_within_panel,20.0,,
small_multiples_index,quarter,Q1_2026,q1_2026_tool,Q1_2026|q1_2026_tool|numeracy,numeracy,pattern,numeracy,175.0,stack_with_caveat,perfect_score_required;crosswalk_caveat,5.0,rank_within_panel,5.0,,
small_multiples_index,quarter,Q1_2026,q1_2026_tool,Q1_2026|q1_2026_tool|numeracy,numeracy,place_value_bundles,numeracy,175.0,stack_with_caveat,crosswalk_caveat,5.0,pct_students_cleared,54.85714285714286,,
small_multiples_index,quarter,Q1_2026,q1_2026_tool,Q1_2026|q1_2026_tool|numeracy,numeracy,place_value_bundles,numeracy,175.0,stack_with_caveat,crosswalk_caveat,5.0,z_within_panel,-0.8913005837660164,,
small_multiples_index,quarter,Q1_2026,q1_2026_tool,Q1_2026|q1_2026_tool|numeracy,numeracy,place_value_bundles,numeracy,175.0,stack_with_caveat,crosswalk_caveat,5.0,percentile_within_panel,40.0,,
small_multiples_index,quarter,Q1_2026,q1_2026_tool,Q1_2026|q1_2026_tool|numeracy,numeracy,place_value_bundles,numeracy,175.0,stack_with_caveat,crosswalk_caveat,5.0,rank_within_panel,4.0,,
small_multiples_index,quarter,Q1_2026,q1_2026_tool,Q1_2026|q1_2026_tool|numeracy,numeracy,subtraction,numeracy,175.0,stack_with_caveat,crosswalk_caveat,5.0,pct_students_cleared,70.85714285714285,,
small_multiples_index,quarter,Q1_2026,q1_2026_tool,Q1_2026|q1_2026_tool|numeracy,numeracy,subtraction,numeracy,175.0,stack_with_caveat,crosswalk_caveat,5.0,z_within_panel,0.4799310835663164,,
small_multiples_index,quarter,Q1_2026,q1_2026_tool,Q1_2026|q1_2026_tool|numeracy,numeracy,subtraction,numeracy,175.0,stack_with_caveat,crosswalk_caveat,5.0,percentile_within_panel,80.0,,
small_multiples_index,quarter,Q1_2026,q1_2026_tool,Q1_2026|q1_2026_tool|numeracy,numeracy,subtraction,numeracy,175.0,stack_with_caveat,crosswalk_caveat,5.0,rank_within_panel,2.0,,
small_multiples_index,quarter,Q1_2026,q1_2026_tool,Q1_2026|q1_2026_tool|all,all,letter_recognition,literacy,175.0,stack,,9.0,pct_students_cleared,84.0,,
small_multiples_index,quarter,Q1_2026,q1_2026_tool,Q1_2026|q1_2026_tool|all,all,letter_recognition,literacy,175.0,stack,,9.0,z_within_panel,1.3487842195262367,,
small_multiples_index,quarter,Q1_2026,q1_2026_tool,Q1_2026|q1_2026_tool|all,all,letter_recognition,literacy,175.0,stack,,9.0,percentile_within_panel,88.88888888888889,,
small_multiples_index,quarter,Q1_2026,q1_2026_tool,Q1_2026|q1_2026_tool|all,all,letter_recognition,literacy,175.0,stack,,9.0,rank_within_panel,2.0,,
small_multiples_index,quarter,Q1_2026,q1_2026_tool,Q1_2026|q1_2026_tool|all,all,sentence_reading,literacy,175.0,stack,perfect_score_required,9.0,pct_students_cleared,42.857142857142854,,
small_multiples_index,quarter,Q1_2026,q1_2026_tool,Q1_2026|q1_2026_tool|all,all,sentence_reading,literacy,175.0,stack,perfect_score_required,9.0,z_within_panel,-1.6546940425115704,,
small_multiples_index,quarter,Q1_2026,q1_2026_tool,Q1_2026|q1_2026_tool|all,all,sentence_reading,literacy,175.0,stack,perfect_score_required,9.0,percentile_within_panel,11.11111111111111,,
small_multiples_index,quarter,Q1_2026,q1_2026_tool,Q1_2026|q1_2026_tool|all,all,sentence_reading,literacy,175.0,stack,perfect_score_required,9.0,rank_within_panel,9.0,,
small_multiples_index,quarter,Q1_2026,q1_2026_tool,Q1_2026|q1_2026_tool|all,all,word_reading,literacy,175.0,stack,,9.0,pct_students_cleared,76.57142857142857,,
small_multiples_index,quarter,Q1_2026,q1_2026_tool,Q1_2026|q1_2026_tool|all,all,word_reading,literacy,175.0,stack,,9.0,z_within_panel,0.8064895333249659,,
small_multiples_index,quarter,Q1_2026,q1_2026_tool,Q1_2026|q1_2026_tool|all,all,word_reading,literacy,175.0,stack,,9.0,percentile_within_panel,77.77777777777779,,
small_multiples_index,quarter,Q1_2026,q1_2026_tool,Q1_2026|q1_2026_tool|all,all,word_reading,literacy,175.0,stack,,9.0,rank_within_panel,3.0,,
small_multiples_index,quarter,Q1_2026,q1_2026_tool,Q1_2026|q1_2026_tool|all,all,word_writing,literacy,175.0,stack,,9.0,pct_students_cleared,60.0,,
small_multiples_index,quarter,Q1_2026,q1_2026_tool,Q1_2026|q1_2026_tool|all,all,word_writing,literacy,175.0,stack,,9.0,z_within_panel,-0.403244766662484,,
small_multiples_index,quarter,Q1_2026,q1_2026_tool,Q1_2026|q1_2026_tool|all,all,word_writing,literacy,175.0,stack,,9.0,percentile_within_panel,44.44444444444444,,
small_multiples_index,quarter,Q1_2026,q1_2026_tool,Q1_2026|q1_2026_tool|all,all,word_writing,literacy,175.0,stack,,9.0,rank_within_panel,6.0,,
small_multiples_index,quarter,Q1_2026,q1_2026_tool,Q1_2026|q1_2026_tool|all,all,addition,numeracy,175.0,stack_with_caveat,crosswalk_caveat,9.0,pct_students_cleared,85.14285714285714,,
small_multiples_index,quarter,Q1_2026,q1_2026_tool,Q1_2026|q1_2026_tool|all,all,addition,numeracy,175.0,stack_with_caveat,crosswalk_caveat,9.0,z_within_panel,1.432214171249509,,
small_multiples_index,quarter,Q1_2026,q1_2026_tool,Q1_2026|q1_2026_tool|all,all,addition,numeracy,175.0,stack_with_caveat,crosswalk_caveat,9.0,percentile_within_panel,100.0,,
small_multiples_index,quarter,Q1_2026,q1_2026_tool,Q1_2026|q1_2026_tool|all,all,addition,numeracy,175.0,stack_with_caveat,crosswalk_caveat,9.0,rank_within_panel,1.0,,
small_multiples_index,quarter,Q1_2026,q1_2026_tool,Q1_2026|q1_2026_tool|all,all,number_recognition,numeracy,175.0,stack,,9.0,pct_students_cleared,61.71428571428571,,
small_multiples_index,quarter,Q1_2026,q1_2026_tool,Q1_2026|q1_2026_tool|all,all,number_recognition,numeracy,175.0,stack,,9.0,z_within_panel,-0.2780998390775758,,
small_multiples_index,quarter,Q1_2026,q1_2026_tool,Q1_2026|q1_2026_tool|all,all,number_recognition,numeracy,175.0,stack,,9.0,percentile_within_panel,55.55555555555556,,
small_multiples_index,quarter,Q1_2026,q1_2026_tool,Q1_2026|q1_2026_tool|all,all,number_recognition,numeracy,175.0,stack,,9.0,rank_within_panel,5.0,,
small_multiples_index,quarter,Q1_2026,q1_2026_tool,Q1_2026|q1_2026_tool|all,all,pattern,numeracy,175.0,stack_with_caveat,perfect_score_required;crosswalk_caveat,9.0,pct_students_cleared,53.714285714285715,,
small_multiples_index,quarter,Q1_2026,q1_2026_tool,Q1_2026|q1_2026_tool|all,all,pattern,numeracy,175.0,stack_with_caveat,perfect_score_required;crosswalk_caveat,9.0,z_within_panel,-0.8621095011404822,,
small_multiples_index,quarter,Q1_2026,q1_2026_tool,Q1_2026|q1_2026_tool|all,all,pattern,numeracy,175.0,stack_with_caveat,perfect_score_required;crosswalk_caveat,9.0,percentile_within_panel,22.22222222222222,,
small_multiples_index,quarter,Q1_2026,q1_2026_tool,Q1_2026|q1_2026_tool|all,all,pattern,numeracy,175.0,stack_with_caveat,perfect_score_required;crosswalk_caveat,9.0,rank_within_panel,8.0,,
small_multiples_index,quarter,Q1_2026,q1_2026_tool,Q1_2026|q1_2026_tool|all,all,place_value_bundles,numeracy,175.0,stack_with_caveat,crosswalk_caveat,9.0,pct_students_cleared,54.85714285714286,,
small_multiples_index,quarter,Q1_2026,q1_2026_tool,Q1_2026|q1_2026_tool|all,all,place_value_bundles,numeracy,175.0,stack_with_caveat,crosswalk_caveat,9.0,z_within_panel,-0.7786795494172095,,
small_multiples_index,quarter,Q1_2026,q1_2026_tool,Q1_2026|q1_2026_tool|all,all,place_value_bundles,numeracy,175.0,stack_with_caveat,crosswalk_caveat,9.0,percentile_within_panel,33.33333333333333,,
small_multiples_index,quarter,Q1_2026,q1_2026_tool,Q1_2026|q1_2026_tool|all,all,place_value_bundles,numeracy,175.0,stack_with_caveat,crosswalk_caveat,9.0,rank_within_panel,7.0,,
small_multiples_index,quarter,Q1_2026,q1_2026_tool,Q1_2026|q1_2026_tool|all,all,subtraction,numeracy,175.0,stack_with_caveat,crosswalk_caveat,9.0,pct_students_cleared,70.85714285714285,,
small_multiples_index,quarter,Q1_2026,q1_2026_tool,Q1_2026|q1_2026_tool|all,all,subtraction,numeracy,175.0,stack_with_caveat,crosswalk_caveat,9.0,z_within_panel,0.3893397747086032,,
small_multiples_index,quarter,Q1_2026,q1_2026_tool,Q1_2026|q1_2026_tool|all,all,subtraction,numeracy,175.0,stack_with_caveat,crosswalk_caveat,9.0,percentile_within_panel,66.66666666666666,,
small_multiples_index,quarter,Q1_2026,q1_2026_tool,Q1_2026|q1_2026_tool|all,all,subtraction,numeracy,175.0,stack_with_caveat,crosswalk_caveat,9.0,rank_within_panel,4.0,,
small_multiples_index,quarter,Q2_2025,aug_tool,Q2_2025|aug_tool|literacy,literacy,letter_recognition,literacy,81.0,stack_with_caveat,crosswalk_caveat,4.0,pct_students_cleared,81.48148148148148,,
small_multiples_index,quarter,Q2_2025,aug_tool,Q2_2025|aug_tool|literacy,literacy,letter_recognition,literacy,81.0,stack_with_caveat,crosswalk_caveat,4.0,z_within_panel,0.5022491946969668,,
small_multiples_index,quarter,Q2_2025,aug_tool,Q2_2025|aug_tool|literacy,literacy,letter_recognition,literacy,81.0,stack_with_caveat,crosswalk_caveat,4.0,percentile_within_panel,75.0,,
small_multiples_index,quarter,Q2_2025,aug_tool,Q2_2025|aug_tool|literacy,literacy,letter_recognition,literacy,81.0,stack_with_caveat,crosswalk_caveat,4.0,rank_within_panel,2.0,,
small_multiples_index,quarter,Q2_2025,aug_tool,Q2_2025|aug_tool|literacy,literacy,oral_language_dev,literacy,81.0,stack_with_caveat,ceiling;crosswalk_caveat,4.0,pct_students_cleared,100.0,,
small_multiples_index,quarter,Q2_2025,aug_tool,Q2_2025|aug_tool|literacy,literacy,oral_language_dev,literacy,81.0,stack_with_caveat,ceiling;crosswalk_caveat,4.0,z_within_panel,1.3747776545396881,,
small_multiples_index,quarter,Q2_2025,aug_tool,Q2_2025|aug_tool|literacy,literacy,oral_language_dev,literacy,81.0,stack_with_caveat,ceiling;crosswalk_caveat,4.0,percentile_within_panel,100.0,,
small_multiples_index,quarter,Q2_2025,aug_tool,Q2_2025|aug_tool|literacy,literacy,oral_language_dev,literacy,81.0,stack_with_caveat,ceiling;crosswalk_caveat,4.0,rank_within_panel,1.0,,
small_multiples_index,quarter,Q2_2025,aug_tool,Q2_2025|aug_tool|literacy,literacy,oral_reading_fluency,literacy,80.0,stack_with_caveat,crosswalk_caveat,4.0,pct_students_cleared,46.25,,
small_multiples_index,quarter,Q2_2025,aug_tool,Q2_2025|aug_tool|literacy,literacy,oral_reading_fluency,literacy,80.0,stack_with_caveat,crosswalk_caveat,4.0,z_within_panel,-1.1577362001538107,,
small_multiples_index,quarter,Q2_2025,aug_tool,Q2_2025|aug_tool|literacy,literacy,oral_reading_fluency,literacy,80.0,stack_with_caveat,crosswalk_caveat,4.0,percentile_within_panel,25.0,,
small_multiples_index,quarter,Q2_2025,aug_tool,Q2_2025|aug_tool|literacy,literacy,oral_reading_fluency,literacy,80.0,stack_with_caveat,crosswalk_caveat,4.0,rank_within_panel,4.0,,
small_multiples_index,quarter,Q2_2025,aug_tool,Q2_2025|aug_tool|literacy,literacy,word_writing,literacy,81.0,stack_with_caveat,perfect_score_required;crosswalk_caveat,4.0,pct_students_cleared,55.55555555555556,,
small_multiples_index,quarter,Q2_2025,aug_tool,Q2_2025|aug_tool|literacy,literacy,word_writing,literacy,81.0,stack_with_caveat,perfect_score_required;crosswalk_caveat,4.0,z_within_panel,-0.719290649082843,,
small_multiples_index,quarter,Q2_2025,aug_tool,Q2_2025|aug_tool|literacy,literacy,word_writing,literacy,81.0,stack_with_caveat,perfect_score_required;crosswalk_caveat,4.0,percentile_within_panel,50.0,,
small_multiples_index,quarter,Q2_2025,aug_tool,Q2_2025|aug_tool|literacy,literacy,word_writing,literacy,81.0,stack_with_caveat,perfect_score_required;crosswalk_caveat,4.0,rank_within_panel,3.0,,
small_multiples_index,quarter,Q2_2025,aug_tool,Q2_2025|aug_tool|numeracy,numeracy,addition_1digit,numeracy,81.0,stack_with_caveat,crosswalk_caveat,4.0,pct_students_cleared,85.18518518518519,,
small_multiples_index,quarter,Q2_2025,aug_tool,Q2_2025|aug_tool|numeracy,numeracy,addition_1digit,numeracy,81.0,stack_with_caveat,crosswalk_caveat,4.0,z_within_panel,0.5212466913156841,,
small_multiples_index,quarter,Q2_2025,aug_tool,Q2_2025|aug_tool|numeracy,numeracy,addition_1digit,numeracy,81.0,stack_with_caveat,crosswalk_caveat,4.0,percentile_within_panel,75.0,,
small_multiples_index,quarter,Q2_2025,aug_tool,Q2_2025|aug_tool|numeracy,numeracy,addition_1digit,numeracy,81.0,stack_with_caveat,crosswalk_caveat,4.0,rank_within_panel,2.0,,
small_multiples_index,quarter,Q2_2025,aug_tool,Q2_2025|aug_tool|numeracy,numeracy,number_comparison,numeracy,81.0,stack_with_caveat,crosswalk_caveat,4.0,pct_students_cleared,93.82716049382715,,
small_multiples_index,quarter,Q2_2025,aug_tool,Q2_2025|aug_tool|numeracy,numeracy,number_comparison,numeracy,81.0,stack_with_caveat,crosswalk_caveat,4.0,z_within_panel,1.1293678311839803,,
small_multiples_index,quarter,Q2_2025,aug_tool,Q2_2025|aug_tool|numeracy,numeracy,number_comparison,numeracy,81.0,stack_with_caveat,crosswalk_caveat,4.0,percentile_within_panel,100.0,,
small_multiples_index,quarter,Q2_2025,aug_tool,Q2_2025|aug_tool|numeracy,numeracy,number_comparison,numeracy,81.0,stack_with_caveat,crosswalk_caveat,4.0,rank_within_panel,1.0,,
small_multiples_index,quarter,Q2_2025,aug_tool,Q2_2025|aug_tool|numeracy,numeracy,place_value_bundles,numeracy,81.0,stack_with_caveat,perfect_score_required;crosswalk_caveat,4.0,pct_students_cleared,55.55555555555556,,
small_multiples_index,quarter,Q2_2025,aug_tool,Q2_2025|aug_tool|numeracy,numeracy,place_value_bundles,numeracy,81.0,stack_with_caveat,perfect_score_required;crosswalk_caveat,4.0,z_within_panel,-1.5637400739470495,,
small_multiples_index,quarter,Q2_2025,aug_tool,Q2_2025|aug_tool|numeracy,numeracy,place_value_bundles,numeracy,81.0,stack_with_caveat,perfect_score_required;crosswalk_caveat,4.0,percentile_within_panel,25.0,,
small_multiples_index,quarter,Q2_2025,aug_tool,Q2_2025|aug_tool|numeracy,numeracy,place_value_bundles,numeracy,81.0,stack_with_caveat,perfect_score_required;crosswalk_caveat,4.0,rank_within_panel,4.0,,
small_multiples_index,quarter,Q2_2025,aug_tool,Q2_2025|aug_tool|numeracy,numeracy,subtraction_1digit,numeracy,81.0,stack_with_caveat,crosswalk_caveat,4.0,pct_students_cleared,76.5432098765432,,
small_multiples_index,quarter,Q2_2025,aug_tool,Q2_2025|aug_tool|numeracy,numeracy,subtraction_1digit,numeracy,81.0,stack_with_caveat,crosswalk_caveat,4.0,z_within_panel,-0.08687444855261402,,
small_multiples_index,quarter,Q2_2025,aug_tool,Q2_2025|aug_tool|numeracy,numeracy,subtraction_1digit,numeracy,81.0,stack_with_caveat,crosswalk_caveat,4.0,percentile_within_panel,50.0,,
small_multiples_index,quarter,Q2_2025,aug_tool,Q2_2025|aug_tool|numeracy,numeracy,subtraction_1digit,numeracy,81.0,stack_with_caveat,crosswalk_caveat,4.0,rank_within_panel,3.0,,
small_multiples_index,quarter,Q2_2025,aug_tool,Q2_2025|aug_tool|all,all,letter_recognition,literacy,81.0,stack_with_caveat,crosswalk_caveat,8.0,pct_students_cleared,81.48148148148148,,
small_multiples_index,quarter,Q2_2025,aug_tool,Q2_2025|aug_tool|all,all,letter_recognition,literacy,81.0,stack_with_caveat,crosswalk_caveat,8.0,z_within_panel,0.39046016941021905,,
small_multiples_index,quarter,Q2_2025,aug_tool,Q2_2025|aug_tool|all,all,letter_recognition,literacy,81.0,stack_with_caveat,crosswalk_caveat,8.0,percentile_within_panel,62.5,,
small_multiples_index,quarter,Q2_2025,aug_tool,Q2_2025|aug_tool|all,all,letter_recognition,literacy,81.0,stack_with_caveat,crosswalk_caveat,8.0,rank_within_panel,4.0,,
small_multiples_index,quarter,Q2_2025,aug_tool,Q2_2025|aug_tool|all,all,oral_language_dev,literacy,81.0,stack_with_caveat,ceiling;crosswalk_caveat,8.0,pct_students_cleared,100.0,,
small_multiples_index,quarter,Q2_2025,aug_tool,Q2_2025|aug_tool|all,all,oral_language_dev,literacy,81.0,stack_with_caveat,ceiling;crosswalk_caveat,8.0,z_within_panel,1.3972873588644483,,
small_multiples_index,quarter,Q2_2025,aug_tool,Q2_2025|aug_tool|all,all,oral_language_dev,literacy,81.0,stack_with_caveat,ceiling;crosswalk_caveat,8.0,percentile_within_panel,100.0,,
small_multiples_index,quarter,Q2_2025,aug_tool,Q2_2025|aug_tool|all,all,oral_language_dev,literacy,81.0,stack_with_caveat,ceiling;crosswalk_caveat,8.0,rank_within_panel,1.0,,
small_multiples_index,quarter,Q2_2025,aug_tool,Q2_2025|aug_tool|all,all,oral_reading_fluency,literacy,80.0,stack_with_caveat,crosswalk_caveat,8.0,pct_students_cleared,46.25,,
small_multiples_index,quarter,Q2_2025,aug_tool,Q2_2025|aug_tool|all,all,oral_reading_fluency,literacy,80.0,stack_with_caveat,crosswalk_caveat,8.0,z_within_panel,-1.5250285585264522,,
small_multiples_index,quarter,Q2_2025,aug_tool,Q2_2025|aug_tool|all,all,oral_reading_fluency,literacy,80.0,stack_with_caveat,crosswalk_caveat,8.0,percentile_within_panel,12.5,,
small_multiples_index,quarter,Q2_2025,aug_tool,Q2_2025|aug_tool|all,all,oral_reading_fluency,literacy,80.0,stack_with_caveat,crosswalk_caveat,8.0,rank_within_panel,8.0,,
small_multiples_index,quarter,Q2_2025,aug_tool,Q2_2025|aug_tool|all,all,word_writing,literacy,81.0,stack_with_caveat,perfect_score_required;crosswalk_caveat,8.0,pct_students_cleared,55.55555555555556,,
small_multiples_index,quarter,Q2_2025,aug_tool,Q2_2025|aug_tool|all,all,word_writing,literacy,81.0,stack_with_caveat,perfect_score_required;crosswalk_caveat,8.0,z_within_panel,-1.019097895825702,,
small_multiples_index,quarter,Q2_2025,aug_tool,Q2_2025|aug_tool|all,all,word_writing,literacy,81.0,stack_with_caveat,perfect_score_required;crosswalk_caveat,8.0,percentile_within_panel,31.25,,
small_multiples_index,quarter,Q2_2025,aug_tool,Q2_2025|aug_tool|all,all,word_writing,literacy,81.0,stack_with_caveat,perfect_score_required;crosswalk_caveat,8.0,rank_within_panel,6.0,,
small_multiples_index,quarter,Q2_2025,aug_tool,Q2_2025|aug_tool|all,all,addition_1digit,numeracy,81.0,stack_with_caveat,crosswalk_caveat,8.0,pct_students_cleared,85.18518518518519,,
small_multiples_index,quarter,Q2_2025,aug_tool,Q2_2025|aug_tool|all,all,addition_1digit,numeracy,81.0,stack_with_caveat,crosswalk_caveat,8.0,z_within_panel,0.5918256073010653,,
small_multiples_index,quarter,Q2_2025,aug_tool,Q2_2025|aug_tool|all,all,addition_1digit,numeracy,81.0,stack_with_caveat,crosswalk_caveat,8.0,percentile_within_panel,75.0,,
small_multiples_index,quarter,Q2_2025,aug_tool,Q2_2025|aug_tool|all,all,addition_1digit,numeracy,81.0,stack_with_caveat,crosswalk_caveat,8.0,rank_within_panel,3.0,,
small_multiples_index,quarter,Q2_2025,aug_tool,Q2_2025|aug_tool|all,all,number_comparison,numeracy,81.0,stack_with_caveat,crosswalk_caveat,8.0,pct_students_cleared,93.82716049382715,,
small_multiples_index,quarter,Q2_2025,aug_tool,Q2_2025|aug_tool|all,all,number_comparison,numeracy,81.0,stack_with_caveat,crosswalk_caveat,8.0,z_within_panel,1.0616782957130382,,
small_multiples_index,quarter,Q2_2025,aug_tool,Q2_2025|aug_tool|all,all,number_comparison,numeracy,81.0,stack_with_caveat,crosswalk_caveat,8.0,percentile_within_panel,87.5,,
small_multiples_index,quarter,Q2_2025,aug_tool,Q2_2025|aug_tool|all,all,number_comparison,numeracy,81.0,stack_with_caveat,crosswalk_caveat,8.0,rank_within_panel,2.0,,
small_multiples_index,quarter,Q2_2025,aug_tool,Q2_2025|aug_tool|all,all,place_value_bundles,numeracy,81.0,stack_with_caveat,perfect_score_required;crosswalk_caveat,8.0,pct_students_cleared,55.55555555555556,,
small_multiples_index,quarter,Q2_2025,aug_tool,Q2_2025|aug_tool|all,all,place_value_bundles,numeracy,81.0,stack_with_caveat,perfect_score_required;crosswalk_caveat,8.0,z_within_panel,-1.019097895825702,,
small_multiples_index,quarter,Q2_2025,aug_tool,Q2_2025|aug_tool|all,all,place_value_bundles,numeracy,81.0,stack_with_caveat,perfect_score_required;crosswalk_caveat,8.0,percentile_within_panel,31.25,,
small_multiples_index,quarter,Q2_2025,aug_tool,Q2_2025|aug_tool|all,all,place_value_bundles,numeracy,81.0,stack_with_caveat,perfect_score_required;crosswalk_caveat,8.0,rank_within_panel,6.0,,
small_multiples_index,quarter,Q2_2025,aug_tool,Q2_2025|aug_tool|all,all,subtraction_1digit,numeracy,81.0,stack_with_caveat,crosswalk_caveat,8.0,pct_students_cleared,76.5432098765432,,
small_multiples_index,quarter,Q2_2025,aug_tool,Q2_2025|aug_tool|all,all,subtraction_1digit,numeracy,81.0,stack_with_caveat,crosswalk_caveat,8.0,z_within_panel,0.12197291888909079,,
small_multiples_index,quarter,Q2_2025,aug_tool,Q2_2025|aug_tool|all,all,subtraction_1digit,numeracy,81.0,stack_with_caveat,crosswalk_caveat,8.0,percentile_within_panel,50.0,,
small_multiples_index,quarter,Q2_2025,aug_tool,Q2_2025|aug_tool|all,all,subtraction_1digit,numeracy,81.0,stack_with_caveat,crosswalk_caveat,8.0,rank_within_panel,5.0,,
small_multiples_index,quarter,Q2_2025,july_tool,Q2_2025|july_tool|literacy,literacy,oral_language_dev,literacy,29.0,stack_with_caveat,thin_n;ceiling;perfect_score_required;crosswalk_caveat,3.0,pct_students_cleared,96.55172413793103,,
small_multiples_index,quarter,Q2_2025,july_tool,Q2_2025|july_tool|literacy,literacy,oral_language_dev,literacy,29.0,stack_with_caveat,thin_n;ceiling;perfect_score_required;crosswalk_caveat,3.0,z_within_panel,1.336306209562122,,
small_multiples_index,quarter,Q2_2025,july_tool,Q2_2025|july_tool|literacy,literacy,oral_language_dev,literacy,29.0,stack_with_caveat,thin_n;ceiling;perfect_score_required;crosswalk_caveat,3.0,percentile_within_panel,100.0,,
small_multiples_index,quarter,Q2_2025,july_tool,Q2_2025|july_tool|literacy,literacy,oral_language_dev,literacy,29.0,stack_with_caveat,thin_n;ceiling;perfect_score_required;crosswalk_caveat,3.0,rank_within_panel,1.0,,
small_multiples_index,quarter,Q2_2025,july_tool,Q2_2025|july_tool|literacy,literacy,oral_reading_fluency,literacy,29.0,stack_with_caveat,thin_n;crosswalk_caveat,3.0,pct_students_cleared,34.48275862068966,,
small_multiples_index,quarter,Q2_2025,july_tool,Q2_2025|july_tool|literacy,literacy,oral_reading_fluency,literacy,29.0,stack_with_caveat,thin_n;crosswalk_caveat,3.0,z_within_panel,-1.0690449676496971,,
small_multiples_index,quarter,Q2_2025,july_tool,Q2_2025|july_tool|literacy,literacy,oral_reading_fluency,literacy,29.0,stack_with_caveat,thin_n;crosswalk_caveat,3.0,percentile_within_panel,33.33333333333333,,
small_multiples_index,quarter,Q2_2025,july_tool,Q2_2025|july_tool|literacy,literacy,oral_reading_fluency,literacy,29.0,stack_with_caveat,thin_n;crosswalk_caveat,3.0,rank_within_panel,3.0,,
small_multiples_index,quarter,Q2_2025,july_tool,Q2_2025|july_tool|literacy,literacy,word_writing,literacy,29.0,stack_with_caveat,thin_n;perfect_score_required;crosswalk_caveat,3.0,pct_students_cleared,55.172413793103445,,
small_multiples_index,quarter,Q2_2025,july_tool,Q2_2025|july_tool|literacy,literacy,word_writing,literacy,29.0,stack_with_caveat,thin_n;perfect_score_required;crosswalk_caveat,3.0,z_within_panel,-0.2672612419124243,,
small_multiples_index,quarter,Q2_2025,july_tool,Q2_2025|july_tool|literacy,literacy,word_writing,literacy,29.0,stack_with_caveat,thin_n;perfect_score_required;crosswalk_caveat,3.0,percentile_within_panel,66.66666666666666,,
small_multiples_index,quarter,Q2_2025,july_tool,Q2_2025|july_tool|literacy,literacy,word_writing,literacy,29.0,stack_with_caveat,thin_n;perfect_score_required;crosswalk_caveat,3.0,rank_within_panel,2.0,,
small_multiples_index,quarter,Q2_2025,july_tool,Q2_2025|july_tool|numeracy,numeracy,add_sub_1digit_combined,numeracy,29.0,single_source,thin_n;perfect_score_required;single_source,5.0,pct_students_cleared,68.96551724137932,,
small_multiples_index,quarter,Q2_2025,july_tool,Q2_2025|july_tool|numeracy,numeracy,add_sub_1digit_combined,numeracy,29.0,single_source,thin_n;perfect_score_required;single_source,5.0,z_within_panel,0.35564337957950987,,
small_multiples_index,quarter,Q2_2025,july_tool,Q2_2025|july_tool|numeracy,numeracy,add_sub_1digit_combined,numeracy,29.0,single_source,thin_n;perfect_score_required;single_source,5.0,percentile_within_panel,60.0,,
small_multiples_index,quarter,Q2_2025,july_tool,Q2_2025|july_tool|numeracy,numeracy,add_sub_1digit_combined,numeracy,29.0,single_source,thin_n;perfect_score_required;single_source,5.0,rank_within_panel,3.0,,
small_multiples_index,quarter,Q2_2025,july_tool,Q2_2025|july_tool|numeracy,numeracy,number_comparison,numeracy,29.0,stack_with_caveat,thin_n;perfect_score_required;crosswalk_caveat,5.0,pct_students_cleared,72.41379310344827,,
small_multiples_index,quarter,Q2_2025,july_tool,Q2_2025|july_tool|numeracy,numeracy,number_comparison,numeracy,29.0,stack_with_caveat,thin_n;perfect_score_required;crosswalk_caveat,5.0,z_within_panel,0.5779204918167027,,
small_multiples_index,quarter,Q2_2025,july_tool,Q2_2025|july_tool|numeracy,numeracy,number_comparison,numeracy,29.0,stack_with_caveat,thin_n;perfect_score_required;crosswalk_caveat,5.0,percentile_within_panel,80.0,,
small_multiples_index,quarter,Q2_2025,july_tool,Q2_2025|july_tool|numeracy,numeracy,number_comparison,numeracy,29.0,stack_with_caveat,thin_n;perfect_score_required;crosswalk_caveat,5.0,rank_within_panel,2.0,,
small_multiples_index,quarter,Q2_2025,july_tool,Q2_2025|july_tool|numeracy,numeracy,pattern,numeracy,29.0,stack_with_caveat,thin_n;perfect_score_required;crosswalk_caveat,5.0,pct_students_cleared,37.93103448275862,,
small_multiples_index,quarter,Q2_2025,july_tool,Q2_2025|july_tool|numeracy,numeracy,pattern,numeracy,29.0,stack_with_caveat,thin_n;perfect_score_required;crosswalk_caveat,5.0,z_within_panel,-1.6448506305552324,,
small_multiples_index,quarter,Q2_2025,july_tool,Q2_2025|july_tool|numeracy,numeracy,pattern,numeracy,29.0,stack_with_caveat,thin_n;perfect_score_required;crosswalk_caveat,5.0,percentile_within_panel,20.0,,
small_multiples_index,quarter,Q2_2025,july_tool,Q2_2025|july_tool|numeracy,numeracy,pattern,numeracy,29.0,stack_with_caveat,thin_n;perfect_score_required;crosswalk_caveat,5.0,rank_within_panel,5.0,,
small_multiples_index,quarter,Q2_2025,july_tool,Q2_2025|july_tool|numeracy,numeracy,place_value_bundles,numeracy,29.0,stack_with_caveat,thin_n;perfect_score_required;crosswalk_caveat,5.0,pct_students_cleared,55.172413793103445,,
small_multiples_index,quarter,Q2_2025,july_tool,Q2_2025|july_tool|numeracy,numeracy,place_value_bundles,numeracy,29.0,stack_with_caveat,thin_n;perfect_score_required;crosswalk_caveat,5.0,z_within_panel,-0.5334650693692649,,
small_multiples_index,quarter,Q2_2025,july_tool,Q2_2025|july_tool|numeracy,numeracy,place_value_bundles,numeracy,29.0,stack_with_caveat,thin_n;perfect_score_required;crosswalk_caveat,5.0,percentile_within_panel,40.0,,
small_multiples_index,quarter,Q2_2025,july_tool,Q2_2025|july_tool|numeracy,numeracy,place_value_bundles,numeracy,29.0,stack_with_caveat,thin_n;perfect_score_required;crosswalk_caveat,5.0,rank_within_panel,4.0,,
small_multiples_index,quarter,Q2_2025,july_tool,Q2_2025|july_tool|numeracy,numeracy,shapes_2d,numeracy,29.0,single_source,thin_n;perfect_score_required;single_source,5.0,pct_students_cleared,82.75862068965517,,
small_multiples_index,quarter,Q2_2025,july_tool,Q2_2025|july_tool|numeracy,numeracy,shapes_2d,numeracy,29.0,single_source,thin_n;perfect_score_required;single_source,5.0,z_within_panel,1.2447518285282837,,
small_multiples_index,quarter,Q2_2025,july_tool,Q2_2025|july_tool|numeracy,numeracy,shapes_2d,numeracy,29.0,single_source,thin_n;perfect_score_required;single_source,5.0,percentile_within_panel,100.0,,
small_multiples_index,quarter,Q2_2025,july_tool,Q2_2025|july_tool|numeracy,numeracy,shapes_2d,numeracy,29.0,single_source,thin_n;perfect_score_required;single_source,5.0,rank_within_panel,1.0,,
small_multiples_index,quarter,Q2_2025,july_tool,Q2_2025|july_tool|all,all,oral_language_dev,literacy,29.0,stack_with_caveat,thin_n;ceiling;perfect_score_required;crosswalk_caveat,8.0,pct_students_cleared,96.55172413793103,,
small_multiples_index,quarter,Q2_2025,july_tool,Q2_2025|july_tool|all,all,oral_language_dev,literacy,29.0,stack_with_caveat,thin_n;ceiling;perfect_score_required;crosswalk_caveat,8.0,z_within_panel,1.6798489197903972,,
small_multiples_index,quarter,Q2_2025,july_tool,Q2_2025|july_tool|all,all,oral_language_dev,literacy,29.0,stack_with_caveat,thin_n;ceiling;perfect_score_required;crosswalk_caveat,8.0,percentile_within_panel,100.0,,
small_multiples_index,quarter,Q2_2025,july_tool,Q2_2025|july_tool|all,all,oral_language_dev,literacy,29.0,stack_with_caveat,thin_n;ceiling;perfect_score_required;crosswalk_caveat,8.0,rank_within_panel,1.0,,
small_multiples_index,quarter,Q2_2025,july_tool,Q2_2025|july_tool|all,all,oral_reading_fluency,literacy,29.0,stack_with_caveat,thin_n;crosswalk_caveat,8.0,pct_students_cleared,34.48275862068966,,
small_multiples_index,quarter,Q2_2025,july_tool,Q2_2025|july_tool|all,all,oral_reading_fluency,literacy,29.0,stack_with_caveat,thin_n;crosswalk_caveat,8.0,z_within_panel,-1.4214106244380282,,
small_multiples_index,quarter,Q2_2025,july_tool,Q2_2025|july_tool|all,all,oral_reading_fluency,literacy,29.0,stack_with_caveat,thin_n;crosswalk_caveat,8.0,percentile_within_panel,12.5,,
small_multiples_index,quarter,Q2_2025,july_tool,Q2_2025|july_tool|all,all,oral_reading_fluency,literacy,29.0,stack_with_caveat,thin_n;crosswalk_caveat,8.0,rank_within_panel,8.0,,
small_multiples_index,quarter,Q2_2025,july_tool,Q2_2025|july_tool|all,all,word_writing,literacy,29.0,stack_with_caveat,thin_n;perfect_score_required;crosswalk_caveat,8.0,pct_students_cleared,55.172413793103445,,
small_multiples_index,quarter,Q2_2025,july_tool,Q2_2025|july_tool|all,all,word_writing,literacy,29.0,stack_with_caveat,thin_n;perfect_score_required;crosswalk_caveat,8.0,z_within_panel,-0.3876574430285533,,
small_multiples_index,quarter,Q2_2025,july_tool,Q2_2025|july_tool|all,all,word_writing,literacy,29.0,stack_with_caveat,thin_n;perfect_score_required;crosswalk_caveat,8.0,percentile_within_panel,43.75,,
small_multiples_index,quarter,Q2_2025,july_tool,Q2_2025|july_tool|all,all,word_writing,literacy,29.0,stack_with_caveat,thin_n;perfect_score_required;crosswalk_caveat,8.0,rank_within_panel,5.0,,
small_multiples_index,quarter,Q2_2025,july_tool,Q2_2025|july_tool|all,all,add_sub_1digit_combined,numeracy,29.0,single_source,thin_n;perfect_score_required;single_source,8.0,pct_students_cleared,68.96551724137932,,
small_multiples_index,quarter,Q2_2025,july_tool,Q2_2025|july_tool|all,all,add_sub_1digit_combined,numeracy,29.0,single_source,thin_n;perfect_score_required;single_source,8.0,z_within_panel,0.301511344577764,,
small_multiples_index,quarter,Q2_2025,july_tool,Q2_2025|july_tool|all,all,add_sub_1digit_combined,numeracy,29.0,single_source,thin_n;perfect_score_required;single_source,8.0,percentile_within_panel,62.5,,
small_multiples_index,quarter,Q2_2025,july_tool,Q2_2025|july_tool|all,all,add_sub_1digit_combined,numeracy,29.0,single_source,thin_n;perfect_score_required;single_source,8.0,rank_within_panel,4.0,,
small_multiples_index,quarter,Q2_2025,july_tool,Q2_2025|july_tool|all,all,number_comparison,numeracy,29.0,stack_with_caveat,thin_n;perfect_score_required;crosswalk_caveat,8.0,pct_students_cleared,72.41379310344827,,
small_multiples_index,quarter,Q2_2025,july_tool,Q2_2025|july_tool|all,all,number_comparison,numeracy,29.0,stack_with_caveat,thin_n;perfect_score_required;crosswalk_caveat,8.0,z_within_panel,0.4738035414793426,,
small_multiples_index,quarter,Q2_2025,july_tool,Q2_2025|july_tool|all,all,number_comparison,numeracy,29.0,stack_with_caveat,thin_n;perfect_score_required;crosswalk_caveat,8.0,percentile_within_panel,75.0,,
small_multiples_index,quarter,Q2_2025,july_tool,Q2_2025|july_tool|all,all,number_comparison,numeracy,29.0,stack_with_caveat,thin_n;perfect_score_required;crosswalk_caveat,8.0,rank_within_panel,3.0,,
small_multiples_index,quarter,Q2_2025,july_tool,Q2_2025|july_tool|all,all,pattern,numeracy,29.0,stack_with_caveat,thin_n;perfect_score_required;crosswalk_caveat,8.0,pct_students_cleared,37.93103448275862,,
small_multiples_index,quarter,Q2_2025,july_tool,Q2_2025|july_tool|all,all,pattern,numeracy,29.0,stack_with_caveat,thin_n;perfect_score_required;crosswalk_caveat,8.0,z_within_panel,-1.2491184275364493,,
small_multiples_index,quarter,Q2_2025,july_tool,Q2_2025|july_tool|all,all,pattern,numeracy,29.0,stack_with_caveat,thin_n;perfect_score_required;crosswalk_caveat,8.0,percentile_within_panel,25.0,,
small_multiples_index,quarter,Q2_2025,july_tool,Q2_2025|july_tool|all,all,pattern,numeracy,29.0,stack_with_caveat,thin_n;perfect_score_required;crosswalk_caveat,8.0,rank_within_panel,7.0,,
small_multiples_index,quarter,Q2_2025,july_tool,Q2_2025|july_tool|all,all,place_value_bundles,numeracy,29.0,stack_with_caveat,thin_n;perfect_score_required;crosswalk_caveat,8.0,pct_students_cleared,55.172413793103445,,
small_multiples_index,quarter,Q2_2025,july_tool,Q2_2025|july_tool|all,all,place_value_bundles,numeracy,29.0,stack_with_caveat,thin_n;perfect_score_required;crosswalk_caveat,8.0,z_within_panel,-0.3876574430285533,,
small_multiples_index,quarter,Q2_2025,july_tool,Q2_2025|july_tool|all,all,place_value_bundles,numeracy,29.0,stack_with_caveat,thin_n;perfect_score_required;crosswalk_caveat,8.0,percentile_within_panel,43.75,,
small_multiples_index,quarter,Q2_2025,july_tool,Q2_2025|july_tool|all,all,place_value_bundles,numeracy,29.0,stack_with_caveat,thin_n;perfect_score_required;crosswalk_caveat,8.0,rank_within_panel,5.0,,
small_multiples_index,quarter,Q2_2025,july_tool,Q2_2025|july_tool|all,all,shapes_2d,numeracy,29.0,single_source,thin_n;perfect_score_required;single_source,8.0,pct_students_cleared,82.75862068965517,,
small_multiples_index,quarter,Q2_2025,july_tool,Q2_2025|july_tool|all,all,shapes_2d,numeracy,29.0,single_source,thin_n;perfect_score_required;single_source,8.0,z_within_panel,0.9906801321840806,,
small_multiples_index,quarter,Q2_2025,july_tool,Q2_2025|july_tool|all,all,shapes_2d,numeracy,29.0,single_source,thin_n;perfect_score_required;single_source,8.0,percentile_within_panel,87.5,,
small_multiples_index,quarter,Q2_2025,july_tool,Q2_2025|july_tool|all,all,shapes_2d,numeracy,29.0,single_source,thin_n;perfect_score_required;single_source,8.0,rank_within_panel,2.0,,
small_multiples_index,quarter,Q2_2026,q2_2026_tool,Q2_2026|q2_2026_tool|literacy,literacy,letter_recognition,literacy,1361.0,stack,,4.0,pct_students_cleared,75.90007347538574,,
small_multiples_index,quarter,Q2_2026,q2_2026_tool,Q2_2026|q2_2026_tool|literacy,literacy,letter_recognition,literacy,1361.0,stack,,4.0,z_within_panel,1.1324190291524039,,
small_multiples_index,quarter,Q2_2026,q2_2026_tool,Q2_2026|q2_2026_tool|literacy,literacy,letter_recognition,literacy,1361.0,stack,,4.0,percentile_within_panel,100.0,,
small_multiples_index,quarter,Q2_2026,q2_2026_tool,Q2_2026|q2_2026_tool|literacy,literacy,letter_recognition,literacy,1361.0,stack,,4.0,rank_within_panel,1.0,,
small_multiples_index,quarter,Q2_2026,q2_2026_tool,Q2_2026|q2_2026_tool|literacy,literacy,sentence_reading,literacy,1361.0,stack,perfect_score_required,4.0,pct_students_cleared,31.447465099191767,,
small_multiples_index,quarter,Q2_2026,q2_2026_tool,Q2_2026|q2_2026_tool|literacy,literacy,sentence_reading,literacy,1361.0,stack,perfect_score_required,4.0,z_within_panel,-1.5755395188207357,,
small_multiples_index,quarter,Q2_2026,q2_2026_tool,Q2_2026|q2_2026_tool|literacy,literacy,sentence_reading,literacy,1361.0,stack,perfect_score_required,4.0,percentile_within_panel,25.0,,
small_multiples_index,quarter,Q2_2026,q2_2026_tool,Q2_2026|q2_2026_tool|literacy,literacy,sentence_reading,literacy,1361.0,stack,perfect_score_required,4.0,rank_within_panel,4.0,,
small_multiples_index,quarter,Q2_2026,q2_2026_tool,Q2_2026|q2_2026_tool|literacy,literacy,word_reading,literacy,1361.0,stack,,4.0,pct_students_cleared,65.24614254224834,,
small_multiples_index,quarter,Q2_2026,q2_2026_tool,Q2_2026|q2_2026_tool|literacy,literacy,word_reading,literacy,1361.0,stack,,4.0,z_within_panel,0.4834041705472709,,
small_multiples_index,quarter,Q2_2026,q2_2026_tool,Q2_2026|q2_2026_tool|literacy,literacy,word_reading,literacy,1361.0,stack,,4.0,percentile_within_panel,75.0,,
small_multiples_index,quarter,Q2_2026,q2_2026_tool,Q2_2026|q2_2026_tool|literacy,literacy,word_reading,literacy,1361.0,stack,,4.0,rank_within_panel,2.0,,
small_multiples_index,quarter,Q2_2026,q2_2026_tool,Q2_2026|q2_2026_tool|literacy,literacy,word_writing,literacy,1361.0,stack,,4.0,pct_students_cleared,56.64952240999265,,
small_multiples_index,quarter,Q2_2026,q2_2026_tool,Q2_2026|q2_2026_tool|literacy,literacy,word_writing,literacy,1361.0,stack,,4.0,z_within_panel,-0.0402836808789391,,
small_multiples_index,quarter,Q2_2026,q2_2026_tool,Q2_2026|q2_2026_tool|literacy,literacy,word_writing,literacy,1361.0,stack,,4.0,percentile_within_panel,50.0,,
small_multiples_index,quarter,Q2_2026,q2_2026_tool,Q2_2026|q2_2026_tool|literacy,literacy,word_writing,literacy,1361.0,stack,,4.0,rank_within_panel,3.0,,
small_multiples_index,quarter,Q2_2026,q2_2026_tool,Q2_2026|q2_2026_tool|numeracy,numeracy,addition,numeracy,1361.0,stack_with_caveat,crosswalk_caveat,5.0,pct_students_cleared,79.27994121969141,,
small_multiples_index,quarter,Q2_2026,q2_2026_tool,Q2_2026|q2_2026_tool|numeracy,numeracy,addition,numeracy,1361.0,stack_with_caveat,crosswalk_caveat,5.0,z_within_panel,1.527063227215994,,
small_multiples_index,quarter,Q2_2026,q2_2026_tool,Q2_2026|q2_2026_tool|numeracy,numeracy,addition,numeracy,1361.0,stack_with_caveat,crosswalk_caveat,5.0,percentile_within_panel,100.0,,
small_multiples_index,quarter,Q2_2026,q2_2026_tool,Q2_2026|q2_2026_tool|numeracy,numeracy,addition,numeracy,1361.0,stack_with_caveat,crosswalk_caveat,5.0,rank_within_panel,1.0,,
small_multiples_index,quarter,Q2_2026,q2_2026_tool,Q2_2026|q2_2026_tool|numeracy,numeracy,number_recognition,numeracy,1361.0,stack,,5.0,pct_students_cleared,57.38427626745041,,
small_multiples_index,quarter,Q2_2026,q2_2026_tool,Q2_2026|q2_2026_tool|numeracy,numeracy,number_recognition,numeracy,1361.0,stack,,5.0,z_within_panel,0.03992322162656235,,
small_multiples_index,quarter,Q2_2026,q2_2026_tool,Q2_2026|q2_2026_tool|numeracy,numeracy,number_recognition,numeracy,1361.0,stack,,5.0,percentile_within_panel,60.0,,
small_multiples_index,quarter,Q2_2026,q2_2026_tool,Q2_2026|q2_2026_tool|numeracy,numeracy,number_recognition,numeracy,1361.0,stack,,5.0,rank_within_panel,3.0,,
small_multiples_index,quarter,Q2_2026,q2_2026_tool,Q2_2026|q2_2026_tool|numeracy,numeracy,pattern,numeracy,1361.0,stack_with_caveat,perfect_score_required;crosswalk_caveat,5.0,pct_students_cleared,37.325495958853786,,
small_multiples_index,quarter,Q2_2026,q2_2026_tool,Q2_2026|q2_2026_tool|numeracy,numeracy,pattern,numeracy,1361.0,stack_with_caveat,perfect_score_required;crosswalk_caveat,5.0,z_within_panel,-1.3224567163798637,,
small_multiples_index,quarter,Q2_2026,q2_2026_tool,Q2_2026|q2_2026_tool|numeracy,numeracy,pattern,numeracy,1361.0,stack_with_caveat,perfect_score_required;crosswalk_caveat,5.0,percentile_within_panel,20.0,,
small_multiples_index,quarter,Q2_2026,q2_2026_tool,Q2_2026|q2_2026_tool|numeracy,numeracy,pattern,numeracy,1361.0,stack_with_caveat,perfect_score_required;crosswalk_caveat,5.0,rank_within_panel,5.0,,
small_multiples_index,quarter,Q2_2026,q2_2026_tool,Q2_2026|q2_2026_tool|numeracy,numeracy,place_value_bundles,numeracy,1361.0,stack_with_caveat,crosswalk_caveat,5.0,pct_students_cleared,45.187362233651726,,
small_multiples_index,quarter,Q2_2026,q2_2026_tool,Q2_2026|q2_2026_tool|numeracy,numeracy,place_value_bundles,numeracy,1361.0,stack_with_caveat,crosswalk_caveat,5.0,z_within_panel,-0.7884836271245982,,
small_multiples_index,quarter,Q2_2026,q2_2026_tool,Q2_2026|q2_2026_tool|numeracy,numeracy,place_value_bundles,numeracy,1361.0,stack_with_caveat,crosswalk_caveat,5.0,percentile_within_panel,40.0,,
small_multiples_index,quarter,Q2_2026,q2_2026_tool,Q2_2026|q2_2026_tool|numeracy,numeracy,place_value_bundles,numeracy,1361.0,stack_with_caveat,crosswalk_caveat,5.0,rank_within_panel,4.0,,
small_multiples_index,quarter,Q2_2026,q2_2026_tool,Q2_2026|q2_2026_tool|numeracy,numeracy,subtraction,numeracy,1361.0,stack_with_caveat,crosswalk_caveat,5.0,pct_students_cleared,64.8052902277737,,
small_multiples_index,quarter,Q2_2026,q2_2026_tool,Q2_2026|q2_2026_tool|numeracy,numeracy,subtraction,numeracy,1361.0,stack_with_caveat,crosswalk_caveat,5.0,z_within_panel,0.5439538946619064,,
small_multiples_index,quarter,Q2_2026,q2_2026_tool,Q2_2026|q2_2026_tool|numeracy,numeracy,subtraction,numeracy,1361.0,stack_with_caveat,crosswalk_caveat,5.0,percentile_within_panel,80.0,,
small_multiples_index,quarter,Q2_2026,q2_2026_tool,Q2_2026|q2_2026_tool|numeracy,numeracy,subtraction,numeracy,1361.0,stack_with_caveat,crosswalk_caveat,5.0,rank_within_panel,2.0,,
small_multiples_index,quarter,Q2_2026,q2_2026_tool,Q2_2026|q2_2026_tool|all,all,letter_recognition,literacy,1361.0,stack,,9.0,pct_students_cleared,75.90007347538574,,
small_multiples_index,quarter,Q2_2026,q2_2026_tool,Q2_2026|q2_2026_tool|all,all,letter_recognition,literacy,1361.0,stack,,9.0,z_within_panel,1.2177140443322165,,
small_multiples_index,quarter,Q2_2026,q2_2026_tool,Q2_2026|q2_2026_tool|all,all,letter_recognition,literacy,1361.0,stack,,9.0,percentile_within_panel,88.88888888888889,,
small_multiples_index,quarter,Q2_2026,q2_2026_tool,Q2_2026|q2_2026_tool|all,all,letter_recognition,literacy,1361.0,stack,,9.0,rank_within_panel,2.0,,
small_multiples_index,quarter,Q2_2026,q2_2026_tool,Q2_2026|q2_2026_tool|all,all,sentence_reading,literacy,1361.0,stack,perfect_score_required,9.0,pct_students_cleared,31.447465099191767,,
small_multiples_index,quarter,Q2_2026,q2_2026_tool,Q2_2026|q2_2026_tool|all,all,sentence_reading,literacy,1361.0,stack,perfect_score_required,9.0,z_within_panel,-1.650128936372335,,
small_multiples_index,quarter,Q2_2026,q2_2026_tool,Q2_2026|q2_2026_tool|all,all,sentence_reading,literacy,1361.0,stack,perfect_score_required,9.0,percentile_within_panel,11.11111111111111,,
small_multiples_index,quarter,Q2_2026,q2_2026_tool,Q2_2026|q2_2026_tool|all,all,sentence_reading,literacy,1361.0,stack,perfect_score_required,9.0,rank_within_panel,9.0,,
small_multiples_index,quarter,Q2_2026,q2_2026_tool,Q2_2026|q2_2026_tool|all,all,word_reading,literacy,1361.0,stack,,9.0,pct_students_cleared,65.24614254224834,,
small_multiples_index,quarter,Q2_2026,q2_2026_tool,Q2_2026|q2_2026_tool|all,all,word_reading,literacy,1361.0,stack,,9.0,z_within_panel,0.5303797762294725,,
small_multiples_index,quarter,Q2_2026,q2_2026_tool,Q2_2026|q2_2026_tool|all,all,word_reading,literacy,1361.0,stack,,9.0,percentile_within_panel,77.77777777777779,,
small_multiples_index,quarter,Q2_2026,q2_2026_tool,Q2_2026|q2_2026_tool|all,all,word_reading,literacy,1361.0,stack,,9.0,rank_within_panel,3.0,,
small_multiples_index,quarter,Q2_2026,q2_2026_tool,Q2_2026|q2_2026_tool|all,all,word_writing,literacy,1361.0,stack,,9.0,pct_students_cleared,56.64952240999265,,
small_multiples_index,quarter,Q2_2026,q2_2026_tool,Q2_2026|q2_2026_tool|all,all,word_writing,literacy,1361.0,stack,,9.0,z_within_panel,-0.024227874584465185,,
small_multiples_index,quarter,Q2_2026,q2_2026_tool,Q2_2026|q2_2026_tool|all,all,word_writing,literacy,1361.0,stack,,9.0,percentile_within_panel,44.44444444444444,,
small_multiples_index,quarter,Q2_2026,q2_2026_tool,Q2_2026|q2_2026_tool|all,all,word_writing,literacy,1361.0,stack,,9.0,rank_within_panel,6.0,,
small_multiples_index,quarter,Q2_2026,q2_2026_tool,Q2_2026|q2_2026_tool|all,all,addition,numeracy,1361.0,stack_with_caveat,crosswalk_caveat,9.0,pct_students_cleared,79.27994121969141,,
small_multiples_index,quarter,Q2_2026,q2_2026_tool,Q2_2026|q2_2026_tool|all,all,addition,numeracy,1361.0,stack_with_caveat,crosswalk_caveat,9.0,z_within_panel,1.4357649155923982,,
small_multiples_index,quarter,Q2_2026,q2_2026_tool,Q2_2026|q2_2026_tool|all,all,addition,numeracy,1361.0,stack_with_caveat,crosswalk_caveat,9.0,percentile_within_panel,100.0,,
small_multiples_index,quarter,Q2_2026,q2_2026_tool,Q2_2026|q2_2026_tool|all,all,addition,numeracy,1361.0,stack_with_caveat,crosswalk_caveat,9.0,rank_within_panel,1.0,,
small_multiples_index,quarter,Q2_2026,q2_2026_tool,Q2_2026|q2_2026_tool|all,all,number_recognition,numeracy,1361.0,stack,,9.0,pct_students_cleared,57.38427626745041,,
small_multiples_index,quarter,Q2_2026,q2_2026_tool,Q2_2026|q2_2026_tool|all,all,number_recognition,numeracy,1361.0,stack,,9.0,z_within_panel,0.023174488732966042,,
small_multiples_index,quarter,Q2_2026,q2_2026_tool,Q2_2026|q2_2026_tool|all,all,number_recognition,numeracy,1361.0,stack,,9.0,percentile_within_panel,55.55555555555556,,
small_multiples_index,quarter,Q2_2026,q2_2026_tool,Q2_2026|q2_2026_tool|all,all,number_recognition,numeracy,1361.0,stack,,9.0,rank_within_panel,5.0,,
small_multiples_index,quarter,Q2_2026,q2_2026_tool,Q2_2026|q2_2026_tool|all,all,pattern,numeracy,1361.0,stack_with_caveat,perfect_score_required;crosswalk_caveat,9.0,pct_students_cleared,37.325495958853786,,
small_multiples_index,quarter,Q2_2026,q2_2026_tool,Q2_2026|q2_2026_tool|all,all,pattern,numeracy,1361.0,stack_with_caveat,perfect_score_required;crosswalk_caveat,9.0,z_within_panel,-1.27091002983289,,
small_multiples_index,quarter,Q2_2026,q2_2026_tool,Q2_2026|q2_2026_tool|all,all,pattern,numeracy,1361.0,stack_with_caveat,perfect_score_required;crosswalk_caveat,9.0,percentile_within_panel,22.22222222222222,,
small_multiples_index,quarter,Q2_2026,q2_2026_tool,Q2_2026|q2_2026_tool|all,all,pattern,numeracy,1361.0,stack_with_caveat,perfect_score_required;crosswalk_caveat,9.0,rank_within_panel,8.0,,
small_multiples_index,quarter,Q2_2026,q2_2026_tool,Q2_2026|q2_2026_tool|all,all,place_value_bundles,numeracy,1361.0,stack_with_caveat,crosswalk_caveat,9.0,pct_students_cleared,45.187362233651726,,
small_multiples_index,quarter,Q2_2026,q2_2026_tool,Q2_2026|q2_2026_tool|all,all,place_value_bundles,numeracy,1361.0,stack_with_caveat,crosswalk_caveat,9.0,z_within_panel,-0.7637047423363825,,
small_multiples_index,quarter,Q2_2026,q2_2026_tool,Q2_2026|q2_2026_tool|all,all,place_value_bundles,numeracy,1361.0,stack_with_caveat,crosswalk_caveat,9.0,percentile_within_panel,33.33333333333333,,
small_multiples_index,quarter,Q2_2026,q2_2026_tool,Q2_2026|q2_2026_tool|all,all,place_value_bundles,numeracy,1361.0,stack_with_caveat,crosswalk_caveat,9.0,rank_within_panel,7.0,,
small_multiples_index,quarter,Q2_2026,q2_2026_tool,Q2_2026|q2_2026_tool|all,all,subtraction,numeracy,1361.0,stack_with_caveat,crosswalk_caveat,9.0,pct_students_cleared,64.8052902277737,,
small_multiples_index,quarter,Q2_2026,q2_2026_tool,Q2_2026|q2_2026_tool|all,all,subtraction,numeracy,1361.0,stack_with_caveat,crosswalk_caveat,9.0,z_within_panel,0.5019383582390149,,
small_multiples_index,quarter,Q2_2026,q2_2026_tool,Q2_2026|q2_2026_tool|all,all,subtraction,numeracy,1361.0,stack_with_caveat,crosswalk_caveat,9.0,percentile_within_panel,66.66666666666666,,
small_multiples_index,quarter,Q2_2026,q2_2026_tool,Q2_2026|q2_2026_tool|all,all,subtraction,numeracy,1361.0,stack_with_caveat,crosswalk_caveat,9.0,rank_within_panel,4.0,,
small_multiples_index,quarter,Q3_2025,did_baseline,Q3_2025|did_baseline|literacy,literacy,letter_writing,literacy,,stack,n_unknown_n;baseline_pct_correct_not_clearance,8.0,pct_students_cleared,78.3,,
small_multiples_index,quarter,Q3_2025,did_baseline,Q3_2025|did_baseline|literacy,literacy,letter_writing,literacy,,stack,n_unknown_n;baseline_pct_correct_not_clearance,8.0,z_within_panel,0.6234262731723826,,
small_multiples_index,quarter,Q3_2025,did_baseline,Q3_2025|did_baseline|literacy,literacy,letter_writing,literacy,,stack,n_unknown_n;baseline_pct_correct_not_clearance,8.0,percentile_within_panel,75.0,,
small_multiples_index,quarter,Q3_2025,did_baseline,Q3_2025|did_baseline|literacy,literacy,letter_writing,literacy,,stack,n_unknown_n;baseline_pct_correct_not_clearance,8.0,rank_within_panel,3.0,,
small_multiples_index,quarter,Q3_2025,did_baseline,Q3_2025|did_baseline|literacy,literacy,listening_comprehension,literacy,,stack,n_unknown_n;baseline_pct_correct_not_clearance,8.0,pct_students_cleared,62.849999999999994,,
small_multiples_index,quarter,Q3_2025,did_baseline,Q3_2025|did_baseline|literacy,literacy,listening_comprehension,literacy,,stack,n_unknown_n;baseline_pct_correct_not_clearance,8.0,z_within_panel,-0.12906872061772015,,
small_multiples_index,quarter,Q3_2025,did_baseline,Q3_2025|did_baseline|literacy,literacy,listening_comprehension,literacy,,stack,n_unknown_n;baseline_pct_correct_not_clearance,8.0,percentile_within_panel,62.5,,
small_multiples_index,quarter,Q3_2025,did_baseline,Q3_2025|did_baseline|literacy,literacy,listening_comprehension,literacy,,stack,n_unknown_n;baseline_pct_correct_not_clearance,8.0,rank_within_panel,4.0,,
small_multiples_index,quarter,Q3_2025,did_baseline,Q3_2025|did_baseline|literacy,literacy,oral_vocabulary,literacy,,stack,n_unknown_n;ceiling;baseline_pct_correct_not_clearance,8.0,pct_students_cleared,96.80000000000001,,
small_multiples_index,quarter,Q3_2025,did_baseline,Q3_2025|did_baseline|literacy,literacy,oral_vocabulary,literacy,,stack,n_unknown_n;ceiling;baseline_pct_correct_not_clearance,8.0,z_within_panel,1.5244720586168428,,
small_multiples_index,quarter,Q3_2025,did_baseline,Q3_2025|did_baseline|literacy,literacy,oral_vocabulary,literacy,,stack,n_unknown_n;ceiling;baseline_pct_correct_not_clearance,8.0,percentile_within_panel,100.0,,
small_multiples_index,quarter,Q3_2025,did_baseline,Q3_2025|did_baseline|literacy,literacy,oral_vocabulary,literacy,,stack,n_unknown_n;ceiling;baseline_pct_correct_not_clearance,8.0,rank_within_panel,1.0,,
small_multiples_index,quarter,Q3_2025,did_baseline,Q3_2025|did_baseline|literacy,literacy,picture_comprehension,literacy,,stack,n_unknown_n;baseline_pct_correct_not_clearance,8.0,pct_students_cleared,93.35,,
small_multiples_index,quarter,Q3_2025,did_baseline,Q3_2025|did_baseline|literacy,literacy,picture_comprehension,literacy,,stack,n_unknown_n;baseline_pct_correct_not_clearance,8.0,z_within_panel,1.3564391959258482,,
small_multiples_index,quarter,Q3_2025,did_baseline,Q3_2025|did_baseline|literacy,literacy,picture_comprehension,literacy,,stack,n_unknown_n;baseline_pct_correct_not_clearance,8.0,percentile_within_panel,87.5,,
small_multiples_index,quarter,Q3_2025,did_baseline,Q3_2025|did_baseline|literacy,literacy,picture_comprehension,literacy,,stack,n_unknown_n;baseline_pct_correct_not_clearance,8.0,rank_within_panel,2.0,,
small_multiples_index,quarter,Q3_2025,did_baseline,Q3_2025|did_baseline|literacy,literacy,reading_comprehension,literacy,,stack_with_caveat,n_unknown_n;baseline_pct_correct_not_clearance;crosswalk_caveat,8.0,pct_students_cleared,47.8,,
small_multiples_index,quarter,Q3_2025,did_baseline,Q3_2025|did_baseline|literacy,literacy,reading_comprehension,literacy,,stack_with_caveat,n_unknown_n;baseline_pct_correct_not_clearance;crosswalk_caveat,8.0,z_within_panel,-0.8620816433711856,,
small_multiples_index,quarter,Q3_2025,did_baseline,Q3_2025|did_baseline|literacy,literacy,reading_comprehension,literacy,,stack_with_caveat,n_unknown_n;baseline_pct_correct_not_clearance;crosswalk_caveat,8.0,percentile_within_panel,37.5,,
small_multiples_index,quarter,Q3_2025,did_baseline,Q3_2025|did_baseline|literacy,literacy,reading_comprehension,literacy,,stack_with_caveat,n_unknown_n;baseline_pct_correct_not_clearance;crosswalk_caveat,8.0,rank_within_panel,6.0,,
small_multiples_index,quarter,Q3_2025,did_baseline,Q3_2025|did_baseline|literacy,literacy,sentence_reading,literacy,,stack_with_caveat,n_unknown_n;baseline_pct_correct_not_clearance;crosswalk_caveat,8.0,pct_students_cleared,47.4,,
small_multiples_index,quarter,Q3_2025,did_baseline,Q3_2025|did_baseline|literacy,literacy,sentence_reading,literacy,,stack_with_caveat,n_unknown_n;baseline_pct_correct_not_clearance;crosswalk_caveat,8.0,z_within_panel,-0.8815637144078226,,
small_multiples_index,quarter,Q3_2025,did_baseline,Q3_2025|did_baseline|literacy,literacy,sentence_reading,literacy,,stack_with_caveat,n_unknown_n;baseline_pct_correct_not_clearance;crosswalk_caveat,8.0,percentile_within_panel,25.0,,
small_multiples_index,quarter,Q3_2025,did_baseline,Q3_2025|did_baseline|literacy,literacy,sentence_reading,literacy,,stack_with_caveat,n_unknown_n;baseline_pct_correct_not_clearance;crosswalk_caveat,8.0,rank_within_panel,7.0,,
small_multiples_index,quarter,Q3_2025,did_baseline,Q3_2025|did_baseline|literacy,literacy,word_reading,literacy,,stack_with_caveat,n_unknown_n;baseline_pct_correct_not_clearance;crosswalk_caveat,8.0,pct_students_cleared,59.8,,
small_multiples_index,quarter,Q3_2025,did_baseline,Q3_2025|did_baseline|literacy,literacy,word_reading,literacy,,stack_with_caveat,n_unknown_n;baseline_pct_correct_not_clearance;crosswalk_caveat,8.0,z_within_panel,-0.2776195122720768,,
small_multiples_index,quarter,Q3_2025,did_baseline,Q3_2025|did_baseline|literacy,literacy,word_reading,literacy,,stack_with_caveat,n_unknown_n;baseline_pct_correct_not_clearance;crosswalk_caveat,8.0,percentile_within_panel,50.0,,
small_multiples_index,quarter,Q3_2025,did_baseline,Q3_2025|did_baseline|literacy,literacy,word_reading,literacy,,stack_with_caveat,n_unknown_n;baseline_pct_correct_not_clearance;crosswalk_caveat,8.0,rank_within_panel,5.0,,
small_multiples_index,quarter,Q3_2025,did_baseline,Q3_2025|did_baseline|literacy,literacy,word_writing,literacy,,stack,n_unknown_n;baseline_pct_correct_not_clearance,8.0,pct_students_cleared,37.7,,
small_multiples_index,quarter,Q3_2025,did_baseline,Q3_2025|did_baseline|literacy,literacy,word_writing,literacy,,stack,n_unknown_n;baseline_pct_correct_not_clearance,8.0,z_within_panel,-1.3540039370462686,,
small_multiples_index,quarter,Q3_2025,did_baseline,Q3_2025|did_baseline|literacy,literacy,word_writing,literacy,,stack,n_unknown_n;baseline_pct_correct_not_clearance,8.0,percentile_within_panel,12.5,,
small_multiples_index,quarter,Q3_2025,did_baseline,Q3_2025|did_baseline|literacy,literacy,word_writing,literacy,,stack,n_unknown_n;baseline_pct_correct_not_clearance,8.0,rank_within_panel,8.0,,
small_multiples_index,quarter,Q3_2025,did_baseline,Q3_2025|did_baseline|numeracy,numeracy,addition_2digit,numeracy,,stack,n_unknown_n;baseline_pct_correct_not_clearance,16.0,pct_students_cleared,60.150000000000006,,
small_multiples_index,quarter,Q3_2025,did_baseline,Q3_2025|did_baseline|numeracy,numeracy,addition_2digit,numeracy,,stack,n_unknown_n;baseline_pct_correct_not_clearance,16.0,z_within_panel,0.11929224518320146,,
small_multiples_index,quarter,Q3_2025,did_baseline,Q3_2025|did_baseline|numeracy,numeracy,addition_2digit,numeracy,,stack,n_unknown_n;baseline_pct_correct_not_clearance,16.0,percentile_within_panel,43.75,,
small_multiples_index,quarter,Q3_2025,did_baseline,Q3_2025|did_baseline|numeracy,numeracy,addition_2digit,numeracy,,stack,n_unknown_n;baseline_pct_correct_not_clearance,16.0,rank_within_panel,10.0,,
small_multiples_index,quarter,Q3_2025,did_baseline,Q3_2025|did_baseline|numeracy,numeracy,data_handling,numeracy,,stack,n_unknown_n;baseline_pct_correct_not_clearance,16.0,pct_students_cleared,65.15,,
small_multiples_index,quarter,Q3_2025,did_baseline,Q3_2025|did_baseline|numeracy,numeracy,data_handling,numeracy,,stack,n_unknown_n;baseline_pct_correct_not_clearance,16.0,z_within_panel,0.36181777541588467,,
small_multiples_index,quarter,Q3_2025,did_baseline,Q3_2025|did_baseline|numeracy,numeracy,data_handling,numeracy,,stack,n_unknown_n;baseline_pct_correct_not_clearance,16.0,percentile_within_panel,62.5,,
small_multiples_index,quarter,Q3_2025,did_baseline,Q3_2025|did_baseline|numeracy,numeracy,data_handling,numeracy,,stack,n_unknown_n;baseline_pct_correct_not_clearance,16.0,rank_within_panel,7.0,,
small_multiples_index,quarter,Q3_2025,did_baseline,Q3_2025|did_baseline|numeracy,numeracy,measurement,numeracy,,stack,n_unknown_n;baseline_pct_correct_not_clearance,16.0,pct_students_cleared,83.85,,
small_multiples_index,quarter,Q3_2025,did_baseline,Q3_2025|did_baseline|numeracy,numeracy,measurement,numeracy,,stack,n_unknown_n;baseline_pct_correct_not_clearance,16.0,z_within_panel,1.2688632584861192,,
small_multiples_index,quarter,Q3_2025,did_baseline,Q3_2025|did_baseline|numeracy,numeracy,measurement,numeracy,,stack,n_unknown_n;baseline_pct_correct_not_clearance,16.0,percentile_within_panel,93.75,,
small_multiples_index,quarter,Q3_2025,did_baseline,Q3_2025|did_baseline|numeracy,numeracy,measurement,numeracy,,stack,n_unknown_n;baseline_pct_correct_not_clearance,16.0,rank_within_panel,2.0,,
small_multiples_index,quarter,Q3_2025,did_baseline,Q3_2025|did_baseline|numeracy,numeracy,money,numeracy,,single_source,n_unknown_n;baseline_pct_correct_not_clearance;single_source,16.0,pct_students_cleared,64.4,,
small_multiples_index,quarter,Q3_2025,did_baseline,Q3_2025|did_baseline|numeracy,numeracy,money,numeracy,,single_source,n_unknown_n;baseline_pct_correct_not_clearance;single_source,16.0,z_within_panel,0.32543894588098216,,
small_multiples_index,quarter,Q3_2025,did_baseline,Q3_2025|did_baseline|numeracy,numeracy,money,numeracy,,single_source,n_unknown_n;baseline_pct_correct_not_clearance;single_source,16.0,percentile_within_panel,56.25,,
small_multiples_index,quarter,Q3_2025,did_baseline,Q3_2025|did_baseline|numeracy,numeracy,money,numeracy,,single_source,n_unknown_n;baseline_pct_correct_not_clearance;single_source,16.0,rank_within_panel,8.0,,
small_multiples_index,quarter,Q3_2025,did_baseline,Q3_2025|did_baseline|numeracy,numeracy,multiplication,numeracy,,stack,n_unknown_n;baseline_pct_correct_not_clearance,16.0,pct_students_cleared,80.15,,
small_multiples_index,quarter,Q3_2025,did_baseline,Q3_2025|did_baseline|numeracy,numeracy,multiplication,numeracy,,stack,n_unknown_n;baseline_pct_correct_not_clearance,16.0,z_within_panel,1.0893943661139343,,
small_multiples_index,quarter,Q3_2025,did_baseline,Q3_2025|did_baseline|numeracy,numeracy,multiplication,numeracy,,stack,n_unknown_n;baseline_pct_correct_not_clearance,16.0,percentile_within_panel,87.5,,
small_multiples_index,quarter,Q3_2025,did_baseline,Q3_2025|did_baseline|numeracy,numeracy,multiplication,numeracy,,stack,n_unknown_n;baseline_pct_correct_not_clearance,16.0,rank_within_panel,3.0,,
small_multiples_index,quarter,Q3_2025,did_baseline,Q3_2025|did_baseline|numeracy,numeracy,number_comparison,numeracy,,stack,n_unknown_n;baseline_pct_correct_not_clearance,16.0,pct_students_cleared,67.45,,
small_multiples_index,quarter,Q3_2025,did_baseline,Q3_2025|did_baseline|numeracy,numeracy,number_comparison,numeracy,,stack,n_unknown_n;baseline_pct_correct_not_clearance,16.0,z_within_panel,0.4733795193229188,,
small_multiples_index,quarter,Q3_2025,did_baseline,Q3_2025|did_baseline|numeracy,numeracy,number_comparison,numeracy,,stack,n_unknown_n;baseline_pct_correct_not_clearance,16.0,percentile_within_panel,75.0,,
small_multiples_index,quarter,Q3_2025,did_baseline,Q3_2025|did_baseline|numeracy,numeracy,number_comparison,numeracy,,stack,n_unknown_n;baseline_pct_correct_not_clearance,16.0,rank_within_panel,5.0,,
small_multiples_index,quarter,Q3_2025,did_baseline,Q3_2025|did_baseline|numeracy,numeracy,number_pattern,numeracy,,stack,n_unknown_n;baseline_pct_correct_not_clearance,16.0,pct_students_cleared,28.2,,
small_multiples_index,quarter,Q3_2025,did_baseline,Q3_2025|did_baseline|numeracy,numeracy,number_pattern,numeracy,,stack,n_unknown_n;baseline_pct_correct_not_clearance,16.0,z_within_panel,-1.4304458930036446,,
small_multiples_index,quarter,Q3_2025,did_baseline,Q3_2025|did_baseline|numeracy,numeracy,number_pattern,numeracy,,stack,n_unknown_n;baseline_pct_correct_not_clearance,16.0,percentile_within_panel,12.5,,
small_multiples_index,quarter,Q3_2025,did_baseline,Q3_2025|did_baseline|numeracy,numeracy,number_pattern,numeracy,,stack,n_unknown_n;baseline_pct_correct_not_clearance,16.0,rank_within_panel,15.0,,
small_multiples_index,quarter,Q3_2025,did_baseline,Q3_2025|did_baseline|numeracy,numeracy,number_recognition,numeracy,,stack,n_unknown_n;baseline_pct_correct_not_clearance,16.0,pct_students_cleared,69.8,,
small_multiples_index,quarter,Q3_2025,did_baseline,Q3_2025|did_baseline|numeracy,numeracy,number_recognition,numeracy,,stack,n_unknown_n;baseline_pct_correct_not_clearance,16.0,z_within_panel,0.5873665185322796,,
small_multiples_index,quarter,Q3_2025,did_baseline,Q3_2025|did_baseline|numeracy,numeracy,number_recognition,numeracy,,stack,n_unknown_n;baseline_pct_correct_not_clearance,16.0,percentile_within_panel,81.25,,
small_multiples_index,quarter,Q3_2025,did_baseline,Q3_2025|did_baseline|numeracy,numeracy,number_recognition,numeracy,,stack,n_unknown_n;baseline_pct_correct_not_clearance,16.0,rank_within_panel,4.0,,
small_multiples_index,quarter,Q3_2025,did_baseline,Q3_2025|did_baseline|numeracy,numeracy,number_writing,numeracy,,stack,n_unknown_n;baseline_pct_correct_not_clearance,16.0,pct_students_cleared,66.5,,
small_multiples_index,quarter,Q3_2025,did_baseline,Q3_2025|did_baseline|numeracy,numeracy,number_writing,numeracy,,stack,n_unknown_n;baseline_pct_correct_not_clearance,16.0,z_within_panel,0.4272996685787088,,
small_multiples_index,quarter,Q3_2025,did_baseline,Q3_2025|did_baseline|numeracy,numeracy,number_writing,numeracy,,stack,n_unknown_n;baseline_pct_correct_not_clearance,16.0,percentile_within_panel,68.75,,
small_multiples_index,quarter,Q3_2025,did_baseline,Q3_2025|did_baseline|numeracy,numeracy,number_writing,numeracy,,stack,n_unknown_n;baseline_pct_correct_not_clearance,16.0,rank_within_panel,6.0,,
small_multiples_index,quarter,Q3_2025,did_baseline,Q3_2025|did_baseline|numeracy,numeracy,place_value_bundles,numeracy,,stack_with_caveat,n_unknown_n;baseline_pct_correct_not_clearance;crosswalk_caveat,16.0,pct_students_cleared,60.1,,
small_multiples_index,quarter,Q3_2025,did_baseline,Q3_2025|did_baseline|numeracy,numeracy,place_value_bundles,numeracy,,stack_with_caveat,n_unknown_n;baseline_pct_correct_not_clearance;crosswalk_caveat,16.0,z_within_panel,0.11686698988087442,,
small_multiples_index,quarter,Q3_2025,did_baseline,Q3_2025|did_baseline|numeracy,numeracy,place_value_bundles,numeracy,,stack_with_caveat,n_unknown_n;baseline_pct_correct_not_clearance;crosswalk_caveat,16.0,percentile_within_panel,37.5,,
small_multiples_index,quarter,Q3_2025,did_baseline,Q3_2025|did_baseline|numeracy,numeracy,place_value_bundles,numeracy,,stack_with_caveat,n_unknown_n;baseline_pct_correct_not_clearance;crosswalk_caveat,16.0,rank_within_panel,11.0,,
small_multiples_index,quarter,Q3_2025,did_baseline,Q3_2025|did_baseline|numeracy,numeracy,shape_pattern,numeracy,,single_source,n_unknown_n;baseline_pct_correct_not_clearance;single_source,16.0,pct_students_cleared,36.849999999999994,,
small_multiples_index,quarter,Q3_2025,did_baseline,Q3_2025|did_baseline|numeracy,numeracy,shape_pattern,numeracy,,single_source,n_unknown_n;baseline_pct_correct_not_clearance;single_source,16.0,z_within_panel,-1.0108767257011029,,
small_multiples_index,quarter,Q3_2025,did_baseline,Q3_2025|did_baseline|numeracy,numeracy,shape_pattern,numeracy,,single_source,n_unknown_n;baseline_pct_correct_not_clearance;single_source,16.0,percentile_within_panel,25.0,,
small_multiples_index,quarter,Q3_2025,did_baseline,Q3_2025|did_baseline|numeracy,numeracy,shape_pattern,numeracy,,single_source,n_unknown_n;baseline_pct_correct_not_clearance;single_source,16.0,rank_within_panel,13.0,,
small_multiples_index,quarter,Q3_2025,did_baseline,Q3_2025|did_baseline|numeracy,numeracy,shapes_1,numeracy,,single_source,n_unknown_n;baseline_pct_correct_not_clearance;single_source,16.0,pct_students_cleared,85.5,,
small_multiples_index,quarter,Q3_2025,did_baseline,Q3_2025|did_baseline|numeracy,numeracy,shapes_1,numeracy,,single_source,n_unknown_n;baseline_pct_correct_not_clearance;single_source,16.0,z_within_panel,1.348896683462905,,
small_multiples_index,quarter,Q3_2025,did_baseline,Q3_2025|did_baseline|numeracy,numeracy,shapes_1,numeracy,,single_source,n_unknown_n;baseline_pct_correct_not_clearance;single_source,16.0,percentile_within_panel,100.0,,
small_multiples_index,quarter,Q3_2025,did_baseline,Q3_2025|did_baseline|numeracy,numeracy,shapes_1,numeracy,,single_source,n_unknown_n;baseline_pct_correct_not_clearance;single_source,16.0,rank_within_panel,1.0,,
small_multiples_index,quarter,Q3_2025,did_baseline,Q3_2025|did_baseline|numeracy,numeracy,shapes_2,numeracy,,single_source,n_unknown_n;baseline_pct_correct_not_clearance;single_source,16.0,pct_students_cleared,8.1,,
small_multiples_index,quarter,Q3_2025,did_baseline,Q3_2025|did_baseline|numeracy,numeracy,shapes_2,numeracy,,single_source,n_unknown_n;baseline_pct_correct_not_clearance;single_source,16.0,z_within_panel,-2.405398524539031,,
small_multiples_index,quarter,Q3_2025,did_baseline,Q3_2025|did_baseline|numeracy,numeracy,shapes_2,numeracy,,single_source,n_unknown_n;baseline_pct_correct_not_clearance;single_source,16.0,percentile_within_panel,6.25,,
small_multiples_index,quarter,Q3_2025,did_baseline,Q3_2025|did_baseline|numeracy,numeracy,shapes_2,numeracy,,single_source,n_unknown_n;baseline_pct_correct_not_clearance;single_source,16.0,rank_within_panel,16.0,,
small_multiples_index,quarter,Q3_2025,did_baseline,Q3_2025|did_baseline|numeracy,numeracy,subtraction_2digit,numeracy,,stack,n_unknown_n;baseline_pct_correct_not_clearance,16.0,pct_students_cleared,50.5,,
small_multiples_index,quarter,Q3_2025,did_baseline,Q3_2025|did_baseline|numeracy,numeracy,subtraction_2digit,numeracy,,stack,n_unknown_n;baseline_pct_correct_not_clearance,16.0,z_within_panel,-0.3487820281658774,,
small_multiples_index,quarter,Q3_2025,did_baseline,Q3_2025|did_baseline|numeracy,numeracy,subtraction_2digit,numeracy,,stack,n_unknown_n;baseline_pct_correct_not_clearance,16.0,percentile_within_panel,31.25,,
small_multiples_index,quarter,Q3_2025,did_baseline,Q3_2025|did_baseline|numeracy,numeracy,subtraction_2digit,numeracy,,stack,n_unknown_n;baseline_pct_correct_not_clearance,16.0,rank_within_panel,12.0,,
small_multiples_index,quarter,Q3_2025,did_baseline,Q3_2025|did_baseline|numeracy,numeracy,word_problem_addition,numeracy,,stack,n_unknown_n;baseline_pct_correct_not_clearance,16.0,pct_students_cleared,62.5,,
small_multiples_index,quarter,Q3_2025,did_baseline,Q3_2025|did_baseline|numeracy,numeracy,word_problem_addition,numeracy,,stack,n_unknown_n;baseline_pct_correct_not_clearance,16.0,z_within_panel,0.23327924439256228,,
small_multiples_index,quarter,Q3_2025,did_baseline,Q3_2025|did_baseline|numeracy,numeracy,word_problem_addition,numeracy,,stack,n_unknown_n;baseline_pct_correct_not_clearance,16.0,percentile_within_panel,50.0,,
small_multiples_index,quarter,Q3_2025,did_baseline,Q3_2025|did_baseline|numeracy,numeracy,word_problem_addition,numeracy,,stack,n_unknown_n;baseline_pct_correct_not_clearance,16.0,rank_within_panel,9.0,,
small_multiples_index,quarter,Q3_2025,did_baseline,Q3_2025|did_baseline|numeracy,numeracy,word_problem_subtraction,numeracy,,stack,n_unknown_n;baseline_pct_correct_not_clearance,16.0,pct_students_cleared,33.849999999999994,,
small_multiples_index,quarter,Q3_2025,did_baseline,Q3_2025|did_baseline|numeracy,numeracy,word_problem_subtraction,numeracy,,stack,n_unknown_n;baseline_pct_correct_not_clearance,16.0,z_within_panel,-1.1563920438407127,,
small_multiples_index,quarter,Q3_2025,did_baseline,Q3_2025|did_baseline|numeracy,numeracy,word_problem_subtraction,numeracy,,stack,n_unknown_n;baseline_pct_correct_not_clearance,16.0,percentile_within_panel,18.75,,
small_multiples_index,quarter,Q3_2025,did_baseline,Q3_2025|did_baseline|numeracy,numeracy,word_problem_subtraction,numeracy,,stack,n_unknown_n;baseline_pct_correct_not_clearance,16.0,rank_within_panel,14.0,,
small_multiples_index,quarter,Q3_2025,did_baseline,Q3_2025|did_baseline|all,all,letter_writing,literacy,,stack,n_unknown_n;baseline_pct_correct_not_clearance,24.0,pct_students_cleared,78.3,,
small_multiples_index,quarter,Q3_2025,did_baseline,Q3_2025|did_baseline|all,all,letter_writing,literacy,,stack,n_unknown_n;baseline_pct_correct_not_clearance,24.0,z_within_panel,0.8609359094663891,,
small_multiples_index,quarter,Q3_2025,did_baseline,Q3_2025|did_baseline|all,all,letter_writing,literacy,,stack,n_unknown_n;baseline_pct_correct_not_clearance,24.0,percentile_within_panel,79.16666666666666,,
small_multiples_index,quarter,Q3_2025,did_baseline,Q3_2025|did_baseline|all,all,letter_writing,literacy,,stack,n_unknown_n;baseline_pct_correct_not_clearance,24.0,rank_within_panel,6.0,,
small_multiples_index,quarter,Q3_2025,did_baseline,Q3_2025|did_baseline|all,all,listening_comprehension,literacy,,stack,n_unknown_n;baseline_pct_correct_not_clearance,24.0,pct_students_cleared,62.849999999999994,,
small_multiples_index,quarter,Q3_2025,did_baseline,Q3_2025|did_baseline|all,all,listening_comprehension,literacy,,stack,n_unknown_n;baseline_pct_correct_not_clearance,24.0,z_within_panel,0.12222241824774485,,
small_multiples_index,quarter,Q3_2025,did_baseline,Q3_2025|did_baseline|all,all,listening_comprehension,literacy,,stack,n_unknown_n;baseline_pct_correct_not_clearance,24.0,percentile_within_panel,54.166666666666664,,
small_multiples_index,quarter,Q3_2025,did_baseline,Q3_2025|did_baseline|all,all,listening_comprehension,literacy,,stack,n_unknown_n;baseline_pct_correct_not_clearance,24.0,rank_within_panel,12.0,,
small_multiples_index,quarter,Q3_2025,did_baseline,Q3_2025|did_baseline|all,all,oral_vocabulary,literacy,,stack,n_unknown_n;ceiling;baseline_pct_correct_not_clearance,24.0,pct_students_cleared,96.80000000000001,,
small_multiples_index,quarter,Q3_2025,did_baseline,Q3_2025|did_baseline|all,all,oral_vocabulary,literacy,,stack,n_unknown_n;ceiling;baseline_pct_correct_not_clearance,24.0,z_within_panel,1.7454795720906562,,
small_multiples_index,quarter,Q3_2025,did_baseline,Q3_2025|did_baseline|all,all,oral_vocabulary,literacy,,stack,n_unknown_n;ceiling;baseline_pct_correct_not_clearance,24.0,percentile_within_panel,100.0,,
small_multiples_index,quarter,Q3_2025,did_baseline,Q3_2025|did_baseline|all,all,oral_vocabulary,literacy,,stack,n_unknown_n;ceiling;baseline_pct_correct_not_clearance,24.0,rank_within_panel,1.0,,
small_multiples_index,quarter,Q3_2025,did_baseline,Q3_2025|did_baseline|all,all,picture_comprehension,literacy,,stack,n_unknown_n;baseline_pct_correct_not_clearance,24.0,pct_students_cleared,93.35,,
small_multiples_index,quarter,Q3_2025,did_baseline,Q3_2025|did_baseline|all,all,picture_comprehension,literacy,,stack,n_unknown_n;baseline_pct_correct_not_clearance,24.0,z_within_panel,1.5805241323039678,,
small_multiples_index,quarter,Q3_2025,did_baseline,Q3_2025|did_baseline|all,all,picture_comprehension,literacy,,stack,n_unknown_n;baseline_pct_correct_not_clearance,24.0,percentile_within_panel,95.83333333333334,,
small_multiples_index,quarter,Q3_2025,did_baseline,Q3_2025|did_baseline|all,all,picture_comprehension,literacy,,stack,n_unknown_n;baseline_pct_correct_not_clearance,24.0,rank_within_panel,2.0,,
small_multiples_index,quarter,Q3_2025,did_baseline,Q3_2025|did_baseline|all,all,reading_comprehension,literacy,,stack_with_caveat,n_unknown_n;baseline_pct_correct_not_clearance;crosswalk_caveat,24.0,pct_students_cleared,47.8,,
small_multiples_index,quarter,Q3_2025,did_baseline,Q3_2025|did_baseline|all,all,reading_comprehension,literacy,,stack_with_caveat,n_unknown_n;baseline_pct_correct_not_clearance;crosswalk_caveat,24.0,z_within_panel,-0.5973658045898339,,
small_multiples_index,quarter,Q3_2025,did_baseline,Q3_2025|did_baseline|all,all,reading_comprehension,literacy,,stack_with_caveat,n_unknown_n;baseline_pct_correct_not_clearance;crosswalk_caveat,24.0,percentile_within_panel,29.166666666666668,,
small_multiples_index,quarter,Q3_2025,did_baseline,Q3_2025|did_baseline|all,all,reading_comprehension,literacy,,stack_with_caveat,n_unknown_n;baseline_pct_correct_not_clearance;crosswalk_caveat,24.0,rank_within_panel,18.0,,
small_multiples_index,quarter,Q3_2025,did_baseline,Q3_2025|did_baseline|all,all,sentence_reading,literacy,,stack_with_caveat,n_unknown_n;baseline_pct_correct_not_clearance;crosswalk_caveat,24.0,pct_students_cleared,47.4,,
small_multiples_index,quarter,Q3_2025,did_baseline,Q3_2025|did_baseline|all,all,sentence_reading,literacy,,stack_with_caveat,n_unknown_n;baseline_pct_correct_not_clearance;crosswalk_caveat,24.0,z_within_panel,-0.6164910729708991,,
small_multiples_index,quarter,Q3_2025,did_baseline,Q3_2025|did_baseline|all,all,sentence_reading,literacy,,stack_with_caveat,n_unknown_n;baseline_pct_correct_not_clearance;crosswalk_caveat,24.0,percentile_within_panel,25.0,,
small_multiples_index,quarter,Q3_2025,did_baseline,Q3_2025|did_baseline|all,all,sentence_reading,literacy,,stack_with_caveat,n_unknown_n;baseline_pct_correct_not_clearance;crosswalk_caveat,24.0,rank_within_panel,19.0,,
small_multiples_index,quarter,Q3_2025,did_baseline,Q3_2025|did_baseline|all,all,word_reading,literacy,,stack_with_caveat,n_unknown_n;baseline_pct_correct_not_clearance;crosswalk_caveat,24.0,pct_students_cleared,59.8,,
small_multiples_index,quarter,Q3_2025,did_baseline,Q3_2025|did_baseline|all,all,word_reading,literacy,,stack_with_caveat,n_unknown_n;baseline_pct_correct_not_clearance;crosswalk_caveat,24.0,z_within_panel,-0.023607753157877314,,
small_multiples_index,quarter,Q3_2025,did_baseline,Q3_2025|did_baseline|all,all,word_reading,literacy,,stack_with_caveat,n_unknown_n;baseline_pct_correct_not_clearance;crosswalk_caveat,24.0,percentile_within_panel,37.5,,
small_multiples_index,quarter,Q3_2025,did_baseline,Q3_2025|did_baseline|all,all,word_reading,literacy,,stack_with_caveat,n_unknown_n;baseline_pct_correct_not_clearance;crosswalk_caveat,24.0,rank_within_panel,16.0,,
small_multiples_index,quarter,Q3_2025,did_baseline,Q3_2025|did_baseline|all,all,word_writing,literacy,,stack,n_unknown_n;baseline_pct_correct_not_clearance,24.0,pct_students_cleared,37.7,,
small_multiples_index,quarter,Q3_2025,did_baseline,Q3_2025|did_baseline|all,all,word_writing,literacy,,stack,n_unknown_n;baseline_pct_correct_not_clearance,24.0,z_within_panel,-1.0802788312117304,,
small_multiples_index,quarter,Q3_2025,did_baseline,Q3_2025|did_baseline|all,all,word_writing,literacy,,stack,n_unknown_n;baseline_pct_correct_not_clearance,24.0,percentile_within_panel,20.833333333333336,,
small_multiples_index,quarter,Q3_2025,did_baseline,Q3_2025|did_baseline|all,all,word_writing,literacy,,stack,n_unknown_n;baseline_pct_correct_not_clearance,24.0,rank_within_panel,20.0,,
small_multiples_index,quarter,Q3_2025,did_baseline,Q3_2025|did_baseline|all,all,addition_2digit,numeracy,,stack,n_unknown_n;baseline_pct_correct_not_clearance,24.0,pct_students_cleared,60.150000000000006,,
small_multiples_index,quarter,Q3_2025,did_baseline,Q3_2025|did_baseline|all,all,addition_2digit,numeracy,,stack,n_unknown_n;baseline_pct_correct_not_clearance,24.0,z_within_panel,-0.006873143324444838,,
small_multiples_index,quarter,Q3_2025,did_baseline,Q3_2025|did_baseline|all,all,addition_2digit,numeracy,,stack,n_unknown_n;baseline_pct_correct_not_clearance,24.0,percentile_within_panel,45.83333333333333,,
small_multiples_index,quarter,Q3_2025,did_baseline,Q3_2025|did_baseline|all,all,addition_2digit,numeracy,,stack,n_unknown_n;baseline_pct_correct_not_clearance,24.0,rank_within_panel,14.0,,
small_multiples_index,quarter,Q3_2025,did_baseline,Q3_2025|did_baseline|all,all,data_handling,numeracy,,stack,n_unknown_n;baseline_pct_correct_not_clearance,24.0,pct_students_cleared,65.15,,
small_multiples_index,quarter,Q3_2025,did_baseline,Q3_2025|did_baseline|all,all,data_handling,numeracy,,stack,n_unknown_n;baseline_pct_correct_not_clearance,24.0,z_within_panel,0.2321927114388704,,
small_multiples_index,quarter,Q3_2025,did_baseline,Q3_2025|did_baseline|all,all,data_handling,numeracy,,stack,n_unknown_n;baseline_pct_correct_not_clearance,24.0,percentile_within_panel,62.5,,
small_multiples_index,quarter,Q3_2025,did_baseline,Q3_2025|did_baseline|all,all,data_handling,numeracy,,stack,n_unknown_n;baseline_pct_correct_not_clearance,24.0,rank_within_panel,10.0,,
small_multiples_index,quarter,Q3_2025,did_baseline,Q3_2025|did_baseline|all,all,measurement,numeracy,,stack,n_unknown_n;baseline_pct_correct_not_clearance,24.0,pct_students_cleared,83.85,,
small_multiples_index,quarter,Q3_2025,did_baseline,Q3_2025|did_baseline|all,all,measurement,numeracy,,stack,n_unknown_n;baseline_pct_correct_not_clearance,24.0,z_within_panel,1.1262990082536688,,
small_multiples_index,quarter,Q3_2025,did_baseline,Q3_2025|did_baseline|all,all,measurement,numeracy,,stack,n_unknown_n;baseline_pct_correct_not_clearance,24.0,percentile_within_panel,87.5,,
small_multiples_index,quarter,Q3_2025,did_baseline,Q3_2025|did_baseline|all,all,measurement,numeracy,,stack,n_unknown_n;baseline_pct_correct_not_clearance,24.0,rank_within_panel,4.0,,
small_multiples_index,quarter,Q3_2025,did_baseline,Q3_2025|did_baseline|all,all,money,numeracy,,single_source,n_unknown_n;baseline_pct_correct_not_clearance;single_source,24.0,pct_students_cleared,64.4,,
small_multiples_index,quarter,Q3_2025,did_baseline,Q3_2025|did_baseline|all,all,money,numeracy,,single_source,n_unknown_n;baseline_pct_correct_not_clearance;single_source,24.0,z_within_panel,0.19633283322437312,,
small_multiples_index,quarter,Q3_2025,did_baseline,Q3_2025|did_baseline|all,all,money,numeracy,,single_source,n_unknown_n;baseline_pct_correct_not_clearance;single_source,24.0,percentile_within_panel,58.333333333333336,,
small_multiples_index,quarter,Q3_2025,did_baseline,Q3_2025|did_baseline|all,all,money,numeracy,,single_source,n_unknown_n;baseline_pct_correct_not_clearance;single_source,24.0,rank_within_panel,11.0,,
small_multiples_index,quarter,Q3_2025,did_baseline,Q3_2025|did_baseline|all,all,multiplication,numeracy,,stack,n_unknown_n;baseline_pct_correct_not_clearance,24.0,pct_students_cleared,80.15,,
small_multiples_index,quarter,Q3_2025,did_baseline,Q3_2025|did_baseline|all,all,multiplication,numeracy,,stack,n_unknown_n;baseline_pct_correct_not_clearance,24.0,z_within_panel,0.9493902757288162,,
small_multiples_index,quarter,Q3_2025,did_baseline,Q3_2025|did_baseline|all,all,multiplication,numeracy,,stack,n_unknown_n;baseline_pct_correct_not_clearance,24.0,percentile_within_panel,83.33333333333334,,
small_multiples_index,quarter,Q3_2025,did_baseline,Q3_2025|did_baseline|all,all,multiplication,numeracy,,stack,n_unknown_n;baseline_pct_correct_not_clearance,24.0,rank_within_panel,5.0,,
small_multiples_index,quarter,Q3_2025,did_baseline,Q3_2025|did_baseline|all,all,number_comparison,numeracy,,stack,n_unknown_n;baseline_pct_correct_not_clearance,24.0,pct_students_cleared,67.45,,
small_multiples_index,quarter,Q3_2025,did_baseline,Q3_2025|did_baseline|all,all,number_comparison,numeracy,,stack,n_unknown_n;baseline_pct_correct_not_clearance,24.0,z_within_panel,0.34216300462999527,,
small_multiples_index,quarter,Q3_2025,did_baseline,Q3_2025|did_baseline|all,all,number_comparison,numeracy,,stack,n_unknown_n;baseline_pct_correct_not_clearance,24.0,percentile_within_panel,70.83333333333334,,
small_multiples_index,quarter,Q3_2025,did_baseline,Q3_2025|did_baseline|all,all,number_comparison,numeracy,,stack,n_unknown_n;baseline_pct_correct_not_clearance,24.0,rank_within_panel,8.0,,
small_multiples_index,quarter,Q3_2025,did_baseline,Q3_2025|did_baseline|all,all,number_pattern,numeracy,,stack,n_unknown_n;baseline_pct_correct_not_clearance,24.0,pct_students_cleared,28.2,,
small_multiples_index,quarter,Q3_2025,did_baseline,Q3_2025|did_baseline|all,all,number_pattern,numeracy,,stack,n_unknown_n;baseline_pct_correct_not_clearance,24.0,z_within_panel,-1.5345039552620297,,
small_multiples_index,quarter,Q3_2025,did_baseline,Q3_2025|did_baseline|all,all,number_pattern,numeracy,,stack,n_unknown_n;baseline_pct_correct_not_clearance,24.0,percentile_within_panel,8.333333333333332,,
small_multiples_index,quarter,Q3_2025,did_baseline,Q3_2025|did_baseline|all,all,number_pattern,numeracy,,stack,n_unknown_n;baseline_pct_correct_not_clearance,24.0,rank_within_panel,23.0,,
small_multiples_index,quarter,Q3_2025,did_baseline,Q3_2025|did_baseline|all,all,number_recognition,numeracy,,stack,n_unknown_n;baseline_pct_correct_not_clearance,24.0,pct_students_cleared,69.8,,
small_multiples_index,quarter,Q3_2025,did_baseline,Q3_2025|did_baseline|all,all,number_recognition,numeracy,,stack,n_unknown_n;baseline_pct_correct_not_clearance,24.0,z_within_panel,0.4545239563687532,,
small_multiples_index,quarter,Q3_2025,did_baseline,Q3_2025|did_baseline|all,all,number_recognition,numeracy,,stack,n_unknown_n;baseline_pct_correct_not_clearance,24.0,percentile_within_panel,75.0,,
small_multiples_index,quarter,Q3_2025,did_baseline,Q3_2025|did_baseline|all,all,number_recognition,numeracy,,stack,n_unknown_n;baseline_pct_correct_not_clearance,24.0,rank_within_panel,7.0,,
small_multiples_index,quarter,Q3_2025,did_baseline,Q3_2025|did_baseline|all,all,number_writing,numeracy,,stack,n_unknown_n;baseline_pct_correct_not_clearance,24.0,pct_students_cleared,66.5,,
small_multiples_index,quarter,Q3_2025,did_baseline,Q3_2025|did_baseline|all,all,number_writing,numeracy,,stack,n_unknown_n;baseline_pct_correct_not_clearance,24.0,z_within_panel,0.29674049222496524,,
small_multiples_index,quarter,Q3_2025,did_baseline,Q3_2025|did_baseline|all,all,number_writing,numeracy,,stack,n_unknown_n;baseline_pct_correct_not_clearance,24.0,percentile_within_panel,66.66666666666666,,
small_multiples_index,quarter,Q3_2025,did_baseline,Q3_2025|did_baseline|all,all,number_writing,numeracy,,stack,n_unknown_n;baseline_pct_correct_not_clearance,24.0,rank_within_panel,9.0,,
small_multiples_index,quarter,Q3_2025,did_baseline,Q3_2025|did_baseline|all,all,place_value_bundles,numeracy,,stack_with_caveat,n_unknown_n;baseline_pct_correct_not_clearance;crosswalk_caveat,24.0,pct_students_cleared,60.1,,
small_multiples_index,quarter,Q3_2025,did_baseline,Q3_2025|did_baseline|all,all,place_value_bundles,numeracy,,stack_with_caveat,n_unknown_n;baseline_pct_correct_not_clearance;crosswalk_caveat,24.0,z_within_panel,-0.009263801872078195,,
small_multiples_index,quarter,Q3_2025,did_baseline,Q3_2025|did_baseline|all,all,place_value_bundles,numeracy,,stack_with_caveat,n_unknown_n;baseline_pct_correct_not_clearance;crosswalk_caveat,24.0,percentile_within_panel,41.66666666666667,,
small_multiples_index,quarter,Q3_2025,did_baseline,Q3_2025|did_baseline|all,all,place_value_bundles,numeracy,,stack_with_caveat,n_unknown_n;baseline_pct_correct_not_clearance;crosswalk_caveat,24.0,rank_within_panel,15.0,,
small_multiples_index,quarter,Q3_2025,did_baseline,Q3_2025|did_baseline|all,all,shape_pattern,numeracy,,single_source,n_unknown_n;baseline_pct_correct_not_clearance;single_source,24.0,pct_students_cleared,36.849999999999994,,
small_multiples_index,quarter,Q3_2025,did_baseline,Q3_2025|did_baseline|all,all,shape_pattern,numeracy,,single_source,n_unknown_n;baseline_pct_correct_not_clearance;single_source,24.0,z_within_panel,-1.1209200265214945,,
small_multiples_index,quarter,Q3_2025,did_baseline,Q3_2025|did_baseline|all,all,shape_pattern,numeracy,,single_source,n_unknown_n;baseline_pct_correct_not_clearance;single_source,24.0,percentile_within_panel,16.666666666666664,,
small_multiples_index,quarter,Q3_2025,did_baseline,Q3_2025|did_baseline|all,all,shape_pattern,numeracy,,single_source,n_unknown_n;baseline_pct_correct_not_clearance;single_source,24.0,rank_within_panel,21.0,,
small_multiples_index,quarter,Q3_2025,did_baseline,Q3_2025|did_baseline|all,all,shapes_1,numeracy,,single_source,n_unknown_n;baseline_pct_correct_not_clearance;single_source,24.0,pct_students_cleared,85.5,,
small_multiples_index,quarter,Q3_2025,did_baseline,Q3_2025|did_baseline|all,all,shapes_1,numeracy,,single_source,n_unknown_n;baseline_pct_correct_not_clearance;single_source,24.0,z_within_panel,1.2051907403255633,,
small_multiples_index,quarter,Q3_2025,did_baseline,Q3_2025|did_baseline|all,all,shapes_1,numeracy,,single_source,n_unknown_n;baseline_pct_correct_not_clearance;single_source,24.0,percentile_within_panel,91.66666666666666,,
small_multiples_index,quarter,Q3_2025,did_baseline,Q3_2025|did_baseline|all,all,shapes_1,numeracy,,single_source,n_unknown_n;baseline_pct_correct_not_clearance;single_source,24.0,rank_within_panel,3.0,,
small_multiples_index,quarter,Q3_2025,did_baseline,Q3_2025|did_baseline|all,all,shapes_2,numeracy,,single_source,n_unknown_n;baseline_pct_correct_not_clearance;single_source,24.0,pct_students_cleared,8.1,,
small_multiples_index,quarter,Q3_2025,did_baseline,Q3_2025|did_baseline|all,all,shapes_2,numeracy,,single_source,n_unknown_n;baseline_pct_correct_not_clearance;single_source,24.0,z_within_panel,-2.4955486914105567,,
small_multiples_index,quarter,Q3_2025,did_baseline,Q3_2025|did_baseline|all,all,shapes_2,numeracy,,single_source,n_unknown_n;baseline_pct_correct_not_clearance;single_source,24.0,percentile_within_panel,4.166666666666666,,
small_multiples_index,quarter,Q3_2025,did_baseline,Q3_2025|did_baseline|all,all,shapes_2,numeracy,,single_source,n_unknown_n;baseline_pct_correct_not_clearance;single_source,24.0,rank_within_panel,24.0,,
small_multiples_index,quarter,Q3_2025,did_baseline,Q3_2025|did_baseline|all,all,subtraction_2digit,numeracy,,stack,n_unknown_n;baseline_pct_correct_not_clearance,24.0,pct_students_cleared,50.5,,
small_multiples_index,quarter,Q3_2025,did_baseline,Q3_2025|did_baseline|all,all,subtraction_2digit,numeracy,,stack,n_unknown_n;baseline_pct_correct_not_clearance,24.0,z_within_panel,-0.46827024301764353,,
small_multiples_index,quarter,Q3_2025,did_baseline,Q3_2025|did_baseline|all,all,subtraction_2digit,numeracy,,stack,n_unknown_n;baseline_pct_correct_not_clearance,24.0,percentile_within_panel,33.33333333333333,,
small_multiples_index,quarter,Q3_2025,did_baseline,Q3_2025|did_baseline|all,all,subtraction_2digit,numeracy,,stack,n_unknown_n;baseline_pct_correct_not_clearance,24.0,rank_within_panel,17.0,,
small_multiples_index,quarter,Q3_2025,did_baseline,Q3_2025|did_baseline|all,all,word_problem_addition,numeracy,,stack,n_unknown_n;baseline_pct_correct_not_clearance,24.0,pct_students_cleared,62.5,,
small_multiples_index,quarter,Q3_2025,did_baseline,Q3_2025|did_baseline|all,all,word_problem_addition,numeracy,,stack,n_unknown_n;baseline_pct_correct_not_clearance,24.0,z_within_panel,0.10548780841431306,,
small_multiples_index,quarter,Q3_2025,did_baseline,Q3_2025|did_baseline|all,all,word_problem_addition,numeracy,,stack,n_unknown_n;baseline_pct_correct_not_clearance,24.0,percentile_within_panel,50.0,,
small_multiples_index,quarter,Q3_2025,did_baseline,Q3_2025|did_baseline|all,all,word_problem_addition,numeracy,,stack,n_unknown_n;baseline_pct_correct_not_clearance,24.0,rank_within_panel,13.0,,
small_multiples_index,quarter,Q3_2025,did_baseline,Q3_2025|did_baseline|all,all,word_problem_subtraction,numeracy,,stack,n_unknown_n;baseline_pct_correct_not_clearance,24.0,pct_students_cleared,33.849999999999994,,
small_multiples_index,quarter,Q3_2025,did_baseline,Q3_2025|did_baseline|all,all,word_problem_subtraction,numeracy,,stack,n_unknown_n;baseline_pct_correct_not_clearance,24.0,z_within_panel,-1.2643595393794835,,
small_multiples_index,quarter,Q3_2025,did_baseline,Q3_2025|did_baseline|all,all,word_problem_subtraction,numeracy,,stack,n_unknown_n;baseline_pct_correct_not_clearance,24.0,percentile_within_panel,12.5,,
small_multiples_index,quarter,Q3_2025,did_baseline,Q3_2025|did_baseline|all,all,word_problem_subtraction,numeracy,,stack,n_unknown_n;baseline_pct_correct_not_clearance,24.0,rank_within_panel,22.0,,
small_multiples_index,quarter,Q3_2025,q3_2025_tool,Q3_2025|q3_2025_tool|literacy,literacy,letter_recognition,literacy,123.0,stack_with_caveat,crosswalk_caveat,5.0,pct_students_cleared,72.35772357723577,,
small_multiples_index,quarter,Q3_2025,q3_2025_tool,Q3_2025|q3_2025_tool|literacy,literacy,letter_recognition,literacy,123.0,stack_with_caveat,crosswalk_caveat,5.0,z_within_panel,1.1371180635431455,,
small_multiples_index,quarter,Q3_2025,q3_2025_tool,Q3_2025|q3_2025_tool|literacy,literacy,letter_recognition,literacy,123.0,stack_with_caveat,crosswalk_caveat,5.0,percentile_within_panel,100.0,,
small_multiples_index,quarter,Q3_2025,q3_2025_tool,Q3_2025|q3_2025_tool|literacy,literacy,letter_recognition,literacy,123.0,stack_with_caveat,crosswalk_caveat,5.0,rank_within_panel,1.0,,
small_multiples_index,quarter,Q3_2025,q3_2025_tool,Q3_2025|q3_2025_tool|literacy,literacy,oral_reading_fluency,literacy,123.0,stack_with_caveat,crosswalk_caveat,5.0,pct_students_cleared,23.577235772357724,,
small_multiples_index,quarter,Q3_2025,q3_2025_tool,Q3_2025|q3_2025_tool|literacy,literacy,oral_reading_fluency,literacy,123.0,stack_with_caveat,crosswalk_caveat,5.0,z_within_panel,-1.4870005446333447,,
small_multiples_index,quarter,Q3_2025,q3_2025_tool,Q3_2025|q3_2025_tool|literacy,literacy,oral_reading_fluency,literacy,123.0,stack_with_caveat,crosswalk_caveat,5.0,percentile_within_panel,20.0,,
small_multiples_index,quarter,Q3_2025,q3_2025_tool,Q3_2025|q3_2025_tool|literacy,literacy,oral_reading_fluency,literacy,123.0,stack_with_caveat,crosswalk_caveat,5.0,rank_within_panel,5.0,,
small_multiples_index,quarter,Q3_2025,q3_2025_tool,Q3_2025|q3_2025_tool|literacy,literacy,reading_comprehension,literacy,123.0,stack_with_caveat,crosswalk_caveat,5.0,pct_students_cleared,46.34146341463415,,
small_multiples_index,quarter,Q3_2025,q3_2025_tool,Q3_2025|q3_2025_tool|literacy,literacy,reading_comprehension,literacy,123.0,stack_with_caveat,crosswalk_caveat,5.0,z_within_panel,-0.2624118608176492,,
small_multiples_index,quarter,Q3_2025,q3_2025_tool,Q3_2025|q3_2025_tool|literacy,literacy,reading_comprehension,literacy,123.0,stack_with_caveat,crosswalk_caveat,5.0,percentile_within_panel,60.0,,
small_multiples_index,quarter,Q3_2025,q3_2025_tool,Q3_2025|q3_2025_tool|literacy,literacy,reading_comprehension,literacy,123.0,stack_with_caveat,crosswalk_caveat,5.0,rank_within_panel,3.0,,
small_multiples_index,quarter,Q3_2025,q3_2025_tool,Q3_2025|q3_2025_tool|literacy,literacy,word_reading,literacy,123.0,stack_with_caveat,crosswalk_caveat,5.0,pct_students_cleared,71.54471544715447,,
small_multiples_index,quarter,Q3_2025,q3_2025_tool,Q3_2025|q3_2025_tool|literacy,literacy,word_reading,literacy,123.0,stack_with_caveat,crosswalk_caveat,5.0,z_within_panel,1.0933827534068705,,
small_multiples_index,quarter,Q3_2025,q3_2025_tool,Q3_2025|q3_2025_tool|literacy,literacy,word_reading,literacy,123.0,stack_with_caveat,crosswalk_caveat,5.0,percentile_within_panel,80.0,,
small_multiples_index,quarter,Q3_2025,q3_2025_tool,Q3_2025|q3_2025_tool|literacy,literacy,word_reading,literacy,123.0,stack_with_caveat,crosswalk_caveat,5.0,rank_within_panel,2.0,,
small_multiples_index,quarter,Q3_2025,q3_2025_tool,Q3_2025|q3_2025_tool|literacy,literacy,word_writing,literacy,123.0,stack_with_caveat,crosswalk_caveat,5.0,pct_students_cleared,42.27642276422765,,
small_multiples_index,quarter,Q3_2025,q3_2025_tool,Q3_2025|q3_2025_tool|literacy,literacy,word_writing,literacy,123.0,stack_with_caveat,crosswalk_caveat,5.0,z_within_panel,-0.48108841149902326,,
small_multiples_index,quarter,Q3_2025,q3_2025_tool,Q3_2025|q3_2025_tool|literacy,literacy,word_writing,literacy,123.0,stack_with_caveat,crosswalk_caveat,5.0,percentile_within_panel,40.0,,
small_multiples_index,quarter,Q3_2025,q3_2025_tool,Q3_2025|q3_2025_tool|literacy,literacy,word_writing,literacy,123.0,stack_with_caveat,crosswalk_caveat,5.0,rank_within_panel,4.0,,
small_multiples_index,quarter,Q3_2025,q3_2025_tool,Q3_2025|q3_2025_tool|numeracy,numeracy,addition,numeracy,123.0,stack_with_caveat,cleared_at_2_of_3;crosswalk_caveat,5.0,pct_students_cleared,86.99186991869918,,
small_multiples_index,quarter,Q3_2025,q3_2025_tool,Q3_2025|q3_2025_tool|numeracy,numeracy,addition,numeracy,123.0,stack_with_caveat,cleared_at_2_of_3;crosswalk_caveat,5.0,z_within_panel,1.5022477835063228,,
small_multiples_index,quarter,Q3_2025,q3_2025_tool,Q3_2025|q3_2025_tool|numeracy,numeracy,addition,numeracy,123.0,stack_with_caveat,cleared_at_2_of_3;crosswalk_caveat,5.0,percentile_within_panel,100.0,,
small_multiples_index,quarter,Q3_2025,q3_2025_tool,Q3_2025|q3_2025_tool|numeracy,numeracy,addition,numeracy,123.0,stack_with_caveat,cleared_at_2_of_3;crosswalk_caveat,5.0,rank_within_panel,1.0,,
small_multiples_index,quarter,Q3_2025,q3_2025_tool,Q3_2025|q3_2025_tool|numeracy,numeracy,number_recognition,numeracy,123.0,stack_with_caveat,crosswalk_caveat,5.0,pct_students_cleared,55.28455284552846,,
small_multiples_index,quarter,Q3_2025,q3_2025_tool,Q3_2025|q3_2025_tool|numeracy,numeracy,number_recognition,numeracy,123.0,stack_with_caveat,crosswalk_caveat,5.0,z_within_panel,-0.4770651744918723,,
small_multiples_index,quarter,Q3_2025,q3_2025_tool,Q3_2025|q3_2025_tool|numeracy,numeracy,number_recognition,numeracy,123.0,stack_with_caveat,crosswalk_caveat,5.0,percentile_within_panel,40.0,,
small_multiples_index,quarter,Q3_2025,q3_2025_tool,Q3_2025|q3_2025_tool|numeracy,numeracy,number_recognition,numeracy,123.0,stack_with_caveat,crosswalk_caveat,5.0,rank_within_panel,4.0,,
small_multiples_index,quarter,Q3_2025,q3_2025_tool,Q3_2025|q3_2025_tool|numeracy,numeracy,pattern,numeracy,123.0,stack_with_caveat,cleared_at_2_of_3;crosswalk_caveat,5.0,pct_students_cleared,57.72357723577236,,
small_multiples_index,quarter,Q3_2025,q3_2025_tool,Q3_2025|q3_2025_tool|numeracy,numeracy,pattern,numeracy,123.0,stack_with_caveat,cleared_at_2_of_3;crosswalk_caveat,5.0,z_within_panel,-0.32481033156893424,,
small_multiples_index,quarter,Q3_2025,q3_2025_tool,Q3_2025|q3_2025_tool|numeracy,numeracy,pattern,numeracy,123.0,stack_with_caveat,cleared_at_2_of_3;crosswalk_caveat,5.0,percentile_within_panel,60.0,,
small_multiples_index,quarter,Q3_2025,q3_2025_tool,Q3_2025|q3_2025_tool|numeracy,numeracy,pattern,numeracy,123.0,stack_with_caveat,cleared_at_2_of_3;crosswalk_caveat,5.0,rank_within_panel,3.0,,
small_multiples_index,quarter,Q3_2025,q3_2025_tool,Q3_2025|q3_2025_tool|numeracy,numeracy,place_value_bundles,numeracy,123.0,stack_with_caveat,cleared_at_2_of_3;crosswalk_caveat,5.0,pct_students_cleared,40.65040650406504,,
small_multiples_index,quarter,Q3_2025,q3_2025_tool,Q3_2025|q3_2025_tool|numeracy,numeracy,place_value_bundles,numeracy,123.0,stack_with_caveat,cleared_at_2_of_3;crosswalk_caveat,5.0,z_within_panel,-1.3905942320295015,,
small_multiples_index,quarter,Q3_2025,q3_2025_tool,Q3_2025|q3_2025_tool|numeracy,numeracy,place_value_bundles,numeracy,123.0,stack_with_caveat,cleared_at_2_of_3;crosswalk_caveat,5.0,percentile_within_panel,20.0,,
small_multiples_index,quarter,Q3_2025,q3_2025_tool,Q3_2025|q3_2025_tool|numeracy,numeracy,place_value_bundles,numeracy,123.0,stack_with_caveat,cleared_at_2_of_3;crosswalk_caveat,5.0,rank_within_panel,5.0,,
small_multiples_index,quarter,Q3_2025,q3_2025_tool,Q3_2025|q3_2025_tool|numeracy,numeracy,subtraction,numeracy,123.0,stack_with_caveat,cleared_at_2_of_3;crosswalk_caveat,5.0,pct_students_cleared,73.98373983739837,,
small_multiples_index,quarter,Q3_2025,q3_2025_tool,Q3_2025|q3_2025_tool|numeracy,numeracy,subtraction,numeracy,123.0,stack_with_caveat,cleared_at_2_of_3;crosswalk_caveat,5.0,z_within_panel,0.6902219545839866,,
small_multiples_index,quarter,Q3_2025,q3_2025_tool,Q3_2025|q3_2025_tool|numeracy,numeracy,subtraction,numeracy,123.0,stack_with_caveat,cleared_at_2_of_3;crosswalk_caveat,5.0,percentile_within_panel,80.0,,
small_multiples_index,quarter,Q3_2025,q3_2025_tool,Q3_2025|q3_2025_tool|numeracy,numeracy,subtraction,numeracy,123.0,stack_with_caveat,cleared_at_2_of_3;crosswalk_caveat,5.0,rank_within_panel,2.0,,
small_multiples_index,quarter,Q3_2025,q3_2025_tool,Q3_2025|q3_2025_tool|all,all,letter_recognition,literacy,123.0,stack_with_caveat,crosswalk_caveat,10.0,pct_students_cleared,72.35772357723577,,
small_multiples_index,quarter,Q3_2025,q3_2025_tool,Q3_2025|q3_2025_tool|all,all,letter_recognition,literacy,123.0,stack_with_caveat,crosswalk_caveat,10.0,z_within_panel,0.8346410426857794,,
small_multiples_index,quarter,Q3_2025,q3_2025_tool,Q3_2025|q3_2025_tool|all,all,letter_recognition,literacy,123.0,stack_with_caveat,crosswalk_caveat,10.0,percentile_within_panel,80.0,,
small_multiples_index,quarter,Q3_2025,q3_2025_tool,Q3_2025|q3_2025_tool|all,all,letter_recognition,literacy,123.0,stack_with_caveat,crosswalk_caveat,10.0,rank_within_panel,3.0,,
small_multiples_index,quarter,Q3_2025,q3_2025_tool,Q3_2025|q3_2025_tool|all,all,oral_reading_fluency,literacy,123.0,stack_with_caveat,crosswalk_caveat,10.0,pct_students_cleared,23.577235772357724,,
small_multiples_index,quarter,Q3_2025,q3_2025_tool,Q3_2025|q3_2025_tool|all,all,oral_reading_fluency,literacy,123.0,stack_with_caveat,crosswalk_caveat,10.0,z_within_panel,-1.8291069658858552,,
small_multiples_index,quarter,Q3_2025,q3_2025_tool,Q3_2025|q3_2025_tool|all,all,oral_reading_fluency,literacy,123.0,stack_with_caveat,crosswalk_caveat,10.0,percentile_within_panel,10.0,,
small_multiples_index,quarter,Q3_2025,q3_2025_tool,Q3_2025|q3_2025_tool|all,all,oral_reading_fluency,literacy,123.0,stack_with_caveat,crosswalk_caveat,10.0,rank_within_panel,10.0,,
small_multiples_index,quarter,Q3_2025,q3_2025_tool,Q3_2025|q3_2025_tool|all,all,reading_comprehension,literacy,123.0,stack_with_caveat,crosswalk_caveat,10.0,pct_students_cleared,46.34146341463415,,
small_multiples_index,quarter,Q3_2025,q3_2025_tool,Q3_2025|q3_2025_tool|all,all,reading_comprehension,literacy,123.0,stack_with_caveat,crosswalk_caveat,10.0,z_within_panel,-0.5860245618857589,,
small_multiples_index,quarter,Q3_2025,q3_2025_tool,Q3_2025|q3_2025_tool|all,all,reading_comprehension,literacy,123.0,stack_with_caveat,crosswalk_caveat,10.0,percentile_within_panel,40.0,,
small_multiples_index,quarter,Q3_2025,q3_2025_tool,Q3_2025|q3_2025_tool|all,all,reading_comprehension,literacy,123.0,stack_with_caveat,crosswalk_caveat,10.0,rank_within_panel,7.0,,
small_multiples_index,quarter,Q3_2025,q3_2025_tool,Q3_2025|q3_2025_tool|all,all,word_reading,literacy,123.0,stack_with_caveat,crosswalk_caveat,10.0,pct_students_cleared,71.54471544715447,,
small_multiples_index,quarter,Q3_2025,q3_2025_tool,Q3_2025|q3_2025_tool|all,all,word_reading,literacy,123.0,stack_with_caveat,crosswalk_caveat,10.0,z_within_panel,0.7902452425429188,,
small_multiples_index,quarter,Q3_2025,q3_2025_tool,Q3_2025|q3_2025_tool|all,all,word_reading,literacy,123.0,stack_with_caveat,crosswalk_caveat,10.0,percentile_within_panel,70.0,,
small_multiples_index,quarter,Q3_2025,q3_2025_tool,Q3_2025|q3_2025_tool|all,all,word_reading,literacy,123.0,stack_with_caveat,crosswalk_caveat,10.0,rank_within_panel,4.0,,
small_multiples_index,quarter,Q3_2025,q3_2025_tool,Q3_2025|q3_2025_tool|all,all,word_writing,literacy,123.0,stack_with_caveat,crosswalk_caveat,10.0,pct_students_cleared,42.27642276422765,,
small_multiples_index,quarter,Q3_2025,q3_2025_tool,Q3_2025|q3_2025_tool|all,all,word_writing,literacy,123.0,stack_with_caveat,crosswalk_caveat,10.0,z_within_panel,-0.8080035626000617,,
small_multiples_index,quarter,Q3_2025,q3_2025_tool,Q3_2025|q3_2025_tool|all,all,word_writing,literacy,123.0,stack_with_caveat,crosswalk_caveat,10.0,percentile_within_panel,30.0,,
small_multiples_index,quarter,Q3_2025,q3_2025_tool,Q3_2025|q3_2025_tool|all,all,word_writing,literacy,123.0,stack_with_caveat,crosswalk_caveat,10.0,rank_within_panel,8.0,,
small_multiples_index,quarter,Q3_2025,q3_2025_tool,Q3_2025|q3_2025_tool|all,all,addition,numeracy,123.0,stack_with_caveat,cleared_at_2_of_3;crosswalk_caveat,10.0,pct_students_cleared,86.99186991869918,,
small_multiples_index,quarter,Q3_2025,q3_2025_tool,Q3_2025|q3_2025_tool|all,all,addition,numeracy,123.0,stack_with_caveat,cleared_at_2_of_3;crosswalk_caveat,10.0,z_within_panel,1.6337654452572694,,
small_multiples_index,quarter,Q3_2025,q3_2025_tool,Q3_2025|q3_2025_tool|all,all,addition,numeracy,123.0,stack_with_caveat,cleared_at_2_of_3;crosswalk_caveat,10.0,percentile_within_panel,100.0,,
small_multiples_index,quarter,Q3_2025,q3_2025_tool,Q3_2025|q3_2025_tool|all,all,addition,numeracy,123.0,stack_with_caveat,cleared_at_2_of_3;crosswalk_caveat,10.0,rank_within_panel,1.0,,
small_multiples_index,quarter,Q3_2025,q3_2025_tool,Q3_2025|q3_2025_tool|all,all,number_recognition,numeracy,123.0,stack_with_caveat,crosswalk_caveat,10.0,pct_students_cleared,55.28455284552846,,
small_multiples_index,quarter,Q3_2025,q3_2025_tool,Q3_2025|q3_2025_tool|all,all,number_recognition,numeracy,123.0,stack_with_caveat,crosswalk_caveat,10.0,z_within_panel,-0.09767076031429252,,
small_multiples_index,quarter,Q3_2025,q3_2025_tool,Q3_2025|q3_2025_tool|all,all,number_recognition,numeracy,123.0,stack_with_caveat,crosswalk_caveat,10.0,percentile_within_panel,50.0,,
small_multiples_index,quarter,Q3_2025,q3_2025_tool,Q3_2025|q3_2025_tool|all,all,number_recognition,numeracy,123.0,stack_with_caveat,crosswalk_caveat,10.0,rank_within_panel,6.0,,
small_multiples_index,quarter,Q3_2025,q3_2025_tool,Q3_2025|q3_2025_tool|all,all,pattern,numeracy,123.0,stack_with_caveat,cleared_at_2_of_3;crosswalk_caveat,10.0,pct_students_cleared,57.72357723577236,,
small_multiples_index,quarter,Q3_2025,q3_2025_tool,Q3_2025|q3_2025_tool|all,all,pattern,numeracy,123.0,stack_with_caveat,cleared_at_2_of_3;crosswalk_caveat,10.0,z_within_panel,0.035516640114289136,,
small_multiples_index,quarter,Q3_2025,q3_2025_tool,Q3_2025|q3_2025_tool|all,all,pattern,numeracy,123.0,stack_with_caveat,cleared_at_2_of_3;crosswalk_caveat,10.0,percentile_within_panel,60.0,,
small_multiples_index,quarter,Q3_2025,q3_2025_tool,Q3_2025|q3_2025_tool|all,all,pattern,numeracy,123.0,stack_with_caveat,cleared_at_2_of_3;crosswalk_caveat,10.0,rank_within_panel,5.0,,
small_multiples_index,quarter,Q3_2025,q3_2025_tool,Q3_2025|q3_2025_tool|all,all,place_value_bundles,numeracy,123.0,stack_with_caveat,cleared_at_2_of_3;crosswalk_caveat,10.0,pct_students_cleared,40.65040650406504,,
small_multiples_index,quarter,Q3_2025,q3_2025_tool,Q3_2025|q3_2025_tool|all,all,place_value_bundles,numeracy,123.0,stack_with_caveat,cleared_at_2_of_3;crosswalk_caveat,10.0,z_within_panel,-0.8967951628857832,,
small_multiples_index,quarter,Q3_2025,q3_2025_tool,Q3_2025|q3_2025_tool|all,all,place_value_bundles,numeracy,123.0,stack_with_caveat,cleared_at_2_of_3;crosswalk_caveat,10.0,percentile_within_panel,20.0,,
small_multiples_index,quarter,Q3_2025,q3_2025_tool,Q3_2025|q3_2025_tool|all,all,place_value_bundles,numeracy,123.0,stack_with_caveat,cleared_at_2_of_3;crosswalk_caveat,10.0,rank_within_panel,9.0,,
small_multiples_index,quarter,Q3_2025,q3_2025_tool,Q3_2025|q3_2025_tool|all,all,subtraction,numeracy,123.0,stack_with_caveat,cleared_at_2_of_3;crosswalk_caveat,10.0,pct_students_cleared,73.98373983739837,,
small_multiples_index,quarter,Q3_2025,q3_2025_tool,Q3_2025|q3_2025_tool|all,all,subtraction,numeracy,123.0,stack_with_caveat,cleared_at_2_of_3;crosswalk_caveat,10.0,z_within_panel,0.9234326429715005,,
small_multiples_index,quarter,Q3_2025,q3_2025_tool,Q3_2025|q3_2025_tool|all,all,subtraction,numeracy,123.0,stack_with_caveat,cleared_at_2_of_3;crosswalk_caveat,10.0,percentile_within_panel,90.0,,
small_multiples_index,quarter,Q3_2025,q3_2025_tool,Q3_2025|q3_2025_tool|all,all,subtraction,numeracy,123.0,stack_with_caveat,cleared_at_2_of_3;crosswalk_caveat,10.0,rank_within_panel,2.0,,
small_multiples_index,quarter,Q4_2025,did_midline,Q4_2025|did_midline|literacy,literacy,independent_writing,literacy,177.0,single_source,slide_band_gt75_not_ge75;single_source,11.0,pct_students_cleared,28.0,,
small_multiples_index,quarter,Q4_2025,did_midline,Q4_2025|did_midline|literacy,literacy,independent_writing,literacy,177.0,single_source,slide_band_gt75_not_ge75;single_source,11.0,z_within_panel,-1.2695497340051793,,
small_multiples_index,quarter,Q4_2025,did_midline,Q4_2025|did_midline|literacy,literacy,independent_writing,literacy,177.0,single_source,slide_band_gt75_not_ge75;single_source,11.0,percentile_within_panel,9.090909090909092,,
small_multiples_index,quarter,Q4_2025,did_midline,Q4_2025|did_midline|literacy,literacy,independent_writing,literacy,177.0,single_source,slide_band_gt75_not_ge75;single_source,11.0,rank_within_panel,11.0,,
small_multiples_index,quarter,Q4_2025,did_midline,Q4_2025|did_midline|literacy,literacy,letter_writing,literacy,177.0,stack,slide_band_gt75_not_ge75,11.0,pct_students_cleared,80.0,,
small_multiples_index,quarter,Q4_2025,did_midline,Q4_2025|did_midline|literacy,literacy,letter_writing,literacy,177.0,stack,slide_band_gt75_not_ge75,11.0,z_within_panel,0.9786931385984197,,
small_multiples_index,quarter,Q4_2025,did_midline,Q4_2025|did_midline|literacy,literacy,letter_writing,literacy,177.0,stack,slide_band_gt75_not_ge75,11.0,percentile_within_panel,81.81818181818183,,
small_multiples_index,quarter,Q4_2025,did_midline,Q4_2025|did_midline|literacy,literacy,letter_writing,literacy,177.0,stack,slide_band_gt75_not_ge75,11.0,rank_within_panel,3.0,,
small_multiples_index,quarter,Q4_2025,did_midline,Q4_2025|did_midline|literacy,literacy,listening_comprehension,literacy,177.0,stack,slide_band_gt75_not_ge75,11.0,pct_students_cleared,38.0,,
small_multiples_index,quarter,Q4_2025,did_midline,Q4_2025|did_midline|literacy,literacy,listening_comprehension,literacy,177.0,stack,slide_band_gt75_not_ge75,11.0,z_within_panel,-0.8371953354275641,,
small_multiples_index,quarter,Q4_2025,did_midline,Q4_2025|did_midline|literacy,literacy,listening_comprehension,literacy,177.0,stack,slide_band_gt75_not_ge75,11.0,percentile_within_panel,22.727272727272727,,
small_multiples_index,quarter,Q4_2025,did_midline,Q4_2025|did_midline|literacy,literacy,listening_comprehension,literacy,177.0,stack,slide_band_gt75_not_ge75,11.0,rank_within_panel,9.0,,
small_multiples_index,quarter,Q4_2025,did_midline,Q4_2025|did_midline|literacy,literacy,oral_reading_fluency,literacy,177.0,stack_with_caveat,slide_band_gt75_not_ge75;crosswalk_caveat,11.0,pct_students_cleared,38.0,,
small_multiples_index,quarter,Q4_2025,did_midline,Q4_2025|did_midline|literacy,literacy,oral_reading_fluency,literacy,177.0,stack_with_caveat,slide_band_gt75_not_ge75;crosswalk_caveat,11.0,z_within_panel,-0.8371953354275641,,
small_multiples_index,quarter,Q4_2025,did_midline,Q4_2025|did_midline|literacy,literacy,oral_reading_fluency,literacy,177.0,stack_with_caveat,slide_band_gt75_not_ge75;crosswalk_caveat,11.0,percentile_within_panel,22.727272727272727,,
small_multiples_index,quarter,Q4_2025,did_midline,Q4_2025|did_midline|literacy,literacy,oral_reading_fluency,literacy,177.0,stack_with_caveat,slide_band_gt75_not_ge75;crosswalk_caveat,11.0,rank_within_panel,9.0,,
small_multiples_index,quarter,Q4_2025,did_midline,Q4_2025|did_midline|literacy,literacy,oral_vocabulary,literacy,177.0,stack,ceiling;slide_band_gt75_not_ge75,11.0,pct_students_cleared,100.0,,
small_multiples_index,quarter,Q4_2025,did_midline,Q4_2025|did_midline|literacy,literacy,oral_vocabulary,literacy,177.0,stack,ceiling;slide_band_gt75_not_ge75,11.0,z_within_panel,1.8434019357536502,,
small_multiples_index,quarter,Q4_2025,did_midline,Q4_2025|did_midline|literacy,literacy,oral_vocabulary,literacy,177.0,stack,ceiling;slide_band_gt75_not_ge75,11.0,percentile_within_panel,100.0,,
small_multiples_index,quarter,Q4_2025,did_midline,Q4_2025|did_midline|literacy,literacy,oral_vocabulary,literacy,177.0,stack,ceiling;slide_band_gt75_not_ge75,11.0,rank_within_panel,1.0,,
small_multiples_index,quarter,Q4_2025,did_midline,Q4_2025|did_midline|literacy,literacy,picture_comprehension,literacy,177.0,stack,slide_band_gt75_not_ge75,11.0,pct_students_cleared,91.0,,
small_multiples_index,quarter,Q4_2025,did_midline,Q4_2025|did_midline|literacy,literacy,picture_comprehension,literacy,177.0,stack,slide_band_gt75_not_ge75,11.0,z_within_panel,1.4542829770337964,,
small_multiples_index,quarter,Q4_2025,did_midline,Q4_2025|did_midline|literacy,literacy,picture_comprehension,literacy,177.0,stack,slide_band_gt75_not_ge75,11.0,percentile_within_panel,90.9090909090909,,
small_multiples_index,quarter,Q4_2025,did_midline,Q4_2025|did_midline|literacy,literacy,picture_comprehension,literacy,177.0,stack,slide_band_gt75_not_ge75,11.0,rank_within_panel,2.0,,
small_multiples_index,quarter,Q4_2025,did_midline,Q4_2025|did_midline|literacy,literacy,reading_comprehension,literacy,177.0,stack_with_caveat,slide_band_gt75_not_ge75;crosswalk_caveat,11.0,pct_students_cleared,47.0,,
small_multiples_index,quarter,Q4_2025,did_midline,Q4_2025|did_midline|literacy,literacy,reading_comprehension,literacy,177.0,stack_with_caveat,slide_band_gt75_not_ge75;crosswalk_caveat,11.0,z_within_panel,-0.44807637670771044,,
small_multiples_index,quarter,Q4_2025,did_midline,Q4_2025|did_midline|literacy,literacy,reading_comprehension,literacy,177.0,stack_with_caveat,slide_band_gt75_not_ge75;crosswalk_caveat,11.0,percentile_within_panel,54.54545454545454,,
small_multiples_index,quarter,Q4_2025,did_midline,Q4_2025|did_midline|literacy,literacy,reading_comprehension,literacy,177.0,stack_with_caveat,slide_band_gt75_not_ge75;crosswalk_caveat,11.0,rank_within_panel,6.0,,
small_multiples_index,quarter,Q4_2025,did_midline,Q4_2025|did_midline|literacy,literacy,sentence_reading,literacy,177.0,stack_with_caveat,slide_band_gt75_not_ge75;crosswalk_caveat,11.0,pct_students_cleared,57.0,,
small_multiples_index,quarter,Q4_2025,did_midline,Q4_2025|did_midline|literacy,literacy,sentence_reading,literacy,177.0,stack_with_caveat,slide_band_gt75_not_ge75;crosswalk_caveat,11.0,z_within_panel,-0.015721978130095238,,
small_multiples_index,quarter,Q4_2025,did_midline,Q4_2025|did_midline|literacy,literacy,sentence_reading,literacy,177.0,stack_with_caveat,slide_band_gt75_not_ge75;crosswalk_caveat,11.0,percentile_within_panel,63.63636363636363,,
small_multiples_index,quarter,Q4_2025,did_midline,Q4_2025|did_midline|literacy,literacy,sentence_reading,literacy,177.0,stack_with_caveat,slide_band_gt75_not_ge75;crosswalk_caveat,11.0,rank_within_panel,5.0,,
small_multiples_index,quarter,Q4_2025,did_midline,Q4_2025|did_midline|literacy,literacy,sentence_writing,literacy,177.0,single_source,slide_band_gt75_not_ge75;single_source,11.0,pct_students_cleared,39.0,,
small_multiples_index,quarter,Q4_2025,did_midline,Q4_2025|did_midline|literacy,literacy,sentence_writing,literacy,177.0,single_source,slide_band_gt75_not_ge75;single_source,11.0,z_within_panel,-0.7939598955698026,,
small_multiples_index,quarter,Q4_2025,did_midline,Q4_2025|did_midline|literacy,literacy,sentence_writing,literacy,177.0,single_source,slide_band_gt75_not_ge75;single_source,11.0,percentile_within_panel,36.36363636363637,,
small_multiples_index,quarter,Q4_2025,did_midline,Q4_2025|did_midline|literacy,literacy,sentence_writing,literacy,177.0,single_source,slide_band_gt75_not_ge75;single_source,11.0,rank_within_panel,8.0,,
small_multiples_index,quarter,Q4_2025,did_midline,Q4_2025|did_midline|literacy,literacy,word_reading,literacy,177.0,stack_with_caveat,slide_band_gt75_not_ge75;crosswalk_caveat,11.0,pct_students_cleared,70.0,,
small_multiples_index,quarter,Q4_2025,did_midline,Q4_2025|did_midline|literacy,literacy,word_reading,literacy,177.0,stack_with_caveat,slide_band_gt75_not_ge75;crosswalk_caveat,11.0,z_within_panel,0.5463387400208045,,
small_multiples_index,quarter,Q4_2025,did_midline,Q4_2025|did_midline|literacy,literacy,word_reading,literacy,177.0,stack_with_caveat,slide_band_gt75_not_ge75;crosswalk_caveat,11.0,percentile_within_panel,72.72727272727273,,
small_multiples_index,quarter,Q4_2025,did_midline,Q4_2025|did_midline|literacy,literacy,word_reading,literacy,177.0,stack_with_caveat,slide_band_gt75_not_ge75;crosswalk_caveat,11.0,rank_within_panel,4.0,,
small_multiples_index,quarter,Q4_2025,did_midline,Q4_2025|did_midline|literacy,literacy,word_writing,literacy,177.0,stack,slide_band_gt75_not_ge75,11.0,pct_students_cleared,43.0,,
small_multiples_index,quarter,Q4_2025,did_midline,Q4_2025|did_midline|literacy,literacy,word_writing,literacy,177.0,stack,slide_band_gt75_not_ge75,11.0,z_within_panel,-0.6210181361387566,,
small_multiples_index,quarter,Q4_2025,did_midline,Q4_2025|did_midline|literacy,literacy,word_writing,literacy,177.0,stack,slide_band_gt75_not_ge75,11.0,percentile_within_panel,45.45454545454545,,
small_multiples_index,quarter,Q4_2025,did_midline,Q4_2025|did_midline|literacy,literacy,word_writing,literacy,177.0,stack,slide_band_gt75_not_ge75,11.0,rank_within_panel,7.0,,
small_multiples_index,quarter,Q4_2025,did_midline,Q4_2025|did_midline|numeracy,numeracy,addition_2digit,numeracy,177.0,stack,slide_band_gt75_not_ge75,13.0,pct_students_cleared,31.0,,
small_multiples_index,quarter,Q4_2025,did_midline,Q4_2025|did_midline|numeracy,numeracy,addition_2digit,numeracy,177.0,stack,slide_band_gt75_not_ge75,13.0,z_within_panel,-0.21613662357806443,,
small_multiples_index,quarter,Q4_2025,did_midline,Q4_2025|did_midline|numeracy,numeracy,addition_2digit,numeracy,177.0,stack,slide_band_gt75_not_ge75,13.0,percentile_within_panel,53.84615384615385,,
small_multiples_index,quarter,Q4_2025,did_midline,Q4_2025|did_midline|numeracy,numeracy,addition_2digit,numeracy,177.0,stack,slide_band_gt75_not_ge75,13.0,rank_within_panel,7.0,,
small_multiples_index,quarter,Q4_2025,did_midline,Q4_2025|did_midline|numeracy,numeracy,data_handling,numeracy,177.0,stack,slide_band_gt75_not_ge75,13.0,pct_students_cleared,30.0,,
small_multiples_index,quarter,Q4_2025,did_midline,Q4_2025|did_midline|numeracy,numeracy,data_handling,numeracy,177.0,stack,slide_band_gt75_not_ge75,13.0,z_within_panel,-0.2712302727254142,,
small_multiples_index,quarter,Q4_2025,did_midline,Q4_2025|did_midline|numeracy,numeracy,data_handling,numeracy,177.0,stack,slide_band_gt75_not_ge75,13.0,percentile_within_panel,46.15384615384615,,
small_multiples_index,quarter,Q4_2025,did_midline,Q4_2025|did_midline|numeracy,numeracy,data_handling,numeracy,177.0,stack,slide_band_gt75_not_ge75,13.0,rank_within_panel,8.0,,
small_multiples_index,quarter,Q4_2025,did_midline,Q4_2025|did_midline|numeracy,numeracy,measurement,numeracy,177.0,stack,slide_band_gt75_not_ge75,13.0,pct_students_cleared,72.0,,
small_multiples_index,quarter,Q4_2025,did_midline,Q4_2025|did_midline|numeracy,numeracy,measurement,numeracy,177.0,stack,slide_band_gt75_not_ge75,13.0,z_within_panel,2.0427029914632775,,
small_multiples_index,quarter,Q4_2025,did_midline,Q4_2025|did_midline|numeracy,numeracy,measurement,numeracy,177.0,stack,slide_band_gt75_not_ge75,13.0,percentile_within_panel,100.0,,
small_multiples_index,quarter,Q4_2025,did_midline,Q4_2025|did_midline|numeracy,numeracy,measurement,numeracy,177.0,stack,slide_band_gt75_not_ge75,13.0,rank_within_panel,1.0,,
small_multiples_index,quarter,Q4_2025,did_midline,Q4_2025|did_midline|numeracy,numeracy,multiplication,numeracy,177.0,stack,slide_band_gt75_not_ge75,13.0,pct_students_cleared,39.0,,
small_multiples_index,quarter,Q4_2025,did_midline,Q4_2025|did_midline|numeracy,numeracy,multiplication,numeracy,177.0,stack,slide_band_gt75_not_ge75,13.0,z_within_panel,0.224612569600734,,
small_multiples_index,quarter,Q4_2025,did_midline,Q4_2025|did_midline|numeracy,numeracy,multiplication,numeracy,177.0,stack,slide_band_gt75_not_ge75,13.0,percentile_within_panel,69.23076923076923,,
small_multiples_index,quarter,Q4_2025,did_midline,Q4_2025|did_midline|numeracy,numeracy,multiplication,numeracy,177.0,stack,slide_band_gt75_not_ge75,13.0,rank_within_panel,5.0,,
small_multiples_index,quarter,Q4_2025,did_midline,Q4_2025|did_midline|numeracy,numeracy,number_comparison,numeracy,177.0,stack,slide_band_gt75_not_ge75,13.0,pct_students_cleared,58.0,,
small_multiples_index,quarter,Q4_2025,did_midline,Q4_2025|did_midline|numeracy,numeracy,number_comparison,numeracy,177.0,stack,slide_band_gt75_not_ge75,13.0,z_within_panel,1.2713919034003802,,
small_multiples_index,quarter,Q4_2025,did_midline,Q4_2025|did_midline|numeracy,numeracy,number_comparison,numeracy,177.0,stack,slide_band_gt75_not_ge75,13.0,percentile_within_panel,92.3076923076923,,
small_multiples_index,quarter,Q4_2025,did_midline,Q4_2025|did_midline|numeracy,numeracy,number_comparison,numeracy,177.0,stack,slide_band_gt75_not_ge75,13.0,rank_within_panel,2.0,,
small_multiples_index,quarter,Q4_2025,did_midline,Q4_2025|did_midline|numeracy,numeracy,number_pattern,numeracy,177.0,stack,slide_band_gt75_not_ge75,13.0,pct_students_cleared,10.0,,
small_multiples_index,quarter,Q4_2025,did_midline,Q4_2025|did_midline|numeracy,numeracy,number_pattern,numeracy,177.0,stack,slide_band_gt75_not_ge75,13.0,z_within_panel,-1.3731032556724103,,
small_multiples_index,quarter,Q4_2025,did_midline,Q4_2025|did_midline|numeracy,numeracy,number_pattern,numeracy,177.0,stack,slide_band_gt75_not_ge75,13.0,percentile_within_panel,15.384615384615385,,
small_multiples_index,quarter,Q4_2025,did_midline,Q4_2025|did_midline|numeracy,numeracy,number_pattern,numeracy,177.0,stack,slide_band_gt75_not_ge75,13.0,rank_within_panel,12.0,,
small_multiples_index,quarter,Q4_2025,did_midline,Q4_2025|did_midline|numeracy,numeracy,number_recognition,numeracy,177.0,stack,slide_band_gt75_not_ge75,13.0,pct_students_cleared,52.0,,
small_multiples_index,quarter,Q4_2025,did_midline,Q4_2025|did_midline|numeracy,numeracy,number_recognition,numeracy,177.0,stack,slide_band_gt75_not_ge75,13.0,z_within_panel,0.9408300085162814,,
small_multiples_index,quarter,Q4_2025,did_midline,Q4_2025|did_midline|numeracy,numeracy,number_recognition,numeracy,177.0,stack,slide_band_gt75_not_ge75,13.0,percentile_within_panel,84.61538461538461,,
small_multiples_index,quarter,Q4_2025,did_midline,Q4_2025|did_midline|numeracy,numeracy,number_recognition,numeracy,177.0,stack,slide_band_gt75_not_ge75,13.0,rank_within_panel,3.0,,
small_multiples_index,quarter,Q4_2025,did_midline,Q4_2025|did_midline|numeracy,numeracy,number_writing,numeracy,177.0,stack,slide_band_gt75_not_ge75,13.0,pct_students_cleared,48.0,,
small_multiples_index,quarter,Q4_2025,did_midline,Q4_2025|did_midline|numeracy,numeracy,number_writing,numeracy,177.0,stack,slide_band_gt75_not_ge75,13.0,z_within_panel,0.7204554119268822,,
small_multiples_index,quarter,Q4_2025,did_midline,Q4_2025|did_midline|numeracy,numeracy,number_writing,numeracy,177.0,stack,slide_band_gt75_not_ge75,13.0,percentile_within_panel,76.92307692307693,,
small_multiples_index,quarter,Q4_2025,did_midline,Q4_2025|did_midline|numeracy,numeracy,number_writing,numeracy,177.0,stack,slide_band_gt75_not_ge75,13.0,rank_within_panel,4.0,,
small_multiples_index,quarter,Q4_2025,did_midline,Q4_2025|did_midline|numeracy,numeracy,place_value_bundles,numeracy,177.0,stack_with_caveat,slide_band_gt75_not_ge75;crosswalk_caveat,13.0,pct_students_cleared,29.0,,
small_multiples_index,quarter,Q4_2025,did_midline,Q4_2025|did_midline|numeracy,numeracy,place_value_bundles,numeracy,177.0,stack_with_caveat,slide_band_gt75_not_ge75;crosswalk_caveat,13.0,z_within_panel,-0.32632392187276404,,
small_multiples_index,quarter,Q4_2025,did_midline,Q4_2025|did_midline|numeracy,numeracy,place_value_bundles,numeracy,177.0,stack_with_caveat,slide_band_gt75_not_ge75;crosswalk_caveat,13.0,percentile_within_panel,38.46153846153847,,
small_multiples_index,quarter,Q4_2025,did_midline,Q4_2025|did_midline|numeracy,numeracy,place_value_bundles,numeracy,177.0,stack_with_caveat,slide_band_gt75_not_ge75;crosswalk_caveat,13.0,rank_within_panel,9.0,,
small_multiples_index,quarter,Q4_2025,did_midline,Q4_2025|did_midline|numeracy,numeracy,shapes_midline_unspecified,numeracy,177.0,single_source,slide_band_gt75_not_ge75;single_source,13.0,pct_students_cleared,4.0,,
small_multiples_index,quarter,Q4_2025,did_midline,Q4_2025|did_midline|numeracy,numeracy,shapes_midline_unspecified,numeracy,177.0,single_source,slide_band_gt75_not_ge75;single_source,13.0,z_within_panel,-1.703665150556509,,
small_multiples_index,quarter,Q4_2025,did_midline,Q4_2025|did_midline|numeracy,numeracy,shapes_midline_unspecified,numeracy,177.0,single_source,slide_band_gt75_not_ge75;single_source,13.0,percentile_within_panel,7.6923076923076925,,
small_multiples_index,quarter,Q4_2025,did_midline,Q4_2025|did_midline|numeracy,numeracy,shapes_midline_unspecified,numeracy,177.0,single_source,slide_band_gt75_not_ge75;single_source,13.0,rank_within_panel,13.0,,
small_multiples_index,quarter,Q4_2025,did_midline,Q4_2025|did_midline|numeracy,numeracy,subtraction_2digit,numeracy,177.0,stack,slide_band_gt75_not_ge75,13.0,pct_students_cleared,25.0,,
small_multiples_index,quarter,Q4_2025,did_midline,Q4_2025|did_midline|numeracy,numeracy,subtraction_2digit,numeracy,177.0,stack,slide_band_gt75_not_ge75,13.0,z_within_panel,-0.5466985184621632,,
small_multiples_index,quarter,Q4_2025,did_midline,Q4_2025|did_midline|numeracy,numeracy,subtraction_2digit,numeracy,177.0,stack,slide_band_gt75_not_ge75,13.0,percentile_within_panel,30.76923076923077,,
small_multiples_index,quarter,Q4_2025,did_midline,Q4_2025|did_midline|numeracy,numeracy,subtraction_2digit,numeracy,177.0,stack,slide_band_gt75_not_ge75,13.0,rank_within_panel,10.0,,
small_multiples_index,quarter,Q4_2025,did_midline,Q4_2025|did_midline|numeracy,numeracy,word_problem_addition,numeracy,177.0,stack,slide_band_gt75_not_ge75,13.0,pct_students_cleared,33.0,,
small_multiples_index,quarter,Q4_2025,did_midline,Q4_2025|did_midline|numeracy,numeracy,word_problem_addition,numeracy,177.0,stack,slide_band_gt75_not_ge75,13.0,z_within_panel,-0.10594932528336483,,
small_multiples_index,quarter,Q4_2025,did_midline,Q4_2025|did_midline|numeracy,numeracy,word_problem_addition,numeracy,177.0,stack,slide_band_gt75_not_ge75,13.0,percentile_within_panel,61.53846153846154,,
small_multiples_index,quarter,Q4_2025,did_midline,Q4_2025|did_midline|numeracy,numeracy,word_problem_addition,numeracy,177.0,stack,slide_band_gt75_not_ge75,13.0,rank_within_panel,6.0,,
small_multiples_index,quarter,Q4_2025,did_midline,Q4_2025|did_midline|numeracy,numeracy,word_problem_subtraction,numeracy,177.0,stack,slide_band_gt75_not_ge75,13.0,pct_students_cleared,23.0,,
small_multiples_index,quarter,Q4_2025,did_midline,Q4_2025|did_midline|numeracy,numeracy,word_problem_subtraction,numeracy,177.0,stack,slide_band_gt75_not_ge75,13.0,z_within_panel,-0.6568858167568629,,
small_multiples_index,quarter,Q4_2025,did_midline,Q4_2025|did_midline|numeracy,numeracy,word_problem_subtraction,numeracy,177.0,stack,slide_band_gt75_not_ge75,13.0,percentile_within_panel,23.076923076923077,,
small_multiples_index,quarter,Q4_2025,did_midline,Q4_2025|did_midline|numeracy,numeracy,word_problem_subtraction,numeracy,177.0,stack,slide_band_gt75_not_ge75,13.0,rank_within_panel,11.0,,
small_multiples_index,quarter,Q4_2025,did_midline,Q4_2025|did_midline|all,all,independent_writing,literacy,177.0,single_source,slide_band_gt75_not_ge75;single_source,24.0,pct_students_cleared,28.0,,
small_multiples_index,quarter,Q4_2025,did_midline,Q4_2025|did_midline|all,all,independent_writing,literacy,177.0,single_source,slide_band_gt75_not_ge75;single_source,24.0,z_within_panel,-0.7346579945853062,,
small_multiples_index,quarter,Q4_2025,did_midline,Q4_2025|did_midline|all,all,independent_writing,literacy,177.0,single_source,slide_band_gt75_not_ge75;single_source,24.0,percentile_within_panel,20.833333333333336,,
small_multiples_index,quarter,Q4_2025,did_midline,Q4_2025|did_midline|all,all,independent_writing,literacy,177.0,single_source,slide_band_gt75_not_ge75;single_source,24.0,rank_within_panel,20.0,,
small_multiples_index,quarter,Q4_2025,did_midline,Q4_2025|did_midline|all,all,letter_writing,literacy,177.0,stack,slide_band_gt75_not_ge75,24.0,pct_students_cleared,80.0,,
small_multiples_index,quarter,Q4_2025,did_midline,Q4_2025|did_midline|all,all,letter_writing,literacy,177.0,stack,slide_band_gt75_not_ge75,24.0,z_within_panel,1.4853254854206552,,
small_multiples_index,quarter,Q4_2025,did_midline,Q4_2025|did_midline|all,all,letter_writing,literacy,177.0,stack,slide_band_gt75_not_ge75,24.0,percentile_within_panel,91.66666666666666,,
small_multiples_index,quarter,Q4_2025,did_midline,Q4_2025|did_midline|all,all,letter_writing,literacy,177.0,stack,slide_band_gt75_not_ge75,24.0,rank_within_panel,3.0,,
small_multiples_index,quarter,Q4_2025,did_midline,Q4_2025|did_midline|all,all,listening_comprehension,literacy,177.0,stack,slide_band_gt75_not_ge75,24.0,pct_students_cleared,38.0,,
small_multiples_index,quarter,Q4_2025,did_midline,Q4_2025|did_midline|all,all,listening_comprehension,literacy,177.0,stack,slide_band_gt75_not_ge75,24.0,z_within_panel,-0.3077380945841598,,
small_multiples_index,quarter,Q4_2025,did_midline,Q4_2025|did_midline|all,all,listening_comprehension,literacy,177.0,stack,slide_band_gt75_not_ge75,24.0,percentile_within_panel,43.75,,
small_multiples_index,quarter,Q4_2025,did_midline,Q4_2025|did_midline|all,all,listening_comprehension,literacy,177.0,stack,slide_band_gt75_not_ge75,24.0,rank_within_panel,14.0,,
small_multiples_index,quarter,Q4_2025,did_midline,Q4_2025|did_midline|all,all,oral_reading_fluency,literacy,177.0,stack_with_caveat,slide_band_gt75_not_ge75;crosswalk_caveat,24.0,pct_students_cleared,38.0,,
small_multiples_index,quarter,Q4_2025,did_midline,Q4_2025|did_midline|all,all,oral_reading_fluency,literacy,177.0,stack_with_caveat,slide_band_gt75_not_ge75;crosswalk_caveat,24.0,z_within_panel,-0.3077380945841598,,
small_multiples_index,quarter,Q4_2025,did_midline,Q4_2025|did_midline|all,all,oral_reading_fluency,literacy,177.0,stack_with_caveat,slide_band_gt75_not_ge75;crosswalk_caveat,24.0,percentile_within_panel,43.75,,
small_multiples_index,quarter,Q4_2025,did_midline,Q4_2025|did_midline|all,all,oral_reading_fluency,literacy,177.0,stack_with_caveat,slide_band_gt75_not_ge75;crosswalk_caveat,24.0,rank_within_panel,14.0,,
small_multiples_index,quarter,Q4_2025,did_midline,Q4_2025|did_midline|all,all,oral_vocabulary,literacy,177.0,stack,ceiling;slide_band_gt75_not_ge75,24.0,pct_students_cleared,100.0,,
small_multiples_index,quarter,Q4_2025,did_midline,Q4_2025|did_midline|all,all,oral_vocabulary,literacy,177.0,stack,ceiling;slide_band_gt75_not_ge75,24.0,z_within_panel,2.339165285422948,,
small_multiples_index,quarter,Q4_2025,did_midline,Q4_2025|did_midline|all,all,oral_vocabulary,literacy,177.0,stack,ceiling;slide_band_gt75_not_ge75,24.0,percentile_within_panel,100.0,,
small_multiples_index,quarter,Q4_2025,did_midline,Q4_2025|did_midline|all,all,oral_vocabulary,literacy,177.0,stack,ceiling;slide_band_gt75_not_ge75,24.0,rank_within_panel,1.0,,
small_multiples_index,quarter,Q4_2025,did_midline,Q4_2025|did_midline|all,all,picture_comprehension,literacy,177.0,stack,slide_band_gt75_not_ge75,24.0,pct_students_cleared,91.0,,
small_multiples_index,quarter,Q4_2025,did_midline,Q4_2025|did_midline|all,all,picture_comprehension,literacy,177.0,stack,slide_band_gt75_not_ge75,24.0,z_within_panel,1.9549373754219161,,
small_multiples_index,quarter,Q4_2025,did_midline,Q4_2025|did_midline|all,all,picture_comprehension,literacy,177.0,stack,slide_band_gt75_not_ge75,24.0,percentile_within_panel,95.83333333333334,,
small_multiples_index,quarter,Q4_2025,did_midline,Q4_2025|did_midline|all,all,picture_comprehension,literacy,177.0,stack,slide_band_gt75_not_ge75,24.0,rank_within_panel,2.0,,
small_multiples_index,quarter,Q4_2025,did_midline,Q4_2025|did_midline|all,all,reading_comprehension,literacy,177.0,stack_with_caveat,slide_band_gt75_not_ge75;crosswalk_caveat,24.0,pct_students_cleared,47.0,,
small_multiples_index,quarter,Q4_2025,did_midline,Q4_2025|did_midline|all,all,reading_comprehension,literacy,177.0,stack_with_caveat,slide_band_gt75_not_ge75;crosswalk_caveat,24.0,z_within_panel,0.07648981541687197,,
small_multiples_index,quarter,Q4_2025,did_midline,Q4_2025|did_midline|all,all,reading_comprehension,literacy,177.0,stack_with_caveat,slide_band_gt75_not_ge75;crosswalk_caveat,24.0,percentile_within_panel,62.5,,
small_multiples_index,quarter,Q4_2025,did_midline,Q4_2025|did_midline|all,all,reading_comprehension,literacy,177.0,stack_with_caveat,slide_band_gt75_not_ge75;crosswalk_caveat,24.0,rank_within_panel,10.0,,
small_multiples_index,quarter,Q4_2025,did_midline,Q4_2025|did_midline|all,all,sentence_reading,literacy,177.0,stack_with_caveat,slide_band_gt75_not_ge75;crosswalk_caveat,24.0,pct_students_cleared,57.0,,
small_multiples_index,quarter,Q4_2025,did_midline,Q4_2025|did_midline|all,all,sentence_reading,literacy,177.0,stack_with_caveat,slide_band_gt75_not_ge75;crosswalk_caveat,24.0,z_within_panel,0.5034097154180184,,
small_multiples_index,quarter,Q4_2025,did_midline,Q4_2025|did_midline|all,all,sentence_reading,literacy,177.0,stack_with_caveat,slide_band_gt75_not_ge75;crosswalk_caveat,24.0,percentile_within_panel,75.0,,
small_multiples_index,quarter,Q4_2025,did_midline,Q4_2025|did_midline|all,all,sentence_reading,literacy,177.0,stack_with_caveat,slide_band_gt75_not_ge75;crosswalk_caveat,24.0,rank_within_panel,7.0,,
small_multiples_index,quarter,Q4_2025,did_midline,Q4_2025|did_midline|all,all,sentence_writing,literacy,177.0,single_source,slide_band_gt75_not_ge75;single_source,24.0,pct_students_cleared,39.0,,
small_multiples_index,quarter,Q4_2025,did_midline,Q4_2025|did_midline|all,all,sentence_writing,literacy,177.0,single_source,slide_band_gt75_not_ge75;single_source,24.0,z_within_panel,-0.26504610458404515,,
small_multiples_index,quarter,Q4_2025,did_midline,Q4_2025|did_midline|all,all,sentence_writing,literacy,177.0,single_source,slide_band_gt75_not_ge75;single_source,24.0,percentile_within_panel,52.083333333333336,,
small_multiples_index,quarter,Q4_2025,did_midline,Q4_2025|did_midline|all,all,sentence_writing,literacy,177.0,single_source,slide_band_gt75_not_ge75;single_source,24.0,rank_within_panel,12.0,,
small_multiples_index,quarter,Q4_2025,did_midline,Q4_2025|did_midline|all,all,word_reading,literacy,177.0,stack_with_caveat,slide_band_gt75_not_ge75;crosswalk_caveat,24.0,pct_students_cleared,70.0,,
small_multiples_index,quarter,Q4_2025,did_midline,Q4_2025|did_midline|all,all,word_reading,literacy,177.0,stack_with_caveat,slide_band_gt75_not_ge75;crosswalk_caveat,24.0,z_within_panel,1.0584055854195087,,
small_multiples_index,quarter,Q4_2025,did_midline,Q4_2025|did_midline|all,all,word_reading,literacy,177.0,stack_with_caveat,slide_band_gt75_not_ge75;crosswalk_caveat,24.0,percentile_within_panel,83.33333333333334,,
small_multiples_index,quarter,Q4_2025,did_midline,Q4_2025|did_midline|all,all,word_reading,literacy,177.0,stack_with_caveat,slide_band_gt75_not_ge75;crosswalk_caveat,24.0,rank_within_panel,5.0,,
small_multiples_index,quarter,Q4_2025,did_midline,Q4_2025|did_midline|all,all,word_writing,literacy,177.0,stack,slide_band_gt75_not_ge75,24.0,pct_students_cleared,43.0,,
small_multiples_index,quarter,Q4_2025,did_midline,Q4_2025|did_midline|all,all,word_writing,literacy,177.0,stack,slide_band_gt75_not_ge75,24.0,z_within_panel,-0.0942781445835866,,
small_multiples_index,quarter,Q4_2025,did_midline,Q4_2025|did_midline|all,all,word_writing,literacy,177.0,stack,slide_band_gt75_not_ge75,24.0,percentile_within_panel,58.333333333333336,,
small_multiples_index,quarter,Q4_2025,did_midline,Q4_2025|did_midline|all,all,word_writing,literacy,177.0,stack,slide_band_gt75_not_ge75,24.0,rank_within_panel,11.0,,
small_multiples_index,quarter,Q4_2025,did_midline,Q4_2025|did_midline|all,all,addition_2digit,numeracy,177.0,stack,slide_band_gt75_not_ge75,24.0,pct_students_cleared,31.0,,
small_multiples_index,quarter,Q4_2025,did_midline,Q4_2025|did_midline|all,all,addition_2digit,numeracy,177.0,stack,slide_band_gt75_not_ge75,24.0,z_within_panel,-0.6065820245849624,,
small_multiples_index,quarter,Q4_2025,did_midline,Q4_2025|did_midline|all,all,addition_2digit,numeracy,177.0,stack,slide_band_gt75_not_ge75,24.0,percentile_within_panel,33.33333333333333,,
small_multiples_index,quarter,Q4_2025,did_midline,Q4_2025|did_midline|all,all,addition_2digit,numeracy,177.0,stack,slide_band_gt75_not_ge75,24.0,rank_within_panel,17.0,,
small_multiples_index,quarter,Q4_2025,did_midline,Q4_2025|did_midline|all,all,data_handling,numeracy,177.0,stack,slide_band_gt75_not_ge75,24.0,pct_students_cleared,30.0,,
small_multiples_index,quarter,Q4_2025,did_midline,Q4_2025|did_midline|all,all,data_handling,numeracy,177.0,stack,slide_band_gt75_not_ge75,24.0,z_within_panel,-0.6492740145850769,,
small_multiples_index,quarter,Q4_2025,did_midline,Q4_2025|did_midline|all,all,data_handling,numeracy,177.0,stack,slide_band_gt75_not_ge75,24.0,percentile_within_panel,29.166666666666668,,
small_multiples_index,quarter,Q4_2025,did_midline,Q4_2025|did_midline|all,all,data_handling,numeracy,177.0,stack,slide_band_gt75_not_ge75,24.0,rank_within_panel,18.0,,
small_multiples_index,quarter,Q4_2025,did_midline,Q4_2025|did_midline|all,all,measurement,numeracy,177.0,stack,slide_band_gt75_not_ge75,24.0,pct_students_cleared,72.0,,
small_multiples_index,quarter,Q4_2025,did_midline,Q4_2025|did_midline|all,all,measurement,numeracy,177.0,stack,slide_band_gt75_not_ge75,24.0,z_within_panel,1.143789565419738,,
small_multiples_index,quarter,Q4_2025,did_midline,Q4_2025|did_midline|all,all,measurement,numeracy,177.0,stack,slide_band_gt75_not_ge75,24.0,percentile_within_panel,87.5,,
small_multiples_index,quarter,Q4_2025,did_midline,Q4_2025|did_midline|all,all,measurement,numeracy,177.0,stack,slide_band_gt75_not_ge75,24.0,rank_within_panel,4.0,,
small_multiples_index,quarter,Q4_2025,did_midline,Q4_2025|did_midline|all,all,multiplication,numeracy,177.0,stack,slide_band_gt75_not_ge75,24.0,pct_students_cleared,39.0,,
small_multiples_index,quarter,Q4_2025,did_midline,Q4_2025|did_midline|all,all,multiplication,numeracy,177.0,stack,slide_band_gt75_not_ge75,24.0,z_within_panel,-0.26504610458404515,,
small_multiples_index,quarter,Q4_2025,did_midline,Q4_2025|did_midline|all,all,multiplication,numeracy,177.0,stack,slide_band_gt75_not_ge75,24.0,percentile_within_panel,52.083333333333336,,
small_multiples_index,quarter,Q4_2025,did_midline,Q4_2025|did_midline|all,all,multiplication,numeracy,177.0,stack,slide_band_gt75_not_ge75,24.0,rank_within_panel,12.0,,
small_multiples_index,quarter,Q4_2025,did_midline,Q4_2025|did_midline|all,all,number_comparison,numeracy,177.0,stack,slide_band_gt75_not_ge75,24.0,pct_students_cleared,58.0,,
small_multiples_index,quarter,Q4_2025,did_midline,Q4_2025|did_midline|all,all,number_comparison,numeracy,177.0,stack,slide_band_gt75_not_ge75,24.0,z_within_panel,0.5461017054181331,,
small_multiples_index,quarter,Q4_2025,did_midline,Q4_2025|did_midline|all,all,number_comparison,numeracy,177.0,stack,slide_band_gt75_not_ge75,24.0,percentile_within_panel,79.16666666666666,,
small_multiples_index,quarter,Q4_2025,did_midline,Q4_2025|did_midline|all,all,number_comparison,numeracy,177.0,stack,slide_band_gt75_not_ge75,24.0,rank_within_panel,6.0,,
small_multiples_index,quarter,Q4_2025,did_midline,Q4_2025|did_midline|all,all,number_pattern,numeracy,177.0,stack,slide_band_gt75_not_ge75,24.0,pct_students_cleared,10.0,,
small_multiples_index,quarter,Q4_2025,did_midline,Q4_2025|did_midline|all,all,number_pattern,numeracy,177.0,stack,slide_band_gt75_not_ge75,24.0,z_within_panel,-1.5031138145873697,,
small_multiples_index,quarter,Q4_2025,did_midline,Q4_2025|did_midline|all,all,number_pattern,numeracy,177.0,stack,slide_band_gt75_not_ge75,24.0,percentile_within_panel,8.333333333333332,,
small_multiples_index,quarter,Q4_2025,did_midline,Q4_2025|did_midline|all,all,number_pattern,numeracy,177.0,stack,slide_band_gt75_not_ge75,24.0,rank_within_panel,23.0,,
small_multiples_index,quarter,Q4_2025,did_midline,Q4_2025|did_midline|all,all,number_recognition,numeracy,177.0,stack,slide_band_gt75_not_ge75,24.0,pct_students_cleared,52.0,,
small_multiples_index,quarter,Q4_2025,did_midline,Q4_2025|did_midline|all,all,number_recognition,numeracy,177.0,stack,slide_band_gt75_not_ge75,24.0,z_within_panel,0.28994976541744516,,
small_multiples_index,quarter,Q4_2025,did_midline,Q4_2025|did_midline|all,all,number_recognition,numeracy,177.0,stack,slide_band_gt75_not_ge75,24.0,percentile_within_panel,70.83333333333334,,
small_multiples_index,quarter,Q4_2025,did_midline,Q4_2025|did_midline|all,all,number_recognition,numeracy,177.0,stack,slide_band_gt75_not_ge75,24.0,rank_within_panel,8.0,,
small_multiples_index,quarter,Q4_2025,did_midline,Q4_2025|did_midline|all,all,number_writing,numeracy,177.0,stack,slide_band_gt75_not_ge75,24.0,pct_students_cleared,48.0,,
small_multiples_index,quarter,Q4_2025,did_midline,Q4_2025|did_midline|all,all,number_writing,numeracy,177.0,stack,slide_band_gt75_not_ge75,24.0,z_within_panel,0.11918180541698661,,
small_multiples_index,quarter,Q4_2025,did_midline,Q4_2025|did_midline|all,all,number_writing,numeracy,177.0,stack,slide_band_gt75_not_ge75,24.0,percentile_within_panel,66.66666666666666,,
small_multiples_index,quarter,Q4_2025,did_midline,Q4_2025|did_midline|all,all,number_writing,numeracy,177.0,stack,slide_band_gt75_not_ge75,24.0,rank_within_panel,9.0,,
small_multiples_index,quarter,Q4_2025,did_midline,Q4_2025|did_midline|all,all,place_value_bundles,numeracy,177.0,stack_with_caveat,slide_band_gt75_not_ge75;crosswalk_caveat,24.0,pct_students_cleared,29.0,,
small_multiples_index,quarter,Q4_2025,did_midline,Q4_2025|did_midline|all,all,place_value_bundles,numeracy,177.0,stack_with_caveat,slide_band_gt75_not_ge75;crosswalk_caveat,24.0,z_within_panel,-0.6919660045851916,,
small_multiples_index,quarter,Q4_2025,did_midline,Q4_2025|did_midline|all,all,place_value_bundles,numeracy,177.0,stack_with_caveat,slide_band_gt75_not_ge75;crosswalk_caveat,24.0,percentile_within_panel,25.0,,
small_multiples_index,quarter,Q4_2025,did_midline,Q4_2025|did_midline|all,all,place_value_bundles,numeracy,177.0,stack_with_caveat,slide_band_gt75_not_ge75;crosswalk_caveat,24.0,rank_within_panel,19.0,,
small_multiples_index,quarter,Q4_2025,did_midline,Q4_2025|did_midline|all,all,shapes_midline_unspecified,numeracy,177.0,single_source,slide_band_gt75_not_ge75;single_source,24.0,pct_students_cleared,4.0,,
small_multiples_index,quarter,Q4_2025,did_midline,Q4_2025|did_midline|all,all,shapes_midline_unspecified,numeracy,177.0,single_source,slide_band_gt75_not_ge75;single_source,24.0,z_within_panel,-1.7592657545880577,,
small_multiples_index,quarter,Q4_2025,did_midline,Q4_2025|did_midline|all,all,shapes_midline_unspecified,numeracy,177.0,single_source,slide_band_gt75_not_ge75;single_source,24.0,percentile_within_panel,4.166666666666666,,
small_multiples_index,quarter,Q4_2025,did_midline,Q4_2025|did_midline|all,all,shapes_midline_unspecified,numeracy,177.0,single_source,slide_band_gt75_not_ge75;single_source,24.0,rank_within_panel,24.0,,
small_multiples_index,quarter,Q4_2025,did_midline,Q4_2025|did_midline|all,all,subtraction_2digit,numeracy,177.0,stack,slide_band_gt75_not_ge75,24.0,pct_students_cleared,25.0,,
small_multiples_index,quarter,Q4_2025,did_midline,Q4_2025|did_midline|all,all,subtraction_2digit,numeracy,177.0,stack,slide_band_gt75_not_ge75,24.0,z_within_panel,-0.8627339645856502,,
small_multiples_index,quarter,Q4_2025,did_midline,Q4_2025|did_midline|all,all,subtraction_2digit,numeracy,177.0,stack,slide_band_gt75_not_ge75,24.0,percentile_within_panel,16.666666666666664,,
small_multiples_index,quarter,Q4_2025,did_midline,Q4_2025|did_midline|all,all,subtraction_2digit,numeracy,177.0,stack,slide_band_gt75_not_ge75,24.0,rank_within_panel,21.0,,
small_multiples_index,quarter,Q4_2025,did_midline,Q4_2025|did_midline|all,all,word_problem_addition,numeracy,177.0,stack,slide_band_gt75_not_ge75,24.0,pct_students_cleared,33.0,,
small_multiples_index,quarter,Q4_2025,did_midline,Q4_2025|did_midline|all,all,word_problem_addition,numeracy,177.0,stack,slide_band_gt75_not_ge75,24.0,z_within_panel,-0.5211980445847331,,
small_multiples_index,quarter,Q4_2025,did_midline,Q4_2025|did_midline|all,all,word_problem_addition,numeracy,177.0,stack,slide_band_gt75_not_ge75,24.0,percentile_within_panel,37.5,,
small_multiples_index,quarter,Q4_2025,did_midline,Q4_2025|did_midline|all,all,word_problem_addition,numeracy,177.0,stack,slide_band_gt75_not_ge75,24.0,rank_within_panel,16.0,,
small_multiples_index,quarter,Q4_2025,did_midline,Q4_2025|did_midline|all,all,word_problem_subtraction,numeracy,177.0,stack,slide_band_gt75_not_ge75,24.0,pct_students_cleared,23.0,,
small_multiples_index,quarter,Q4_2025,did_midline,Q4_2025|did_midline|all,all,word_problem_subtraction,numeracy,177.0,stack,slide_band_gt75_not_ge75,24.0,z_within_panel,-0.9481179445858795,,
small_multiples_index,quarter,Q4_2025,did_midline,Q4_2025|did_midline|all,all,word_problem_subtraction,numeracy,177.0,stack,slide_band_gt75_not_ge75,24.0,percentile_within_panel,12.5,,
small_multiples_index,quarter,Q4_2025,did_midline,Q4_2025|did_midline|all,all,word_problem_subtraction,numeracy,177.0,stack,slide_band_gt75_not_ge75,24.0,rank_within_panel,22.0,,
small_multiples_index,month,2025-08,aug_tool,2025-08|aug_tool|literacy,literacy,letter_recognition,literacy,22.0,stack_with_caveat,thin_n;crosswalk_caveat,4.0,pct_students_cleared,81.81818181818183,,
small_multiples_index,month,2025-08,aug_tool,2025-08|aug_tool|literacy,literacy,letter_recognition,literacy,22.0,stack_with_caveat,thin_n;crosswalk_caveat,4.0,z_within_panel,0.5964809080634609,,
small_multiples_index,month,2025-08,aug_tool,2025-08|aug_tool|literacy,literacy,letter_recognition,literacy,22.0,stack_with_caveat,thin_n;crosswalk_caveat,4.0,percentile_within_panel,75.0,,
small_multiples_index,month,2025-08,aug_tool,2025-08|aug_tool|literacy,literacy,letter_recognition,literacy,22.0,stack_with_caveat,thin_n;crosswalk_caveat,4.0,rank_within_panel,2.0,,
small_multiples_index,month,2025-08,aug_tool,2025-08|aug_tool|literacy,literacy,oral_language_dev,literacy,22.0,stack_with_caveat,thin_n;ceiling;crosswalk_caveat,4.0,pct_students_cleared,100.0,,
small_multiples_index,month,2025-08,aug_tool,2025-08|aug_tool|literacy,literacy,oral_language_dev,literacy,22.0,stack_with_caveat,thin_n;ceiling;crosswalk_caveat,4.0,z_within_panel,1.3306112564492583,,
small_multiples_index,month,2025-08,aug_tool,2025-08|aug_tool|literacy,literacy,oral_language_dev,literacy,22.0,stack_with_caveat,thin_n;ceiling;crosswalk_caveat,4.0,percentile_within_panel,100.0,,
small_multiples_index,month,2025-08,aug_tool,2025-08|aug_tool|literacy,literacy,oral_language_dev,literacy,22.0,stack_with_caveat,thin_n;ceiling;crosswalk_caveat,4.0,rank_within_panel,1.0,,
small_multiples_index,month,2025-08,aug_tool,2025-08|aug_tool|literacy,literacy,oral_reading_fluency,literacy,22.0,stack_with_caveat,thin_n;crosswalk_caveat,4.0,pct_students_cleared,45.45454545454545,,
small_multiples_index,month,2025-08,aug_tool,2025-08|aug_tool|literacy,literacy,oral_reading_fluency,literacy,22.0,stack_with_caveat,thin_n;crosswalk_caveat,4.0,z_within_panel,-0.8717797887081348,,
small_multiples_index,month,2025-08,aug_tool,2025-08|aug_tool|literacy,literacy,oral_reading_fluency,literacy,22.0,stack_with_caveat,thin_n;crosswalk_caveat,4.0,percentile_within_panel,50.0,,
small_multiples_index,month,2025-08,aug_tool,2025-08|aug_tool|literacy,literacy,oral_reading_fluency,literacy,22.0,stack_with_caveat,thin_n;crosswalk_caveat,4.0,rank_within_panel,3.0,,
small_multiples_index,month,2025-08,aug_tool,2025-08|aug_tool|literacy,literacy,word_writing,literacy,22.0,stack_with_caveat,thin_n;perfect_score_required;crosswalk_caveat,4.0,pct_students_cleared,40.909090909090914,,
small_multiples_index,month,2025-08,aug_tool,2025-08|aug_tool|literacy,literacy,word_writing,literacy,22.0,stack_with_caveat,thin_n;perfect_score_required;crosswalk_caveat,4.0,z_within_panel,-1.055312375804584,,
small_multiples_index,month,2025-08,aug_tool,2025-08|aug_tool|literacy,literacy,word_writing,literacy,22.0,stack_with_caveat,thin_n;perfect_score_required;crosswalk_caveat,4.0,percentile_within_panel,25.0,,
small_multiples_index,month,2025-08,aug_tool,2025-08|aug_tool|literacy,literacy,word_writing,literacy,22.0,stack_with_caveat,thin_n;perfect_score_required;crosswalk_caveat,4.0,rank_within_panel,4.0,,
small_multiples_index,month,2025-08,aug_tool,2025-08|aug_tool|numeracy,numeracy,addition_1digit,numeracy,22.0,stack_with_caveat,thin_n;crosswalk_caveat,4.0,pct_students_cleared,77.27272727272727,,
small_multiples_index,month,2025-08,aug_tool,2025-08|aug_tool|numeracy,numeracy,addition_1digit,numeracy,22.0,stack_with_caveat,thin_n;crosswalk_caveat,4.0,z_within_panel,0.1400280084028006,,
small_multiples_index,month,2025-08,aug_tool,2025-08|aug_tool|numeracy,numeracy,addition_1digit,numeracy,22.0,stack_with_caveat,thin_n;crosswalk_caveat,4.0,percentile_within_panel,62.5,,
small_multiples_index,month,2025-08,aug_tool,2025-08|aug_tool|numeracy,numeracy,addition_1digit,numeracy,22.0,stack_with_caveat,thin_n;crosswalk_caveat,4.0,rank_within_panel,2.0,,
small_multiples_index,month,2025-08,aug_tool,2025-08|aug_tool|numeracy,numeracy,number_comparison,numeracy,22.0,stack_with_caveat,thin_n;ceiling;crosswalk_caveat,4.0,pct_students_cleared,95.45454545454545,,
small_multiples_index,month,2025-08,aug_tool,2025-08|aug_tool|numeracy,numeracy,number_comparison,numeracy,22.0,stack_with_caveat,thin_n;ceiling;crosswalk_caveat,4.0,z_within_panel,1.260252075625209,,
small_multiples_index,month,2025-08,aug_tool,2025-08|aug_tool|numeracy,numeracy,number_comparison,numeracy,22.0,stack_with_caveat,thin_n;ceiling;crosswalk_caveat,4.0,percentile_within_panel,100.0,,
small_multiples_index,month,2025-08,aug_tool,2025-08|aug_tool|numeracy,numeracy,number_comparison,numeracy,22.0,stack_with_caveat,thin_n;ceiling;crosswalk_caveat,4.0,rank_within_panel,1.0,,
small_multiples_index,month,2025-08,aug_tool,2025-08|aug_tool|numeracy,numeracy,place_value_bundles,numeracy,22.0,stack_with_caveat,thin_n;perfect_score_required;crosswalk_caveat,4.0,pct_students_cleared,50.0,,
small_multiples_index,month,2025-08,aug_tool,2025-08|aug_tool|numeracy,numeracy,place_value_bundles,numeracy,22.0,stack_with_caveat,thin_n;perfect_score_required;crosswalk_caveat,4.0,z_within_panel,-1.540308092430811,,
small_multiples_index,month,2025-08,aug_tool,2025-08|aug_tool|numeracy,numeracy,place_value_bundles,numeracy,22.0,stack_with_caveat,thin_n;perfect_score_required;crosswalk_caveat,4.0,percentile_within_panel,25.0,,
small_multiples_index,month,2025-08,aug_tool,2025-08|aug_tool|numeracy,numeracy,place_value_bundles,numeracy,22.0,stack_with_caveat,thin_n;perfect_score_required;crosswalk_caveat,4.0,rank_within_panel,4.0,,
small_multiples_index,month,2025-08,aug_tool,2025-08|aug_tool|numeracy,numeracy,subtraction_1digit,numeracy,22.0,stack_with_caveat,thin_n;crosswalk_caveat,4.0,pct_students_cleared,77.27272727272727,,
small_multiples_index,month,2025-08,aug_tool,2025-08|aug_tool|numeracy,numeracy,subtraction_1digit,numeracy,22.0,stack_with_caveat,thin_n;crosswalk_caveat,4.0,z_within_panel,0.1400280084028006,,
small_multiples_index,month,2025-08,aug_tool,2025-08|aug_tool|numeracy,numeracy,subtraction_1digit,numeracy,22.0,stack_with_caveat,thin_n;crosswalk_caveat,4.0,percentile_within_panel,62.5,,
small_multiples_index,month,2025-08,aug_tool,2025-08|aug_tool|numeracy,numeracy,subtraction_1digit,numeracy,22.0,stack_with_caveat,thin_n;crosswalk_caveat,4.0,rank_within_panel,2.0,,
small_multiples_index,month,2025-08,aug_tool,2025-08|aug_tool|all,all,letter_recognition,literacy,22.0,stack_with_caveat,thin_n;crosswalk_caveat,8.0,pct_students_cleared,81.81818181818183,,
small_multiples_index,month,2025-08,aug_tool,2025-08|aug_tool|all,all,letter_recognition,literacy,22.0,stack_with_caveat,thin_n;crosswalk_caveat,8.0,z_within_panel,0.5065316095759915,,
small_multiples_index,month,2025-08,aug_tool,2025-08|aug_tool|all,all,letter_recognition,literacy,22.0,stack_with_caveat,thin_n;crosswalk_caveat,8.0,percentile_within_panel,75.0,,
small_multiples_index,month,2025-08,aug_tool,2025-08|aug_tool|all,all,letter_recognition,literacy,22.0,stack_with_caveat,thin_n;crosswalk_caveat,8.0,rank_within_panel,3.0,,
small_multiples_index,month,2025-08,aug_tool,2025-08|aug_tool|all,all,oral_language_dev,literacy,22.0,stack_with_caveat,thin_n;ceiling;crosswalk_caveat,8.0,pct_students_cleared,100.0,,
small_multiples_index,month,2025-08,aug_tool,2025-08|aug_tool|all,all,oral_language_dev,literacy,22.0,stack_with_caveat,thin_n;ceiling;crosswalk_caveat,8.0,z_within_panel,1.3596374783355556,,
small_multiples_index,month,2025-08,aug_tool,2025-08|aug_tool|all,all,oral_language_dev,literacy,22.0,stack_with_caveat,thin_n;ceiling;crosswalk_caveat,8.0,percentile_within_panel,100.0,,
small_multiples_index,month,2025-08,aug_tool,2025-08|aug_tool|all,all,oral_language_dev,literacy,22.0,stack_with_caveat,thin_n;ceiling;crosswalk_caveat,8.0,rank_within_panel,1.0,,
small_multiples_index,month,2025-08,aug_tool,2025-08|aug_tool|all,all,oral_reading_fluency,literacy,22.0,stack_with_caveat,thin_n;crosswalk_caveat,8.0,pct_students_cleared,45.45454545454545,,
small_multiples_index,month,2025-08,aug_tool,2025-08|aug_tool|all,all,oral_reading_fluency,literacy,22.0,stack_with_caveat,thin_n;crosswalk_caveat,8.0,z_within_panel,-1.1996801279431382,,
small_multiples_index,month,2025-08,aug_tool,2025-08|aug_tool|all,all,oral_reading_fluency,literacy,22.0,stack_with_caveat,thin_n;crosswalk_caveat,8.0,percentile_within_panel,25.0,,
small_multiples_index,month,2025-08,aug_tool,2025-08|aug_tool|all,all,oral_reading_fluency,literacy,22.0,stack_with_caveat,thin_n;crosswalk_caveat,8.0,rank_within_panel,7.0,,
small_multiples_index,month,2025-08,aug_tool,2025-08|aug_tool|all,all,word_writing,literacy,22.0,stack_with_caveat,thin_n;perfect_score_required;crosswalk_caveat,8.0,pct_students_cleared,40.909090909090914,,
small_multiples_index,month,2025-08,aug_tool,2025-08|aug_tool|all,all,word_writing,literacy,22.0,stack_with_caveat,thin_n;perfect_score_required;crosswalk_caveat,8.0,z_within_panel,-1.412956595133029,,
small_multiples_index,month,2025-08,aug_tool,2025-08|aug_tool|all,all,word_writing,literacy,22.0,stack_with_caveat,thin_n;perfect_score_required;crosswalk_caveat,8.0,percentile_within_panel,12.5,,
small_multiples_index,month,2025-08,aug_tool,2025-08|aug_tool|all,all,word_writing,literacy,22.0,stack_with_caveat,thin_n;perfect_score_required;crosswalk_caveat,8.0,rank_within_panel,8.0,,
small_multiples_index,month,2025-08,aug_tool,2025-08|aug_tool|all,all,addition_1digit,numeracy,22.0,stack_with_caveat,thin_n;crosswalk_caveat,8.0,pct_students_cleared,77.27272727272727,,
small_multiples_index,month,2025-08,aug_tool,2025-08|aug_tool|all,all,addition_1digit,numeracy,22.0,stack_with_caveat,thin_n;crosswalk_caveat,8.0,z_within_panel,0.2932551423860996,,
small_multiples_index,month,2025-08,aug_tool,2025-08|aug_tool|all,all,addition_1digit,numeracy,22.0,stack_with_caveat,thin_n;crosswalk_caveat,8.0,percentile_within_panel,56.25,,
small_multiples_index,month,2025-08,aug_tool,2025-08|aug_tool|all,all,addition_1digit,numeracy,22.0,stack_with_caveat,thin_n;crosswalk_caveat,8.0,rank_within_panel,4.0,,
small_multiples_index,month,2025-08,aug_tool,2025-08|aug_tool|all,all,number_comparison,numeracy,22.0,stack_with_caveat,thin_n;ceiling;crosswalk_caveat,8.0,pct_students_cleared,95.45454545454545,,
small_multiples_index,month,2025-08,aug_tool,2025-08|aug_tool|all,all,number_comparison,numeracy,22.0,stack_with_caveat,thin_n;ceiling;crosswalk_caveat,8.0,z_within_panel,1.1463610111456644,,
small_multiples_index,month,2025-08,aug_tool,2025-08|aug_tool|all,all,number_comparison,numeracy,22.0,stack_with_caveat,thin_n;ceiling;crosswalk_caveat,8.0,percentile_within_panel,87.5,,
small_multiples_index,month,2025-08,aug_tool,2025-08|aug_tool|all,all,number_comparison,numeracy,22.0,stack_with_caveat,thin_n;ceiling;crosswalk_caveat,8.0,rank_within_panel,2.0,,
small_multiples_index,month,2025-08,aug_tool,2025-08|aug_tool|all,all,place_value_bundles,numeracy,22.0,stack_with_caveat,thin_n;perfect_score_required;crosswalk_caveat,8.0,pct_students_cleared,50.0,,
small_multiples_index,month,2025-08,aug_tool,2025-08|aug_tool|all,all,place_value_bundles,numeracy,22.0,stack_with_caveat,thin_n;perfect_score_required;crosswalk_caveat,8.0,z_within_panel,-0.9864036607532468,,
small_multiples_index,month,2025-08,aug_tool,2025-08|aug_tool|all,all,place_value_bundles,numeracy,22.0,stack_with_caveat,thin_n;perfect_score_required;crosswalk_caveat,8.0,percentile_within_panel,37.5,,
small_multiples_index,month,2025-08,aug_tool,2025-08|aug_tool|all,all,place_value_bundles,numeracy,22.0,stack_with_caveat,thin_n;perfect_score_required;crosswalk_caveat,8.0,rank_within_panel,6.0,,
small_multiples_index,month,2025-08,aug_tool,2025-08|aug_tool|all,all,subtraction_1digit,numeracy,22.0,stack_with_caveat,thin_n;crosswalk_caveat,8.0,pct_students_cleared,77.27272727272727,,
small_multiples_index,month,2025-08,aug_tool,2025-08|aug_tool|all,all,subtraction_1digit,numeracy,22.0,stack_with_caveat,thin_n;crosswalk_caveat,8.0,z_within_panel,0.2932551423860996,,
small_multiples_index,month,2025-08,aug_tool,2025-08|aug_tool|all,all,subtraction_1digit,numeracy,22.0,stack_with_caveat,thin_n;crosswalk_caveat,8.0,percentile_within_panel,56.25,,
small_multiples_index,month,2025-08,aug_tool,2025-08|aug_tool|all,all,subtraction_1digit,numeracy,22.0,stack_with_caveat,thin_n;crosswalk_caveat,8.0,rank_within_panel,4.0,,
small_multiples_index,month,2025-08,july_tool,2025-08|july_tool|literacy,literacy,oral_language_dev,literacy,29.0,stack_with_caveat,thin_n;ceiling;perfect_score_required;crosswalk_caveat,3.0,pct_students_cleared,96.55172413793103,,
small_multiples_index,month,2025-08,july_tool,2025-08|july_tool|literacy,literacy,oral_language_dev,literacy,29.0,stack_with_caveat,thin_n;ceiling;perfect_score_required;crosswalk_caveat,3.0,z_within_panel,1.336306209562122,,
small_multiples_index,month,2025-08,july_tool,2025-08|july_tool|literacy,literacy,oral_language_dev,literacy,29.0,stack_with_caveat,thin_n;ceiling;perfect_score_required;crosswalk_caveat,3.0,percentile_within_panel,100.0,,
small_multiples_index,month,2025-08,july_tool,2025-08|july_tool|literacy,literacy,oral_language_dev,literacy,29.0,stack_with_caveat,thin_n;ceiling;perfect_score_required;crosswalk_caveat,3.0,rank_within_panel,1.0,,
small_multiples_index,month,2025-08,july_tool,2025-08|july_tool|literacy,literacy,oral_reading_fluency,literacy,29.0,stack_with_caveat,thin_n;crosswalk_caveat,3.0,pct_students_cleared,34.48275862068966,,
small_multiples_index,month,2025-08,july_tool,2025-08|july_tool|literacy,literacy,oral_reading_fluency,literacy,29.0,stack_with_caveat,thin_n;crosswalk_caveat,3.0,z_within_panel,-1.0690449676496971,,
small_multiples_index,month,2025-08,july_tool,2025-08|july_tool|literacy,literacy,oral_reading_fluency,literacy,29.0,stack_with_caveat,thin_n;crosswalk_caveat,3.0,percentile_within_panel,33.33333333333333,,
small_multiples_index,month,2025-08,july_tool,2025-08|july_tool|literacy,literacy,oral_reading_fluency,literacy,29.0,stack_with_caveat,thin_n;crosswalk_caveat,3.0,rank_within_panel,3.0,,
small_multiples_index,month,2025-08,july_tool,2025-08|july_tool|literacy,literacy,word_writing,literacy,29.0,stack_with_caveat,thin_n;perfect_score_required;crosswalk_caveat,3.0,pct_students_cleared,55.172413793103445,,
small_multiples_index,month,2025-08,july_tool,2025-08|july_tool|literacy,literacy,word_writing,literacy,29.0,stack_with_caveat,thin_n;perfect_score_required;crosswalk_caveat,3.0,z_within_panel,-0.2672612419124243,,
small_multiples_index,month,2025-08,july_tool,2025-08|july_tool|literacy,literacy,word_writing,literacy,29.0,stack_with_caveat,thin_n;perfect_score_required;crosswalk_caveat,3.0,percentile_within_panel,66.66666666666666,,
small_multiples_index,month,2025-08,july_tool,2025-08|july_tool|literacy,literacy,word_writing,literacy,29.0,stack_with_caveat,thin_n;perfect_score_required;crosswalk_caveat,3.0,rank_within_panel,2.0,,
small_multiples_index,month,2025-08,july_tool,2025-08|july_tool|numeracy,numeracy,add_sub_1digit_combined,numeracy,29.0,single_source,thin_n;perfect_score_required;single_source,5.0,pct_students_cleared,68.96551724137932,,
small_multiples_index,month,2025-08,july_tool,2025-08|july_tool|numeracy,numeracy,add_sub_1digit_combined,numeracy,29.0,single_source,thin_n;perfect_score_required;single_source,5.0,z_within_panel,0.35564337957950987,,
small_multiples_index,month,2025-08,july_tool,2025-08|july_tool|numeracy,numeracy,add_sub_1digit_combined,numeracy,29.0,single_source,thin_n;perfect_score_required;single_source,5.0,percentile_within_panel,60.0,,
small_multiples_index,month,2025-08,july_tool,2025-08|july_tool|numeracy,numeracy,add_sub_1digit_combined,numeracy,29.0,single_source,thin_n;perfect_score_required;single_source,5.0,rank_within_panel,3.0,,
small_multiples_index,month,2025-08,july_tool,2025-08|july_tool|numeracy,numeracy,number_comparison,numeracy,29.0,stack_with_caveat,thin_n;perfect_score_required;crosswalk_caveat,5.0,pct_students_cleared,72.41379310344827,,
small_multiples_index,month,2025-08,july_tool,2025-08|july_tool|numeracy,numeracy,number_comparison,numeracy,29.0,stack_with_caveat,thin_n;perfect_score_required;crosswalk_caveat,5.0,z_within_panel,0.5779204918167027,,
small_multiples_index,month,2025-08,july_tool,2025-08|july_tool|numeracy,numeracy,number_comparison,numeracy,29.0,stack_with_caveat,thin_n;perfect_score_required;crosswalk_caveat,5.0,percentile_within_panel,80.0,,
small_multiples_index,month,2025-08,july_tool,2025-08|july_tool|numeracy,numeracy,number_comparison,numeracy,29.0,stack_with_caveat,thin_n;perfect_score_required;crosswalk_caveat,5.0,rank_within_panel,2.0,,
small_multiples_index,month,2025-08,july_tool,2025-08|july_tool|numeracy,numeracy,pattern,numeracy,29.0,stack_with_caveat,thin_n;perfect_score_required;crosswalk_caveat,5.0,pct_students_cleared,37.93103448275862,,
small_multiples_index,month,2025-08,july_tool,2025-08|july_tool|numeracy,numeracy,pattern,numeracy,29.0,stack_with_caveat,thin_n;perfect_score_required;crosswalk_caveat,5.0,z_within_panel,-1.6448506305552324,,
small_multiples_index,month,2025-08,july_tool,2025-08|july_tool|numeracy,numeracy,pattern,numeracy,29.0,stack_with_caveat,thin_n;perfect_score_required;crosswalk_caveat,5.0,percentile_within_panel,20.0,,
small_multiples_index,month,2025-08,july_tool,2025-08|july_tool|numeracy,numeracy,pattern,numeracy,29.0,stack_with_caveat,thin_n;perfect_score_required;crosswalk_caveat,5.0,rank_within_panel,5.0,,
small_multiples_index,month,2025-08,july_tool,2025-08|july_tool|numeracy,numeracy,place_value_bundles,numeracy,29.0,stack_with_caveat,thin_n;perfect_score_required;crosswalk_caveat,5.0,pct_students_cleared,55.172413793103445,,
small_multiples_index,month,2025-08,july_tool,2025-08|july_tool|numeracy,numeracy,place_value_bundles,numeracy,29.0,stack_with_caveat,thin_n;perfect_score_required;crosswalk_caveat,5.0,z_within_panel,-0.5334650693692649,,
small_multiples_index,month,2025-08,july_tool,2025-08|july_tool|numeracy,numeracy,place_value_bundles,numeracy,29.0,stack_with_caveat,thin_n;perfect_score_required;crosswalk_caveat,5.0,percentile_within_panel,40.0,,
small_multiples_index,month,2025-08,july_tool,2025-08|july_tool|numeracy,numeracy,place_value_bundles,numeracy,29.0,stack_with_caveat,thin_n;perfect_score_required;crosswalk_caveat,5.0,rank_within_panel,4.0,,
small_multiples_index,month,2025-08,july_tool,2025-08|july_tool|numeracy,numeracy,shapes_2d,numeracy,29.0,single_source,thin_n;perfect_score_required;single_source,5.0,pct_students_cleared,82.75862068965517,,
small_multiples_index,month,2025-08,july_tool,2025-08|july_tool|numeracy,numeracy,shapes_2d,numeracy,29.0,single_source,thin_n;perfect_score_required;single_source,5.0,z_within_panel,1.2447518285282837,,
small_multiples_index,month,2025-08,july_tool,2025-08|july_tool|numeracy,numeracy,shapes_2d,numeracy,29.0,single_source,thin_n;perfect_score_required;single_source,5.0,percentile_within_panel,100.0,,
small_multiples_index,month,2025-08,july_tool,2025-08|july_tool|numeracy,numeracy,shapes_2d,numeracy,29.0,single_source,thin_n;perfect_score_required;single_source,5.0,rank_within_panel,1.0,,
small_multiples_index,month,2025-08,july_tool,2025-08|july_tool|all,all,oral_language_dev,literacy,29.0,stack_with_caveat,thin_n;ceiling;perfect_score_required;crosswalk_caveat,8.0,pct_students_cleared,96.55172413793103,,
small_multiples_index,month,2025-08,july_tool,2025-08|july_tool|all,all,oral_language_dev,literacy,29.0,stack_with_caveat,thin_n;ceiling;perfect_score_required;crosswalk_caveat,8.0,z_within_panel,1.6798489197903972,,
small_multiples_index,month,2025-08,july_tool,2025-08|july_tool|all,all,oral_language_dev,literacy,29.0,stack_with_caveat,thin_n;ceiling;perfect_score_required;crosswalk_caveat,8.0,percentile_within_panel,100.0,,
small_multiples_index,month,2025-08,july_tool,2025-08|july_tool|all,all,oral_language_dev,literacy,29.0,stack_with_caveat,thin_n;ceiling;perfect_score_required;crosswalk_caveat,8.0,rank_within_panel,1.0,,
small_multiples_index,month,2025-08,july_tool,2025-08|july_tool|all,all,oral_reading_fluency,literacy,29.0,stack_with_caveat,thin_n;crosswalk_caveat,8.0,pct_students_cleared,34.48275862068966,,
small_multiples_index,month,2025-08,july_tool,2025-08|july_tool|all,all,oral_reading_fluency,literacy,29.0,stack_with_caveat,thin_n;crosswalk_caveat,8.0,z_within_panel,-1.4214106244380282,,
small_multiples_index,month,2025-08,july_tool,2025-08|july_tool|all,all,oral_reading_fluency,literacy,29.0,stack_with_caveat,thin_n;crosswalk_caveat,8.0,percentile_within_panel,12.5,,
small_multiples_index,month,2025-08,july_tool,2025-08|july_tool|all,all,oral_reading_fluency,literacy,29.0,stack_with_caveat,thin_n;crosswalk_caveat,8.0,rank_within_panel,8.0,,
small_multiples_index,month,2025-08,july_tool,2025-08|july_tool|all,all,word_writing,literacy,29.0,stack_with_caveat,thin_n;perfect_score_required;crosswalk_caveat,8.0,pct_students_cleared,55.172413793103445,,
small_multiples_index,month,2025-08,july_tool,2025-08|july_tool|all,all,word_writing,literacy,29.0,stack_with_caveat,thin_n;perfect_score_required;crosswalk_caveat,8.0,z_within_panel,-0.3876574430285533,,
small_multiples_index,month,2025-08,july_tool,2025-08|july_tool|all,all,word_writing,literacy,29.0,stack_with_caveat,thin_n;perfect_score_required;crosswalk_caveat,8.0,percentile_within_panel,43.75,,
small_multiples_index,month,2025-08,july_tool,2025-08|july_tool|all,all,word_writing,literacy,29.0,stack_with_caveat,thin_n;perfect_score_required;crosswalk_caveat,8.0,rank_within_panel,5.0,,
small_multiples_index,month,2025-08,july_tool,2025-08|july_tool|all,all,add_sub_1digit_combined,numeracy,29.0,single_source,thin_n;perfect_score_required;single_source,8.0,pct_students_cleared,68.96551724137932,,
small_multiples_index,month,2025-08,july_tool,2025-08|july_tool|all,all,add_sub_1digit_combined,numeracy,29.0,single_source,thin_n;perfect_score_required;single_source,8.0,z_within_panel,0.301511344577764,,
small_multiples_index,month,2025-08,july_tool,2025-08|july_tool|all,all,add_sub_1digit_combined,numeracy,29.0,single_source,thin_n;perfect_score_required;single_source,8.0,percentile_within_panel,62.5,,
small_multiples_index,month,2025-08,july_tool,2025-08|july_tool|all,all,add_sub_1digit_combined,numeracy,29.0,single_source,thin_n;perfect_score_required;single_source,8.0,rank_within_panel,4.0,,
small_multiples_index,month,2025-08,july_tool,2025-08|july_tool|all,all,number_comparison,numeracy,29.0,stack_with_caveat,thin_n;perfect_score_required;crosswalk_caveat,8.0,pct_students_cleared,72.41379310344827,,
small_multiples_index,month,2025-08,july_tool,2025-08|july_tool|all,all,number_comparison,numeracy,29.0,stack_with_caveat,thin_n;perfect_score_required;crosswalk_caveat,8.0,z_within_panel,0.4738035414793426,,
small_multiples_index,month,2025-08,july_tool,2025-08|july_tool|all,all,number_comparison,numeracy,29.0,stack_with_caveat,thin_n;perfect_score_required;crosswalk_caveat,8.0,percentile_within_panel,75.0,,
small_multiples_index,month,2025-08,july_tool,2025-08|july_tool|all,all,number_comparison,numeracy,29.0,stack_with_caveat,thin_n;perfect_score_required;crosswalk_caveat,8.0,rank_within_panel,3.0,,
small_multiples_index,month,2025-08,july_tool,2025-08|july_tool|all,all,pattern,numeracy,29.0,stack_with_caveat,thin_n;perfect_score_required;crosswalk_caveat,8.0,pct_students_cleared,37.93103448275862,,
small_multiples_index,month,2025-08,july_tool,2025-08|july_tool|all,all,pattern,numeracy,29.0,stack_with_caveat,thin_n;perfect_score_required;crosswalk_caveat,8.0,z_within_panel,-1.2491184275364493,,
small_multiples_index,month,2025-08,july_tool,2025-08|july_tool|all,all,pattern,numeracy,29.0,stack_with_caveat,thin_n;perfect_score_required;crosswalk_caveat,8.0,percentile_within_panel,25.0,,
small_multiples_index,month,2025-08,july_tool,2025-08|july_tool|all,all,pattern,numeracy,29.0,stack_with_caveat,thin_n;perfect_score_required;crosswalk_caveat,8.0,rank_within_panel,7.0,,
small_multiples_index,month,2025-08,july_tool,2025-08|july_tool|all,all,place_value_bundles,numeracy,29.0,stack_with_caveat,thin_n;perfect_score_required;crosswalk_caveat,8.0,pct_students_cleared,55.172413793103445,,
small_multiples_index,month,2025-08,july_tool,2025-08|july_tool|all,all,place_value_bundles,numeracy,29.0,stack_with_caveat,thin_n;perfect_score_required;crosswalk_caveat,8.0,z_within_panel,-0.3876574430285533,,
small_multiples_index,month,2025-08,july_tool,2025-08|july_tool|all,all,place_value_bundles,numeracy,29.0,stack_with_caveat,thin_n;perfect_score_required;crosswalk_caveat,8.0,percentile_within_panel,43.75,,
small_multiples_index,month,2025-08,july_tool,2025-08|july_tool|all,all,place_value_bundles,numeracy,29.0,stack_with_caveat,thin_n;perfect_score_required;crosswalk_caveat,8.0,rank_within_panel,5.0,,
small_multiples_index,month,2025-08,july_tool,2025-08|july_tool|all,all,shapes_2d,numeracy,29.0,single_source,thin_n;perfect_score_required;single_source,8.0,pct_students_cleared,82.75862068965517,,
small_multiples_index,month,2025-08,july_tool,2025-08|july_tool|all,all,shapes_2d,numeracy,29.0,single_source,thin_n;perfect_score_required;single_source,8.0,z_within_panel,0.9906801321840806,,
small_multiples_index,month,2025-08,july_tool,2025-08|july_tool|all,all,shapes_2d,numeracy,29.0,single_source,thin_n;perfect_score_required;single_source,8.0,percentile_within_panel,87.5,,
small_multiples_index,month,2025-08,july_tool,2025-08|july_tool|all,all,shapes_2d,numeracy,29.0,single_source,thin_n;perfect_score_required;single_source,8.0,rank_within_panel,2.0,,
small_multiples_index,month,2025-09,aug_tool,2025-09|aug_tool|literacy,literacy,letter_recognition,literacy,59.0,stack_with_caveat,crosswalk_caveat,4.0,pct_students_cleared,81.35593220338984,,
small_multiples_index,month,2025-09,aug_tool,2025-09|aug_tool|literacy,literacy,letter_recognition,literacy,59.0,stack_with_caveat,crosswalk_caveat,4.0,z_within_panel,0.45070100811551383,,
small_multiples_index,month,2025-09,aug_tool,2025-09|aug_tool|literacy,literacy,letter_recognition,literacy,59.0,stack_with_caveat,crosswalk_caveat,4.0,percentile_within_panel,75.0,,
small_multiples_index,month,2025-09,aug_tool,2025-09|aug_tool|literacy,literacy,letter_recognition,literacy,59.0,stack_with_caveat,crosswalk_caveat,4.0,rank_within_panel,2.0,,
small_multiples_index,month,2025-09,aug_tool,2025-09|aug_tool|literacy,literacy,oral_language_dev,literacy,59.0,stack_with_caveat,ceiling;crosswalk_caveat,4.0,pct_students_cleared,100.0,,
small_multiples_index,month,2025-09,aug_tool,2025-09|aug_tool|literacy,literacy,oral_language_dev,literacy,59.0,stack_with_caveat,ceiling;crosswalk_caveat,4.0,z_within_panel,1.3715888965949299,,
small_multiples_index,month,2025-09,aug_tool,2025-09|aug_tool|literacy,literacy,oral_language_dev,literacy,59.0,stack_with_caveat,ceiling;crosswalk_caveat,4.0,percentile_within_panel,100.0,,
small_multiples_index,month,2025-09,aug_tool,2025-09|aug_tool|literacy,literacy,oral_language_dev,literacy,59.0,stack_with_caveat,ceiling;crosswalk_caveat,4.0,rank_within_panel,1.0,,
small_multiples_index,month,2025-09,aug_tool,2025-09|aug_tool|literacy,literacy,oral_reading_fluency,literacy,58.0,stack_with_caveat,crosswalk_caveat,4.0,pct_students_cleared,46.55172413793103,,
small_multiples_index,month,2025-09,aug_tool,2025-09|aug_tool|literacy,literacy,oral_reading_fluency,literacy,58.0,stack_with_caveat,crosswalk_caveat,4.0,z_within_panel,-1.2683859435756863,,
small_multiples_index,month,2025-09,aug_tool,2025-09|aug_tool|literacy,literacy,oral_reading_fluency,literacy,58.0,stack_with_caveat,crosswalk_caveat,4.0,percentile_within_panel,25.0,,
small_multiples_index,month,2025-09,aug_tool,2025-09|aug_tool|literacy,literacy,oral_reading_fluency,literacy,58.0,stack_with_caveat,crosswalk_caveat,4.0,rank_within_panel,4.0,,
small_multiples_index,month,2025-09,aug_tool,2025-09|aug_tool|literacy,literacy,word_writing,literacy,59.0,stack_with_caveat,perfect_score_required;crosswalk_caveat,4.0,pct_students_cleared,61.016949152542374,,
small_multiples_index,month,2025-09,aug_tool,2025-09|aug_tool|literacy,literacy,word_writing,literacy,59.0,stack_with_caveat,perfect_score_required;crosswalk_caveat,4.0,z_within_panel,-0.5539039611347594,,
small_multiples_index,month,2025-09,aug_tool,2025-09|aug_tool|literacy,literacy,word_writing,literacy,59.0,stack_with_caveat,perfect_score_required;crosswalk_caveat,4.0,percentile_within_panel,50.0,,
small_multiples_index,month,2025-09,aug_tool,2025-09|aug_tool|literacy,literacy,word_writing,literacy,59.0,stack_with_caveat,perfect_score_required;crosswalk_caveat,4.0,rank_within_panel,3.0,,
small_multiples_index,month,2025-09,aug_tool,2025-09|aug_tool|numeracy,numeracy,addition_1digit,numeracy,59.0,stack_with_caveat,crosswalk_caveat,4.0,pct_students_cleared,88.13559322033898,,
small_multiples_index,month,2025-09,aug_tool,2025-09|aug_tool|numeracy,numeracy,addition_1digit,numeracy,59.0,stack_with_caveat,crosswalk_caveat,4.0,z_within_panel,0.68088290664919,,
small_multiples_index,month,2025-09,aug_tool,2025-09|aug_tool|numeracy,numeracy,addition_1digit,numeracy,59.0,stack_with_caveat,crosswalk_caveat,4.0,percentile_within_panel,75.0,,
small_multiples_index,month,2025-09,aug_tool,2025-09|aug_tool|numeracy,numeracy,addition_1digit,numeracy,59.0,stack_with_caveat,crosswalk_caveat,4.0,rank_within_panel,2.0,,
small_multiples_index,month,2025-09,aug_tool,2025-09|aug_tool|numeracy,numeracy,number_comparison,numeracy,59.0,stack_with_caveat,crosswalk_caveat,4.0,pct_students_cleared,93.22033898305084,,
small_multiples_index,month,2025-09,aug_tool,2025-09|aug_tool|numeracy,numeracy,number_comparison,numeracy,59.0,stack_with_caveat,crosswalk_caveat,4.0,z_within_panel,1.0522735830032937,,
small_multiples_index,month,2025-09,aug_tool,2025-09|aug_tool|numeracy,numeracy,number_comparison,numeracy,59.0,stack_with_caveat,crosswalk_caveat,4.0,percentile_within_panel,100.0,,
small_multiples_index,month,2025-09,aug_tool,2025-09|aug_tool|numeracy,numeracy,number_comparison,numeracy,59.0,stack_with_caveat,crosswalk_caveat,4.0,rank_within_panel,1.0,,
small_multiples_index,month,2025-09,aug_tool,2025-09|aug_tool|numeracy,numeracy,place_value_bundles,numeracy,59.0,stack_with_caveat,perfect_score_required;crosswalk_caveat,4.0,pct_students_cleared,57.6271186440678,,
small_multiples_index,month,2025-09,aug_tool,2025-09|aug_tool|numeracy,numeracy,place_value_bundles,numeracy,59.0,stack_with_caveat,perfect_score_required;crosswalk_caveat,4.0,z_within_panel,-1.5474611514754324,,
small_multiples_index,month,2025-09,aug_tool,2025-09|aug_tool|numeracy,numeracy,place_value_bundles,numeracy,59.0,stack_with_caveat,perfect_score_required;crosswalk_caveat,4.0,percentile_within_panel,25.0,,
small_multiples_index,month,2025-09,aug_tool,2025-09|aug_tool|numeracy,numeracy,place_value_bundles,numeracy,59.0,stack_with_caveat,perfect_score_required;crosswalk_caveat,4.0,rank_within_panel,4.0,,
small_multiples_index,month,2025-09,aug_tool,2025-09|aug_tool|numeracy,numeracy,subtraction_1digit,numeracy,59.0,stack_with_caveat,crosswalk_caveat,4.0,pct_students_cleared,76.27118644067797,,
small_multiples_index,month,2025-09,aug_tool,2025-09|aug_tool|numeracy,numeracy,subtraction_1digit,numeracy,59.0,stack_with_caveat,crosswalk_caveat,4.0,z_within_panel,-0.1856953381770518,,
small_multiples_index,month,2025-09,aug_tool,2025-09|aug_tool|numeracy,numeracy,subtraction_1digit,numeracy,59.0,stack_with_caveat,crosswalk_caveat,4.0,percentile_within_panel,50.0,,
small_multiples_index,month,2025-09,aug_tool,2025-09|aug_tool|numeracy,numeracy,subtraction_1digit,numeracy,59.0,stack_with_caveat,crosswalk_caveat,4.0,rank_within_panel,3.0,,
small_multiples_index,month,2025-09,aug_tool,2025-09|aug_tool|all,all,letter_recognition,literacy,59.0,stack_with_caveat,crosswalk_caveat,8.0,pct_students_cleared,81.35593220338984,,
small_multiples_index,month,2025-09,aug_tool,2025-09|aug_tool|all,all,letter_recognition,literacy,59.0,stack_with_caveat,crosswalk_caveat,8.0,z_within_panel,0.33159224634591866,,
small_multiples_index,month,2025-09,aug_tool,2025-09|aug_tool|all,all,letter_recognition,literacy,59.0,stack_with_caveat,crosswalk_caveat,8.0,percentile_within_panel,62.5,,
small_multiples_index,month,2025-09,aug_tool,2025-09|aug_tool|all,all,letter_recognition,literacy,59.0,stack_with_caveat,crosswalk_caveat,8.0,rank_within_panel,4.0,,
small_multiples_index,month,2025-09,aug_tool,2025-09|aug_tool|all,all,oral_language_dev,literacy,59.0,stack_with_caveat,ceiling;crosswalk_caveat,8.0,pct_students_cleared,100.0,,
small_multiples_index,month,2025-09,aug_tool,2025-09|aug_tool|all,all,oral_language_dev,literacy,59.0,stack_with_caveat,ceiling;crosswalk_caveat,8.0,z_within_panel,1.3913585740538486,,
small_multiples_index,month,2025-09,aug_tool,2025-09|aug_tool|all,all,oral_language_dev,literacy,59.0,stack_with_caveat,ceiling;crosswalk_caveat,8.0,percentile_within_panel,100.0,,
small_multiples_index,month,2025-09,aug_tool,2025-09|aug_tool|all,all,oral_language_dev,literacy,59.0,stack_with_caveat,ceiling;crosswalk_caveat,8.0,rank_within_panel,1.0,,
small_multiples_index,month,2025-09,aug_tool,2025-09|aug_tool|all,all,oral_reading_fluency,literacy,58.0,stack_with_caveat,crosswalk_caveat,8.0,pct_students_cleared,46.55172413793103,,
small_multiples_index,month,2025-09,aug_tool,2025-09|aug_tool|all,all,oral_reading_fluency,literacy,58.0,stack_with_caveat,crosswalk_caveat,8.0,z_within_panel,-1.6467489704254696,,
small_multiples_index,month,2025-09,aug_tool,2025-09|aug_tool|all,all,oral_reading_fluency,literacy,58.0,stack_with_caveat,crosswalk_caveat,8.0,percentile_within_panel,12.5,,
small_multiples_index,month,2025-09,aug_tool,2025-09|aug_tool|all,all,oral_reading_fluency,literacy,58.0,stack_with_caveat,crosswalk_caveat,8.0,rank_within_panel,8.0,,
small_multiples_index,month,2025-09,aug_tool,2025-09|aug_tool|all,all,word_writing,literacy,59.0,stack_with_caveat,perfect_score_required;crosswalk_caveat,8.0,pct_students_cleared,61.016949152542374,,
small_multiples_index,month,2025-09,aug_tool,2025-09|aug_tool|all,all,word_writing,literacy,59.0,stack_with_caveat,perfect_score_required;crosswalk_caveat,8.0,z_within_panel,-0.8245164747900061,,
small_multiples_index,month,2025-09,aug_tool,2025-09|aug_tool|all,all,word_writing,literacy,59.0,stack_with_caveat,perfect_score_required;crosswalk_caveat,8.0,percentile_within_panel,37.5,,
small_multiples_index,month,2025-09,aug_tool,2025-09|aug_tool|all,all,word_writing,literacy,59.0,stack_with_caveat,perfect_score_required;crosswalk_caveat,8.0,rank_within_panel,6.0,,
small_multiples_index,month,2025-09,aug_tool,2025-09|aug_tool|all,all,addition_1digit,numeracy,59.0,stack_with_caveat,crosswalk_caveat,8.0,pct_students_cleared,88.13559322033898,,
small_multiples_index,month,2025-09,aug_tool,2025-09|aug_tool|all,all,addition_1digit,numeracy,59.0,stack_with_caveat,crosswalk_caveat,8.0,z_within_panel,0.7169618200578924,,
small_multiples_index,month,2025-09,aug_tool,2025-09|aug_tool|all,all,addition_1digit,numeracy,59.0,stack_with_caveat,crosswalk_caveat,8.0,percentile_within_panel,75.0,,
small_multiples_index,month,2025-09,aug_tool,2025-09|aug_tool|all,all,addition_1digit,numeracy,59.0,stack_with_caveat,crosswalk_caveat,8.0,rank_within_panel,3.0,,
small_multiples_index,month,2025-09,aug_tool,2025-09|aug_tool|all,all,number_comparison,numeracy,59.0,stack_with_caveat,crosswalk_caveat,8.0,pct_students_cleared,93.22033898305084,,
small_multiples_index,month,2025-09,aug_tool,2025-09|aug_tool|all,all,number_comparison,numeracy,59.0,stack_with_caveat,crosswalk_caveat,8.0,z_within_panel,1.0059890003418732,,
small_multiples_index,month,2025-09,aug_tool,2025-09|aug_tool|all,all,number_comparison,numeracy,59.0,stack_with_caveat,crosswalk_caveat,8.0,percentile_within_panel,87.5,,
small_multiples_index,month,2025-09,aug_tool,2025-09|aug_tool|all,all,number_comparison,numeracy,59.0,stack_with_caveat,crosswalk_caveat,8.0,rank_within_panel,2.0,,
small_multiples_index,month,2025-09,aug_tool,2025-09|aug_tool|all,all,place_value_bundles,numeracy,59.0,stack_with_caveat,perfect_score_required;crosswalk_caveat,8.0,pct_students_cleared,57.6271186440678,,
small_multiples_index,month,2025-09,aug_tool,2025-09|aug_tool|all,all,place_value_bundles,numeracy,59.0,stack_with_caveat,perfect_score_required;crosswalk_caveat,8.0,z_within_panel,-1.0172012616459933,,
small_multiples_index,month,2025-09,aug_tool,2025-09|aug_tool|all,all,place_value_bundles,numeracy,59.0,stack_with_caveat,perfect_score_required;crosswalk_caveat,8.0,percentile_within_panel,25.0,,
small_multiples_index,month,2025-09,aug_tool,2025-09|aug_tool|all,all,place_value_bundles,numeracy,59.0,stack_with_caveat,perfect_score_required;crosswalk_caveat,8.0,rank_within_panel,7.0,,
small_multiples_index,month,2025-09,aug_tool,2025-09|aug_tool|all,all,subtraction_1digit,numeracy,59.0,stack_with_caveat,crosswalk_caveat,8.0,pct_students_cleared,76.27118644067797,,
small_multiples_index,month,2025-09,aug_tool,2025-09|aug_tool|all,all,subtraction_1digit,numeracy,59.0,stack_with_caveat,crosswalk_caveat,8.0,z_within_panel,0.042565066061936975,,
small_multiples_index,month,2025-09,aug_tool,2025-09|aug_tool|all,all,subtraction_1digit,numeracy,59.0,stack_with_caveat,crosswalk_caveat,8.0,percentile_within_panel,50.0,,
small_multiples_index,month,2025-09,aug_tool,2025-09|aug_tool|all,all,subtraction_1digit,numeracy,59.0,stack_with_caveat,crosswalk_caveat,8.0,rank_within_panel,5.0,,
small_multiples_index,month,2025-10,q3_2025_tool,2025-10|q3_2025_tool|literacy,literacy,letter_recognition,literacy,20.0,stack_with_caveat,thin_n;crosswalk_caveat,5.0,pct_students_cleared,85.0,,
small_multiples_index,month,2025-10,q3_2025_tool,2025-10|q3_2025_tool|literacy,literacy,letter_recognition,literacy,20.0,stack_with_caveat,thin_n;crosswalk_caveat,5.0,z_within_panel,1.1952286093343938,,
small_multiples_index,month,2025-10,q3_2025_tool,2025-10|q3_2025_tool|literacy,literacy,letter_recognition,literacy,20.0,stack_with_caveat,thin_n;crosswalk_caveat,5.0,percentile_within_panel,100.0,,
small_multiples_index,month,2025-10,q3_2025_tool,2025-10|q3_2025_tool|literacy,literacy,letter_recognition,literacy,20.0,stack_with_caveat,thin_n;crosswalk_caveat,5.0,rank_within_panel,1.0,,
small_multiples_index,month,2025-10,q3_2025_tool,2025-10|q3_2025_tool|literacy,literacy,oral_reading_fluency,literacy,20.0,stack_with_caveat,thin_n;crosswalk_caveat,5.0,pct_students_cleared,15.0,,
small_multiples_index,month,2025-10,q3_2025_tool,2025-10|q3_2025_tool|literacy,literacy,oral_reading_fluency,literacy,20.0,stack_with_caveat,thin_n;crosswalk_caveat,5.0,z_within_panel,-1.5936381457791915,,
small_multiples_index,month,2025-10,q3_2025_tool,2025-10|q3_2025_tool|literacy,literacy,oral_reading_fluency,literacy,20.0,stack_with_caveat,thin_n;crosswalk_caveat,5.0,percentile_within_panel,20.0,,
small_multiples_index,month,2025-10,q3_2025_tool,2025-10|q3_2025_tool|literacy,literacy,oral_reading_fluency,literacy,20.0,stack_with_caveat,thin_n;crosswalk_caveat,5.0,rank_within_panel,5.0,,
small_multiples_index,month,2025-10,q3_2025_tool,2025-10|q3_2025_tool|literacy,literacy,reading_comprehension,literacy,20.0,stack_with_caveat,thin_n;crosswalk_caveat,5.0,pct_students_cleared,60.0,,
small_multiples_index,month,2025-10,q3_2025_tool,2025-10|q3_2025_tool|literacy,literacy,reading_comprehension,literacy,20.0,stack_with_caveat,thin_n;crosswalk_caveat,5.0,z_within_panel,0.19920476822239894,,
small_multiples_index,month,2025-10,q3_2025_tool,2025-10|q3_2025_tool|literacy,literacy,reading_comprehension,literacy,20.0,stack_with_caveat,thin_n;crosswalk_caveat,5.0,percentile_within_panel,60.0,,
small_multiples_index,month,2025-10,q3_2025_tool,2025-10|q3_2025_tool|literacy,literacy,reading_comprehension,literacy,20.0,stack_with_caveat,thin_n;crosswalk_caveat,5.0,rank_within_panel,3.0,,
small_multiples_index,month,2025-10,q3_2025_tool,2025-10|q3_2025_tool|literacy,literacy,word_reading,literacy,20.0,stack_with_caveat,thin_n;crosswalk_caveat,5.0,pct_students_cleared,75.0,,
small_multiples_index,month,2025-10,q3_2025_tool,2025-10|q3_2025_tool|literacy,literacy,word_reading,literacy,20.0,stack_with_caveat,thin_n;crosswalk_caveat,5.0,z_within_panel,0.7968190728895957,,
small_multiples_index,month,2025-10,q3_2025_tool,2025-10|q3_2025_tool|literacy,literacy,word_reading,literacy,20.0,stack_with_caveat,thin_n;crosswalk_caveat,5.0,percentile_within_panel,80.0,,
small_multiples_index,month,2025-10,q3_2025_tool,2025-10|q3_2025_tool|literacy,literacy,word_reading,literacy,20.0,stack_with_caveat,thin_n;crosswalk_caveat,5.0,rank_within_panel,2.0,,
small_multiples_index,month,2025-10,q3_2025_tool,2025-10|q3_2025_tool|literacy,literacy,word_writing,literacy,20.0,stack_with_caveat,thin_n;crosswalk_caveat,5.0,pct_students_cleared,40.0,,
small_multiples_index,month,2025-10,q3_2025_tool,2025-10|q3_2025_tool|literacy,literacy,word_writing,literacy,20.0,stack_with_caveat,thin_n;crosswalk_caveat,5.0,z_within_panel,-0.5976143046671969,,
small_multiples_index,month,2025-10,q3_2025_tool,2025-10|q3_2025_tool|literacy,literacy,word_writing,literacy,20.0,stack_with_caveat,thin_n;crosswalk_caveat,5.0,percentile_within_panel,40.0,,
small_multiples_index,month,2025-10,q3_2025_tool,2025-10|q3_2025_tool|literacy,literacy,word_writing,literacy,20.0,stack_with_caveat,thin_n;crosswalk_caveat,5.0,rank_within_panel,4.0,,
small_multiples_index,month,2025-10,q3_2025_tool,2025-10|q3_2025_tool|numeracy,numeracy,addition,numeracy,20.0,stack_with_caveat,thin_n;cleared_at_2_of_3;crosswalk_caveat,5.0,pct_students_cleared,90.0,,
small_multiples_index,month,2025-10,q3_2025_tool,2025-10|q3_2025_tool|numeracy,numeracy,addition,numeracy,20.0,stack_with_caveat,thin_n;cleared_at_2_of_3;crosswalk_caveat,5.0,z_within_panel,1.314822486092568,,
small_multiples_index,month,2025-10,q3_2025_tool,2025-10|q3_2025_tool|numeracy,numeracy,addition,numeracy,20.0,stack_with_caveat,thin_n;cleared_at_2_of_3;crosswalk_caveat,5.0,percentile_within_panel,100.0,,
small_multiples_index,month,2025-10,q3_2025_tool,2025-10|q3_2025_tool|numeracy,numeracy,addition,numeracy,20.0,stack_with_caveat,thin_n;cleared_at_2_of_3;crosswalk_caveat,5.0,rank_within_panel,1.0,,
small_multiples_index,month,2025-10,q3_2025_tool,2025-10|q3_2025_tool|numeracy,numeracy,number_recognition,numeracy,20.0,stack_with_caveat,thin_n;crosswalk_caveat,5.0,pct_students_cleared,60.0,,
small_multiples_index,month,2025-10,q3_2025_tool,2025-10|q3_2025_tool|numeracy,numeracy,number_recognition,numeracy,20.0,stack_with_caveat,thin_n;crosswalk_caveat,5.0,z_within_panel,-0.4001633653325206,,
small_multiples_index,month,2025-10,q3_2025_tool,2025-10|q3_2025_tool|numeracy,numeracy,number_recognition,numeracy,20.0,stack_with_caveat,thin_n;crosswalk_caveat,5.0,percentile_within_panel,60.0,,
small_multiples_index,month,2025-10,q3_2025_tool,2025-10|q3_2025_tool|numeracy,numeracy,number_recognition,numeracy,20.0,stack_with_caveat,thin_n;crosswalk_caveat,5.0,rank_within_panel,3.0,,
small_multiples_index,month,2025-10,q3_2025_tool,2025-10|q3_2025_tool|numeracy,numeracy,pattern,numeracy,20.0,stack_with_caveat,thin_n;cleared_at_2_of_3;crosswalk_caveat,5.0,pct_students_cleared,55.00000000000001,,
small_multiples_index,month,2025-10,q3_2025_tool,2025-10|q3_2025_tool|numeracy,numeracy,pattern,numeracy,20.0,stack_with_caveat,thin_n;cleared_at_2_of_3;crosswalk_caveat,5.0,z_within_panel,-0.6859943405700349,,
small_multiples_index,month,2025-10,q3_2025_tool,2025-10|q3_2025_tool|numeracy,numeracy,pattern,numeracy,20.0,stack_with_caveat,thin_n;cleared_at_2_of_3;crosswalk_caveat,5.0,percentile_within_panel,40.0,,
small_multiples_index,month,2025-10,q3_2025_tool,2025-10|q3_2025_tool|numeracy,numeracy,pattern,numeracy,20.0,stack_with_caveat,thin_n;cleared_at_2_of_3;crosswalk_caveat,5.0,rank_within_panel,4.0,,
small_multiples_index,month,2025-10,q3_2025_tool,2025-10|q3_2025_tool|numeracy,numeracy,place_value_bundles,numeracy,20.0,stack_with_caveat,thin_n;cleared_at_2_of_3;crosswalk_caveat,5.0,pct_students_cleared,45.0,,
small_multiples_index,month,2025-10,q3_2025_tool,2025-10|q3_2025_tool|numeracy,numeracy,place_value_bundles,numeracy,20.0,stack_with_caveat,thin_n;cleared_at_2_of_3;crosswalk_caveat,5.0,z_within_panel,-1.2576562910450648,,
small_multiples_index,month,2025-10,q3_2025_tool,2025-10|q3_2025_tool|numeracy,numeracy,place_value_bundles,numeracy,20.0,stack_with_caveat,thin_n;cleared_at_2_of_3;crosswalk_caveat,5.0,percentile_within_panel,20.0,,
small_multiples_index,month,2025-10,q3_2025_tool,2025-10|q3_2025_tool|numeracy,numeracy,place_value_bundles,numeracy,20.0,stack_with_caveat,thin_n;cleared_at_2_of_3;crosswalk_caveat,5.0,rank_within_panel,5.0,,
small_multiples_index,month,2025-10,q3_2025_tool,2025-10|q3_2025_tool|numeracy,numeracy,subtraction,numeracy,20.0,stack_with_caveat,thin_n;cleared_at_2_of_3;crosswalk_caveat,5.0,pct_students_cleared,85.0,,
small_multiples_index,month,2025-10,q3_2025_tool,2025-10|q3_2025_tool|numeracy,numeracy,subtraction,numeracy,20.0,stack_with_caveat,thin_n;cleared_at_2_of_3;crosswalk_caveat,5.0,z_within_panel,1.0289915108550531,,
small_multiples_index,month,2025-10,q3_2025_tool,2025-10|q3_2025_tool|numeracy,numeracy,subtraction,numeracy,20.0,stack_with_caveat,thin_n;cleared_at_2_of_3;crosswalk_caveat,5.0,percentile_within_panel,80.0,,
small_multiples_index,month,2025-10,q3_2025_tool,2025-10|q3_2025_tool|numeracy,numeracy,subtraction,numeracy,20.0,stack_with_caveat,thin_n;cleared_at_2_of_3;crosswalk_caveat,5.0,rank_within_panel,2.0,,
small_multiples_index,month,2025-10,q3_2025_tool,2025-10|q3_2025_tool|all,all,letter_recognition,literacy,20.0,stack_with_caveat,thin_n;crosswalk_caveat,10.0,pct_students_cleared,85.0,,
small_multiples_index,month,2025-10,q3_2025_tool,2025-10|q3_2025_tool|all,all,letter_recognition,literacy,20.0,stack_with_caveat,thin_n;crosswalk_caveat,10.0,z_within_panel,1.0690449676496976,,
small_multiples_index,month,2025-10,q3_2025_tool,2025-10|q3_2025_tool|all,all,letter_recognition,literacy,20.0,stack_with_caveat,thin_n;crosswalk_caveat,10.0,percentile_within_panel,85.0,,
small_multiples_index,month,2025-10,q3_2025_tool,2025-10|q3_2025_tool|all,all,letter_recognition,literacy,20.0,stack_with_caveat,thin_n;crosswalk_caveat,10.0,rank_within_panel,2.0,,
small_multiples_index,month,2025-10,q3_2025_tool,2025-10|q3_2025_tool|all,all,oral_reading_fluency,literacy,20.0,stack_with_caveat,thin_n;crosswalk_caveat,10.0,pct_students_cleared,15.0,,
small_multiples_index,month,2025-10,q3_2025_tool,2025-10|q3_2025_tool|all,all,oral_reading_fluency,literacy,20.0,stack_with_caveat,thin_n;crosswalk_caveat,10.0,z_within_panel,-2.04900285466192,,
small_multiples_index,month,2025-10,q3_2025_tool,2025-10|q3_2025_tool|all,all,oral_reading_fluency,literacy,20.0,stack_with_caveat,thin_n;crosswalk_caveat,10.0,percentile_within_panel,10.0,,
small_multiples_index,month,2025-10,q3_2025_tool,2025-10|q3_2025_tool|all,all,oral_reading_fluency,literacy,20.0,stack_with_caveat,thin_n;crosswalk_caveat,10.0,rank_within_panel,10.0,,
small_multiples_index,month,2025-10,q3_2025_tool,2025-10|q3_2025_tool|all,all,reading_comprehension,literacy,20.0,stack_with_caveat,thin_n;crosswalk_caveat,10.0,pct_students_cleared,60.0,,
small_multiples_index,month,2025-10,q3_2025_tool,2025-10|q3_2025_tool|all,all,reading_comprehension,literacy,20.0,stack_with_caveat,thin_n;crosswalk_caveat,10.0,z_within_panel,-0.0445435403187374,,
small_multiples_index,month,2025-10,q3_2025_tool,2025-10|q3_2025_tool|all,all,reading_comprehension,literacy,20.0,stack_with_caveat,thin_n;crosswalk_caveat,10.0,percentile_within_panel,55.00000000000001,,
small_multiples_index,month,2025-10,q3_2025_tool,2025-10|q3_2025_tool|all,all,reading_comprehension,literacy,20.0,stack_with_caveat,thin_n;crosswalk_caveat,10.0,rank_within_panel,5.0,,
small_multiples_index,month,2025-10,q3_2025_tool,2025-10|q3_2025_tool|all,all,word_reading,literacy,20.0,stack_with_caveat,thin_n;crosswalk_caveat,10.0,pct_students_cleared,75.0,,
small_multiples_index,month,2025-10,q3_2025_tool,2025-10|q3_2025_tool|all,all,word_reading,literacy,20.0,stack_with_caveat,thin_n;crosswalk_caveat,10.0,z_within_panel,0.6236095644623235,,
small_multiples_index,month,2025-10,q3_2025_tool,2025-10|q3_2025_tool|all,all,word_reading,literacy,20.0,stack_with_caveat,thin_n;crosswalk_caveat,10.0,percentile_within_panel,70.0,,
small_multiples_index,month,2025-10,q3_2025_tool,2025-10|q3_2025_tool|all,all,word_reading,literacy,20.0,stack_with_caveat,thin_n;crosswalk_caveat,10.0,rank_within_panel,4.0,,
small_multiples_index,month,2025-10,q3_2025_tool,2025-10|q3_2025_tool|all,all,word_writing,literacy,20.0,stack_with_caveat,thin_n;crosswalk_caveat,10.0,pct_students_cleared,40.0,,
small_multiples_index,month,2025-10,q3_2025_tool,2025-10|q3_2025_tool|all,all,word_writing,literacy,20.0,stack_with_caveat,thin_n;crosswalk_caveat,10.0,z_within_panel,-0.9354143466934853,,
small_multiples_index,month,2025-10,q3_2025_tool,2025-10|q3_2025_tool|all,all,word_writing,literacy,20.0,stack_with_caveat,thin_n;crosswalk_caveat,10.0,percentile_within_panel,20.0,,
small_multiples_index,month,2025-10,q3_2025_tool,2025-10|q3_2025_tool|all,all,word_writing,literacy,20.0,stack_with_caveat,thin_n;crosswalk_caveat,10.0,rank_within_panel,9.0,,
small_multiples_index,month,2025-10,q3_2025_tool,2025-10|q3_2025_tool|all,all,addition,numeracy,20.0,stack_with_caveat,thin_n;cleared_at_2_of_3;crosswalk_caveat,10.0,pct_students_cleared,90.0,,
small_multiples_index,month,2025-10,q3_2025_tool,2025-10|q3_2025_tool|all,all,addition,numeracy,20.0,stack_with_caveat,thin_n;cleared_at_2_of_3;crosswalk_caveat,10.0,z_within_panel,1.2917626692433846,,
small_multiples_index,month,2025-10,q3_2025_tool,2025-10|q3_2025_tool|all,all,addition,numeracy,20.0,stack_with_caveat,thin_n;cleared_at_2_of_3;crosswalk_caveat,10.0,percentile_within_panel,100.0,,
small_multiples_index,month,2025-10,q3_2025_tool,2025-10|q3_2025_tool|all,all,addition,numeracy,20.0,stack_with_caveat,thin_n;cleared_at_2_of_3;crosswalk_caveat,10.0,rank_within_panel,1.0,,
small_multiples_index,month,2025-10,q3_2025_tool,2025-10|q3_2025_tool|all,all,number_recognition,numeracy,20.0,stack_with_caveat,thin_n;crosswalk_caveat,10.0,pct_students_cleared,60.0,,
small_multiples_index,month,2025-10,q3_2025_tool,2025-10|q3_2025_tool|all,all,number_recognition,numeracy,20.0,stack_with_caveat,thin_n;crosswalk_caveat,10.0,z_within_panel,-0.0445435403187374,,
small_multiples_index,month,2025-10,q3_2025_tool,2025-10|q3_2025_tool|all,all,number_recognition,numeracy,20.0,stack_with_caveat,thin_n;crosswalk_caveat,10.0,percentile_within_panel,55.00000000000001,,
small_multiples_index,month,2025-10,q3_2025_tool,2025-10|q3_2025_tool|all,all,number_recognition,numeracy,20.0,stack_with_caveat,thin_n;crosswalk_caveat,10.0,rank_within_panel,5.0,,
small_multiples_index,month,2025-10,q3_2025_tool,2025-10|q3_2025_tool|all,all,pattern,numeracy,20.0,stack_with_caveat,thin_n;cleared_at_2_of_3;crosswalk_caveat,10.0,pct_students_cleared,55.00000000000001,,
small_multiples_index,month,2025-10,q3_2025_tool,2025-10|q3_2025_tool|all,all,pattern,numeracy,20.0,stack_with_caveat,thin_n;cleared_at_2_of_3;crosswalk_caveat,10.0,z_within_panel,-0.26726124191242406,,
small_multiples_index,month,2025-10,q3_2025_tool,2025-10|q3_2025_tool|all,all,pattern,numeracy,20.0,stack_with_caveat,thin_n;cleared_at_2_of_3;crosswalk_caveat,10.0,percentile_within_panel,40.0,,
small_multiples_index,month,2025-10,q3_2025_tool,2025-10|q3_2025_tool|all,all,pattern,numeracy,20.0,stack_with_caveat,thin_n;cleared_at_2_of_3;crosswalk_caveat,10.0,rank_within_panel,7.0,,
small_multiples_index,month,2025-10,q3_2025_tool,2025-10|q3_2025_tool|all,all,place_value_bundles,numeracy,20.0,stack_with_caveat,thin_n;cleared_at_2_of_3;crosswalk_caveat,10.0,pct_students_cleared,45.0,,
small_multiples_index,month,2025-10,q3_2025_tool,2025-10|q3_2025_tool|all,all,place_value_bundles,numeracy,20.0,stack_with_caveat,thin_n;cleared_at_2_of_3;crosswalk_caveat,10.0,z_within_panel,-0.7126966450997984,,
small_multiples_index,month,2025-10,q3_2025_tool,2025-10|q3_2025_tool|all,all,place_value_bundles,numeracy,20.0,stack_with_caveat,thin_n;cleared_at_2_of_3;crosswalk_caveat,10.0,percentile_within_panel,30.0,,
small_multiples_index,month,2025-10,q3_2025_tool,2025-10|q3_2025_tool|all,all,place_value_bundles,numeracy,20.0,stack_with_caveat,thin_n;cleared_at_2_of_3;crosswalk_caveat,10.0,rank_within_panel,8.0,,
small_multiples_index,month,2025-10,q3_2025_tool,2025-10|q3_2025_tool|all,all,subtraction,numeracy,20.0,stack_with_caveat,thin_n;cleared_at_2_of_3;crosswalk_caveat,10.0,pct_students_cleared,85.0,,
small_multiples_index,month,2025-10,q3_2025_tool,2025-10|q3_2025_tool|all,all,subtraction,numeracy,20.0,stack_with_caveat,thin_n;cleared_at_2_of_3;crosswalk_caveat,10.0,z_within_panel,1.0690449676496976,,
small_multiples_index,month,2025-10,q3_2025_tool,2025-10|q3_2025_tool|all,all,subtraction,numeracy,20.0,stack_with_caveat,thin_n;cleared_at_2_of_3;crosswalk_caveat,10.0,percentile_within_panel,85.0,,
small_multiples_index,month,2025-10,q3_2025_tool,2025-10|q3_2025_tool|all,all,subtraction,numeracy,20.0,stack_with_caveat,thin_n;cleared_at_2_of_3;crosswalk_caveat,10.0,rank_within_panel,2.0,,
small_multiples_index,month,2025-11,did_baseline,2025-11|did_baseline|literacy,literacy,letter_writing,literacy,,stack,n_unknown_n;baseline_pct_correct_not_clearance,8.0,pct_students_cleared,78.3,,
small_multiples_index,month,2025-11,did_baseline,2025-11|did_baseline|literacy,literacy,letter_writing,literacy,,stack,n_unknown_n;baseline_pct_correct_not_clearance,8.0,z_within_panel,0.6234262731723826,,
small_multiples_index,month,2025-11,did_baseline,2025-11|did_baseline|literacy,literacy,letter_writing,literacy,,stack,n_unknown_n;baseline_pct_correct_not_clearance,8.0,percentile_within_panel,75.0,,
small_multiples_index,month,2025-11,did_baseline,2025-11|did_baseline|literacy,literacy,letter_writing,literacy,,stack,n_unknown_n;baseline_pct_correct_not_clearance,8.0,rank_within_panel,3.0,,
small_multiples_index,month,2025-11,did_baseline,2025-11|did_baseline|literacy,literacy,listening_comprehension,literacy,,stack,n_unknown_n;baseline_pct_correct_not_clearance,8.0,pct_students_cleared,62.849999999999994,,
small_multiples_index,month,2025-11,did_baseline,2025-11|did_baseline|literacy,literacy,listening_comprehension,literacy,,stack,n_unknown_n;baseline_pct_correct_not_clearance,8.0,z_within_panel,-0.12906872061772015,,
small_multiples_index,month,2025-11,did_baseline,2025-11|did_baseline|literacy,literacy,listening_comprehension,literacy,,stack,n_unknown_n;baseline_pct_correct_not_clearance,8.0,percentile_within_panel,62.5,,
small_multiples_index,month,2025-11,did_baseline,2025-11|did_baseline|literacy,literacy,listening_comprehension,literacy,,stack,n_unknown_n;baseline_pct_correct_not_clearance,8.0,rank_within_panel,4.0,,
small_multiples_index,month,2025-11,did_baseline,2025-11|did_baseline|literacy,literacy,oral_vocabulary,literacy,,stack,n_unknown_n;ceiling;baseline_pct_correct_not_clearance,8.0,pct_students_cleared,96.80000000000001,,
small_multiples_index,month,2025-11,did_baseline,2025-11|did_baseline|literacy,literacy,oral_vocabulary,literacy,,stack,n_unknown_n;ceiling;baseline_pct_correct_not_clearance,8.0,z_within_panel,1.5244720586168428,,
small_multiples_index,month,2025-11,did_baseline,2025-11|did_baseline|literacy,literacy,oral_vocabulary,literacy,,stack,n_unknown_n;ceiling;baseline_pct_correct_not_clearance,8.0,percentile_within_panel,100.0,,
small_multiples_index,month,2025-11,did_baseline,2025-11|did_baseline|literacy,literacy,oral_vocabulary,literacy,,stack,n_unknown_n;ceiling;baseline_pct_correct_not_clearance,8.0,rank_within_panel,1.0,,
small_multiples_index,month,2025-11,did_baseline,2025-11|did_baseline|literacy,literacy,picture_comprehension,literacy,,stack,n_unknown_n;baseline_pct_correct_not_clearance,8.0,pct_students_cleared,93.35,,
small_multiples_index,month,2025-11,did_baseline,2025-11|did_baseline|literacy,literacy,picture_comprehension,literacy,,stack,n_unknown_n;baseline_pct_correct_not_clearance,8.0,z_within_panel,1.3564391959258482,,
small_multiples_index,month,2025-11,did_baseline,2025-11|did_baseline|literacy,literacy,picture_comprehension,literacy,,stack,n_unknown_n;baseline_pct_correct_not_clearance,8.0,percentile_within_panel,87.5,,
small_multiples_index,month,2025-11,did_baseline,2025-11|did_baseline|literacy,literacy,picture_comprehension,literacy,,stack,n_unknown_n;baseline_pct_correct_not_clearance,8.0,rank_within_panel,2.0,,
small_multiples_index,month,2025-11,did_baseline,2025-11|did_baseline|literacy,literacy,reading_comprehension,literacy,,stack_with_caveat,n_unknown_n;baseline_pct_correct_not_clearance;crosswalk_caveat,8.0,pct_students_cleared,47.8,,
small_multiples_index,month,2025-11,did_baseline,2025-11|did_baseline|literacy,literacy,reading_comprehension,literacy,,stack_with_caveat,n_unknown_n;baseline_pct_correct_not_clearance;crosswalk_caveat,8.0,z_within_panel,-0.8620816433711856,,
small_multiples_index,month,2025-11,did_baseline,2025-11|did_baseline|literacy,literacy,reading_comprehension,literacy,,stack_with_caveat,n_unknown_n;baseline_pct_correct_not_clearance;crosswalk_caveat,8.0,percentile_within_panel,37.5,,
small_multiples_index,month,2025-11,did_baseline,2025-11|did_baseline|literacy,literacy,reading_comprehension,literacy,,stack_with_caveat,n_unknown_n;baseline_pct_correct_not_clearance;crosswalk_caveat,8.0,rank_within_panel,6.0,,
small_multiples_index,month,2025-11,did_baseline,2025-11|did_baseline|literacy,literacy,sentence_reading,literacy,,stack_with_caveat,n_unknown_n;baseline_pct_correct_not_clearance;crosswalk_caveat,8.0,pct_students_cleared,47.4,,
small_multiples_index,month,2025-11,did_baseline,2025-11|did_baseline|literacy,literacy,sentence_reading,literacy,,stack_with_caveat,n_unknown_n;baseline_pct_correct_not_clearance;crosswalk_caveat,8.0,z_within_panel,-0.8815637144078226,,
small_multiples_index,month,2025-11,did_baseline,2025-11|did_baseline|literacy,literacy,sentence_reading,literacy,,stack_with_caveat,n_unknown_n;baseline_pct_correct_not_clearance;crosswalk_caveat,8.0,percentile_within_panel,25.0,,
small_multiples_index,month,2025-11,did_baseline,2025-11|did_baseline|literacy,literacy,sentence_reading,literacy,,stack_with_caveat,n_unknown_n;baseline_pct_correct_not_clearance;crosswalk_caveat,8.0,rank_within_panel,7.0,,
small_multiples_index,month,2025-11,did_baseline,2025-11|did_baseline|literacy,literacy,word_reading,literacy,,stack_with_caveat,n_unknown_n;baseline_pct_correct_not_clearance;crosswalk_caveat,8.0,pct_students_cleared,59.8,,
small_multiples_index,month,2025-11,did_baseline,2025-11|did_baseline|literacy,literacy,word_reading,literacy,,stack_with_caveat,n_unknown_n;baseline_pct_correct_not_clearance;crosswalk_caveat,8.0,z_within_panel,-0.2776195122720768,,
small_multiples_index,month,2025-11,did_baseline,2025-11|did_baseline|literacy,literacy,word_reading,literacy,,stack_with_caveat,n_unknown_n;baseline_pct_correct_not_clearance;crosswalk_caveat,8.0,percentile_within_panel,50.0,,
small_multiples_index,month,2025-11,did_baseline,2025-11|did_baseline|literacy,literacy,word_reading,literacy,,stack_with_caveat,n_unknown_n;baseline_pct_correct_not_clearance;crosswalk_caveat,8.0,rank_within_panel,5.0,,
small_multiples_index,month,2025-11,did_baseline,2025-11|did_baseline|literacy,literacy,word_writing,literacy,,stack,n_unknown_n;baseline_pct_correct_not_clearance,8.0,pct_students_cleared,37.7,,
small_multiples_index,month,2025-11,did_baseline,2025-11|did_baseline|literacy,literacy,word_writing,literacy,,stack,n_unknown_n;baseline_pct_correct_not_clearance,8.0,z_within_panel,-1.3540039370462686,,
small_multiples_index,month,2025-11,did_baseline,2025-11|did_baseline|literacy,literacy,word_writing,literacy,,stack,n_unknown_n;baseline_pct_correct_not_clearance,8.0,percentile_within_panel,12.5,,
small_multiples_index,month,2025-11,did_baseline,2025-11|did_baseline|literacy,literacy,word_writing,literacy,,stack,n_unknown_n;baseline_pct_correct_not_clearance,8.0,rank_within_panel,8.0,,
small_multiples_index,month,2025-11,did_baseline,2025-11|did_baseline|numeracy,numeracy,addition_2digit,numeracy,,stack,n_unknown_n;baseline_pct_correct_not_clearance,16.0,pct_students_cleared,60.150000000000006,,
small_multiples_index,month,2025-11,did_baseline,2025-11|did_baseline|numeracy,numeracy,addition_2digit,numeracy,,stack,n_unknown_n;baseline_pct_correct_not_clearance,16.0,z_within_panel,0.11929224518320146,,
small_multiples_index,month,2025-11,did_baseline,2025-11|did_baseline|numeracy,numeracy,addition_2digit,numeracy,,stack,n_unknown_n;baseline_pct_correct_not_clearance,16.0,percentile_within_panel,43.75,,
small_multiples_index,month,2025-11,did_baseline,2025-11|did_baseline|numeracy,numeracy,addition_2digit,numeracy,,stack,n_unknown_n;baseline_pct_correct_not_clearance,16.0,rank_within_panel,10.0,,
small_multiples_index,month,2025-11,did_baseline,2025-11|did_baseline|numeracy,numeracy,data_handling,numeracy,,stack,n_unknown_n;baseline_pct_correct_not_clearance,16.0,pct_students_cleared,65.15,,
small_multiples_index,month,2025-11,did_baseline,2025-11|did_baseline|numeracy,numeracy,data_handling,numeracy,,stack,n_unknown_n;baseline_pct_correct_not_clearance,16.0,z_within_panel,0.36181777541588467,,
small_multiples_index,month,2025-11,did_baseline,2025-11|did_baseline|numeracy,numeracy,data_handling,numeracy,,stack,n_unknown_n;baseline_pct_correct_not_clearance,16.0,percentile_within_panel,62.5,,
small_multiples_index,month,2025-11,did_baseline,2025-11|did_baseline|numeracy,numeracy,data_handling,numeracy,,stack,n_unknown_n;baseline_pct_correct_not_clearance,16.0,rank_within_panel,7.0,,
small_multiples_index,month,2025-11,did_baseline,2025-11|did_baseline|numeracy,numeracy,measurement,numeracy,,stack,n_unknown_n;baseline_pct_correct_not_clearance,16.0,pct_students_cleared,83.85,,
small_multiples_index,month,2025-11,did_baseline,2025-11|did_baseline|numeracy,numeracy,measurement,numeracy,,stack,n_unknown_n;baseline_pct_correct_not_clearance,16.0,z_within_panel,1.2688632584861192,,
small_multiples_index,month,2025-11,did_baseline,2025-11|did_baseline|numeracy,numeracy,measurement,numeracy,,stack,n_unknown_n;baseline_pct_correct_not_clearance,16.0,percentile_within_panel,93.75,,
small_multiples_index,month,2025-11,did_baseline,2025-11|did_baseline|numeracy,numeracy,measurement,numeracy,,stack,n_unknown_n;baseline_pct_correct_not_clearance,16.0,rank_within_panel,2.0,,
small_multiples_index,month,2025-11,did_baseline,2025-11|did_baseline|numeracy,numeracy,money,numeracy,,single_source,n_unknown_n;baseline_pct_correct_not_clearance;single_source,16.0,pct_students_cleared,64.4,,
small_multiples_index,month,2025-11,did_baseline,2025-11|did_baseline|numeracy,numeracy,money,numeracy,,single_source,n_unknown_n;baseline_pct_correct_not_clearance;single_source,16.0,z_within_panel,0.32543894588098216,,
small_multiples_index,month,2025-11,did_baseline,2025-11|did_baseline|numeracy,numeracy,money,numeracy,,single_source,n_unknown_n;baseline_pct_correct_not_clearance;single_source,16.0,percentile_within_panel,56.25,,
small_multiples_index,month,2025-11,did_baseline,2025-11|did_baseline|numeracy,numeracy,money,numeracy,,single_source,n_unknown_n;baseline_pct_correct_not_clearance;single_source,16.0,rank_within_panel,8.0,,
small_multiples_index,month,2025-11,did_baseline,2025-11|did_baseline|numeracy,numeracy,multiplication,numeracy,,stack,n_unknown_n;baseline_pct_correct_not_clearance,16.0,pct_students_cleared,80.15,,
small_multiples_index,month,2025-11,did_baseline,2025-11|did_baseline|numeracy,numeracy,multiplication,numeracy,,stack,n_unknown_n;baseline_pct_correct_not_clearance,16.0,z_within_panel,1.0893943661139343,,
small_multiples_index,month,2025-11,did_baseline,2025-11|did_baseline|numeracy,numeracy,multiplication,numeracy,,stack,n_unknown_n;baseline_pct_correct_not_clearance,16.0,percentile_within_panel,87.5,,
small_multiples_index,month,2025-11,did_baseline,2025-11|did_baseline|numeracy,numeracy,multiplication,numeracy,,stack,n_unknown_n;baseline_pct_correct_not_clearance,16.0,rank_within_panel,3.0,,
small_multiples_index,month,2025-11,did_baseline,2025-11|did_baseline|numeracy,numeracy,number_comparison,numeracy,,stack,n_unknown_n;baseline_pct_correct_not_clearance,16.0,pct_students_cleared,67.45,,
small_multiples_index,month,2025-11,did_baseline,2025-11|did_baseline|numeracy,numeracy,number_comparison,numeracy,,stack,n_unknown_n;baseline_pct_correct_not_clearance,16.0,z_within_panel,0.4733795193229188,,
small_multiples_index,month,2025-11,did_baseline,2025-11|did_baseline|numeracy,numeracy,number_comparison,numeracy,,stack,n_unknown_n;baseline_pct_correct_not_clearance,16.0,percentile_within_panel,75.0,,
small_multiples_index,month,2025-11,did_baseline,2025-11|did_baseline|numeracy,numeracy,number_comparison,numeracy,,stack,n_unknown_n;baseline_pct_correct_not_clearance,16.0,rank_within_panel,5.0,,
small_multiples_index,month,2025-11,did_baseline,2025-11|did_baseline|numeracy,numeracy,number_pattern,numeracy,,stack,n_unknown_n;baseline_pct_correct_not_clearance,16.0,pct_students_cleared,28.2,,
small_multiples_index,month,2025-11,did_baseline,2025-11|did_baseline|numeracy,numeracy,number_pattern,numeracy,,stack,n_unknown_n;baseline_pct_correct_not_clearance,16.0,z_within_panel,-1.4304458930036446,,
small_multiples_index,month,2025-11,did_baseline,2025-11|did_baseline|numeracy,numeracy,number_pattern,numeracy,,stack,n_unknown_n;baseline_pct_correct_not_clearance,16.0,percentile_within_panel,12.5,,
small_multiples_index,month,2025-11,did_baseline,2025-11|did_baseline|numeracy,numeracy,number_pattern,numeracy,,stack,n_unknown_n;baseline_pct_correct_not_clearance,16.0,rank_within_panel,15.0,,
small_multiples_index,month,2025-11,did_baseline,2025-11|did_baseline|numeracy,numeracy,number_recognition,numeracy,,stack,n_unknown_n;baseline_pct_correct_not_clearance,16.0,pct_students_cleared,69.8,,
small_multiples_index,month,2025-11,did_baseline,2025-11|did_baseline|numeracy,numeracy,number_recognition,numeracy,,stack,n_unknown_n;baseline_pct_correct_not_clearance,16.0,z_within_panel,0.5873665185322796,,
small_multiples_index,month,2025-11,did_baseline,2025-11|did_baseline|numeracy,numeracy,number_recognition,numeracy,,stack,n_unknown_n;baseline_pct_correct_not_clearance,16.0,percentile_within_panel,81.25,,
small_multiples_index,month,2025-11,did_baseline,2025-11|did_baseline|numeracy,numeracy,number_recognition,numeracy,,stack,n_unknown_n;baseline_pct_correct_not_clearance,16.0,rank_within_panel,4.0,,
small_multiples_index,month,2025-11,did_baseline,2025-11|did_baseline|numeracy,numeracy,number_writing,numeracy,,stack,n_unknown_n;baseline_pct_correct_not_clearance,16.0,pct_students_cleared,66.5,,
small_multiples_index,month,2025-11,did_baseline,2025-11|did_baseline|numeracy,numeracy,number_writing,numeracy,,stack,n_unknown_n;baseline_pct_correct_not_clearance,16.0,z_within_panel,0.4272996685787088,,
small_multiples_index,month,2025-11,did_baseline,2025-11|did_baseline|numeracy,numeracy,number_writing,numeracy,,stack,n_unknown_n;baseline_pct_correct_not_clearance,16.0,percentile_within_panel,68.75,,
small_multiples_index,month,2025-11,did_baseline,2025-11|did_baseline|numeracy,numeracy,number_writing,numeracy,,stack,n_unknown_n;baseline_pct_correct_not_clearance,16.0,rank_within_panel,6.0,,
small_multiples_index,month,2025-11,did_baseline,2025-11|did_baseline|numeracy,numeracy,place_value_bundles,numeracy,,stack_with_caveat,n_unknown_n;baseline_pct_correct_not_clearance;crosswalk_caveat,16.0,pct_students_cleared,60.1,,
small_multiples_index,month,2025-11,did_baseline,2025-11|did_baseline|numeracy,numeracy,place_value_bundles,numeracy,,stack_with_caveat,n_unknown_n;baseline_pct_correct_not_clearance;crosswalk_caveat,16.0,z_within_panel,0.11686698988087442,,
small_multiples_index,month,2025-11,did_baseline,2025-11|did_baseline|numeracy,numeracy,place_value_bundles,numeracy,,stack_with_caveat,n_unknown_n;baseline_pct_correct_not_clearance;crosswalk_caveat,16.0,percentile_within_panel,37.5,,
small_multiples_index,month,2025-11,did_baseline,2025-11|did_baseline|numeracy,numeracy,place_value_bundles,numeracy,,stack_with_caveat,n_unknown_n;baseline_pct_correct_not_clearance;crosswalk_caveat,16.0,rank_within_panel,11.0,,
small_multiples_index,month,2025-11,did_baseline,2025-11|did_baseline|numeracy,numeracy,shape_pattern,numeracy,,single_source,n_unknown_n;baseline_pct_correct_not_clearance;single_source,16.0,pct_students_cleared,36.849999999999994,,
small_multiples_index,month,2025-11,did_baseline,2025-11|did_baseline|numeracy,numeracy,shape_pattern,numeracy,,single_source,n_unknown_n;baseline_pct_correct_not_clearance;single_source,16.0,z_within_panel,-1.0108767257011029,,
small_multiples_index,month,2025-11,did_baseline,2025-11|did_baseline|numeracy,numeracy,shape_pattern,numeracy,,single_source,n_unknown_n;baseline_pct_correct_not_clearance;single_source,16.0,percentile_within_panel,25.0,,
small_multiples_index,month,2025-11,did_baseline,2025-11|did_baseline|numeracy,numeracy,shape_pattern,numeracy,,single_source,n_unknown_n;baseline_pct_correct_not_clearance;single_source,16.0,rank_within_panel,13.0,,
small_multiples_index,month,2025-11,did_baseline,2025-11|did_baseline|numeracy,numeracy,shapes_1,numeracy,,single_source,n_unknown_n;baseline_pct_correct_not_clearance;single_source,16.0,pct_students_cleared,85.5,,
small_multiples_index,month,2025-11,did_baseline,2025-11|did_baseline|numeracy,numeracy,shapes_1,numeracy,,single_source,n_unknown_n;baseline_pct_correct_not_clearance;single_source,16.0,z_within_panel,1.348896683462905,,
small_multiples_index,month,2025-11,did_baseline,2025-11|did_baseline|numeracy,numeracy,shapes_1,numeracy,,single_source,n_unknown_n;baseline_pct_correct_not_clearance;single_source,16.0,percentile_within_panel,100.0,,
small_multiples_index,month,2025-11,did_baseline,2025-11|did_baseline|numeracy,numeracy,shapes_1,numeracy,,single_source,n_unknown_n;baseline_pct_correct_not_clearance;single_source,16.0,rank_within_panel,1.0,,
small_multiples_index,month,2025-11,did_baseline,2025-11|did_baseline|numeracy,numeracy,shapes_2,numeracy,,single_source,n_unknown_n;baseline_pct_correct_not_clearance;single_source,16.0,pct_students_cleared,8.1,,
small_multiples_index,month,2025-11,did_baseline,2025-11|did_baseline|numeracy,numeracy,shapes_2,numeracy,,single_source,n_unknown_n;baseline_pct_correct_not_clearance;single_source,16.0,z_within_panel,-2.405398524539031,,
small_multiples_index,month,2025-11,did_baseline,2025-11|did_baseline|numeracy,numeracy,shapes_2,numeracy,,single_source,n_unknown_n;baseline_pct_correct_not_clearance;single_source,16.0,percentile_within_panel,6.25,,
small_multiples_index,month,2025-11,did_baseline,2025-11|did_baseline|numeracy,numeracy,shapes_2,numeracy,,single_source,n_unknown_n;baseline_pct_correct_not_clearance;single_source,16.0,rank_within_panel,16.0,,
small_multiples_index,month,2025-11,did_baseline,2025-11|did_baseline|numeracy,numeracy,subtraction_2digit,numeracy,,stack,n_unknown_n;baseline_pct_correct_not_clearance,16.0,pct_students_cleared,50.5,,
small_multiples_index,month,2025-11,did_baseline,2025-11|did_baseline|numeracy,numeracy,subtraction_2digit,numeracy,,stack,n_unknown_n;baseline_pct_correct_not_clearance,16.0,z_within_panel,-0.3487820281658774,,
small_multiples_index,month,2025-11,did_baseline,2025-11|did_baseline|numeracy,numeracy,subtraction_2digit,numeracy,,stack,n_unknown_n;baseline_pct_correct_not_clearance,16.0,percentile_within_panel,31.25,,
small_multiples_index,month,2025-11,did_baseline,2025-11|did_baseline|numeracy,numeracy,subtraction_2digit,numeracy,,stack,n_unknown_n;baseline_pct_correct_not_clearance,16.0,rank_within_panel,12.0,,
small_multiples_index,month,2025-11,did_baseline,2025-11|did_baseline|numeracy,numeracy,word_problem_addition,numeracy,,stack,n_unknown_n;baseline_pct_correct_not_clearance,16.0,pct_students_cleared,62.5,,
small_multiples_index,month,2025-11,did_baseline,2025-11|did_baseline|numeracy,numeracy,word_problem_addition,numeracy,,stack,n_unknown_n;baseline_pct_correct_not_clearance,16.0,z_within_panel,0.23327924439256228,,
small_multiples_index,month,2025-11,did_baseline,2025-11|did_baseline|numeracy,numeracy,word_problem_addition,numeracy,,stack,n_unknown_n;baseline_pct_correct_not_clearance,16.0,percentile_within_panel,50.0,,
small_multiples_index,month,2025-11,did_baseline,2025-11|did_baseline|numeracy,numeracy,word_problem_addition,numeracy,,stack,n_unknown_n;baseline_pct_correct_not_clearance,16.0,rank_within_panel,9.0,,
small_multiples_index,month,2025-11,did_baseline,2025-11|did_baseline|numeracy,numeracy,word_problem_subtraction,numeracy,,stack,n_unknown_n;baseline_pct_correct_not_clearance,16.0,pct_students_cleared,33.849999999999994,,
small_multiples_index,month,2025-11,did_baseline,2025-11|did_baseline|numeracy,numeracy,word_problem_subtraction,numeracy,,stack,n_unknown_n;baseline_pct_correct_not_clearance,16.0,z_within_panel,-1.1563920438407127,,
small_multiples_index,month,2025-11,did_baseline,2025-11|did_baseline|numeracy,numeracy,word_problem_subtraction,numeracy,,stack,n_unknown_n;baseline_pct_correct_not_clearance,16.0,percentile_within_panel,18.75,,
small_multiples_index,month,2025-11,did_baseline,2025-11|did_baseline|numeracy,numeracy,word_problem_subtraction,numeracy,,stack,n_unknown_n;baseline_pct_correct_not_clearance,16.0,rank_within_panel,14.0,,
small_multiples_index,month,2025-11,did_baseline,2025-11|did_baseline|all,all,letter_writing,literacy,,stack,n_unknown_n;baseline_pct_correct_not_clearance,24.0,pct_students_cleared,78.3,,
small_multiples_index,month,2025-11,did_baseline,2025-11|did_baseline|all,all,letter_writing,literacy,,stack,n_unknown_n;baseline_pct_correct_not_clearance,24.0,z_within_panel,0.8609359094663891,,
small_multiples_index,month,2025-11,did_baseline,2025-11|did_baseline|all,all,letter_writing,literacy,,stack,n_unknown_n;baseline_pct_correct_not_clearance,24.0,percentile_within_panel,79.16666666666666,,
small_multiples_index,month,2025-11,did_baseline,2025-11|did_baseline|all,all,letter_writing,literacy,,stack,n_unknown_n;baseline_pct_correct_not_clearance,24.0,rank_within_panel,6.0,,
small_multiples_index,month,2025-11,did_baseline,2025-11|did_baseline|all,all,listening_comprehension,literacy,,stack,n_unknown_n;baseline_pct_correct_not_clearance,24.0,pct_students_cleared,62.849999999999994,,
small_multiples_index,month,2025-11,did_baseline,2025-11|did_baseline|all,all,listening_comprehension,literacy,,stack,n_unknown_n;baseline_pct_correct_not_clearance,24.0,z_within_panel,0.12222241824774485,,
small_multiples_index,month,2025-11,did_baseline,2025-11|did_baseline|all,all,listening_comprehension,literacy,,stack,n_unknown_n;baseline_pct_correct_not_clearance,24.0,percentile_within_panel,54.166666666666664,,
small_multiples_index,month,2025-11,did_baseline,2025-11|did_baseline|all,all,listening_comprehension,literacy,,stack,n_unknown_n;baseline_pct_correct_not_clearance,24.0,rank_within_panel,12.0,,
small_multiples_index,month,2025-11,did_baseline,2025-11|did_baseline|all,all,oral_vocabulary,literacy,,stack,n_unknown_n;ceiling;baseline_pct_correct_not_clearance,24.0,pct_students_cleared,96.80000000000001,,
small_multiples_index,month,2025-11,did_baseline,2025-11|did_baseline|all,all,oral_vocabulary,literacy,,stack,n_unknown_n;ceiling;baseline_pct_correct_not_clearance,24.0,z_within_panel,1.7454795720906562,,
small_multiples_index,month,2025-11,did_baseline,2025-11|did_baseline|all,all,oral_vocabulary,literacy,,stack,n_unknown_n;ceiling;baseline_pct_correct_not_clearance,24.0,percentile_within_panel,100.0,,
small_multiples_index,month,2025-11,did_baseline,2025-11|did_baseline|all,all,oral_vocabulary,literacy,,stack,n_unknown_n;ceiling;baseline_pct_correct_not_clearance,24.0,rank_within_panel,1.0,,
small_multiples_index,month,2025-11,did_baseline,2025-11|did_baseline|all,all,picture_comprehension,literacy,,stack,n_unknown_n;baseline_pct_correct_not_clearance,24.0,pct_students_cleared,93.35,,
small_multiples_index,month,2025-11,did_baseline,2025-11|did_baseline|all,all,picture_comprehension,literacy,,stack,n_unknown_n;baseline_pct_correct_not_clearance,24.0,z_within_panel,1.5805241323039678,,
small_multiples_index,month,2025-11,did_baseline,2025-11|did_baseline|all,all,picture_comprehension,literacy,,stack,n_unknown_n;baseline_pct_correct_not_clearance,24.0,percentile_within_panel,95.83333333333334,,
small_multiples_index,month,2025-11,did_baseline,2025-11|did_baseline|all,all,picture_comprehension,literacy,,stack,n_unknown_n;baseline_pct_correct_not_clearance,24.0,rank_within_panel,2.0,,
small_multiples_index,month,2025-11,did_baseline,2025-11|did_baseline|all,all,reading_comprehension,literacy,,stack_with_caveat,n_unknown_n;baseline_pct_correct_not_clearance;crosswalk_caveat,24.0,pct_students_cleared,47.8,,
small_multiples_index,month,2025-11,did_baseline,2025-11|did_baseline|all,all,reading_comprehension,literacy,,stack_with_caveat,n_unknown_n;baseline_pct_correct_not_clearance;crosswalk_caveat,24.0,z_within_panel,-0.5973658045898339,,
small_multiples_index,month,2025-11,did_baseline,2025-11|did_baseline|all,all,reading_comprehension,literacy,,stack_with_caveat,n_unknown_n;baseline_pct_correct_not_clearance;crosswalk_caveat,24.0,percentile_within_panel,29.166666666666668,,
small_multiples_index,month,2025-11,did_baseline,2025-11|did_baseline|all,all,reading_comprehension,literacy,,stack_with_caveat,n_unknown_n;baseline_pct_correct_not_clearance;crosswalk_caveat,24.0,rank_within_panel,18.0,,
small_multiples_index,month,2025-11,did_baseline,2025-11|did_baseline|all,all,sentence_reading,literacy,,stack_with_caveat,n_unknown_n;baseline_pct_correct_not_clearance;crosswalk_caveat,24.0,pct_students_cleared,47.4,,
small_multiples_index,month,2025-11,did_baseline,2025-11|did_baseline|all,all,sentence_reading,literacy,,stack_with_caveat,n_unknown_n;baseline_pct_correct_not_clearance;crosswalk_caveat,24.0,z_within_panel,-0.6164910729708991,,
small_multiples_index,month,2025-11,did_baseline,2025-11|did_baseline|all,all,sentence_reading,literacy,,stack_with_caveat,n_unknown_n;baseline_pct_correct_not_clearance;crosswalk_caveat,24.0,percentile_within_panel,25.0,,
small_multiples_index,month,2025-11,did_baseline,2025-11|did_baseline|all,all,sentence_reading,literacy,,stack_with_caveat,n_unknown_n;baseline_pct_correct_not_clearance;crosswalk_caveat,24.0,rank_within_panel,19.0,,
small_multiples_index,month,2025-11,did_baseline,2025-11|did_baseline|all,all,word_reading,literacy,,stack_with_caveat,n_unknown_n;baseline_pct_correct_not_clearance;crosswalk_caveat,24.0,pct_students_cleared,59.8,,
small_multiples_index,month,2025-11,did_baseline,2025-11|did_baseline|all,all,word_reading,literacy,,stack_with_caveat,n_unknown_n;baseline_pct_correct_not_clearance;crosswalk_caveat,24.0,z_within_panel,-0.023607753157877314,,
small_multiples_index,month,2025-11,did_baseline,2025-11|did_baseline|all,all,word_reading,literacy,,stack_with_caveat,n_unknown_n;baseline_pct_correct_not_clearance;crosswalk_caveat,24.0,percentile_within_panel,37.5,,
small_multiples_index,month,2025-11,did_baseline,2025-11|did_baseline|all,all,word_reading,literacy,,stack_with_caveat,n_unknown_n;baseline_pct_correct_not_clearance;crosswalk_caveat,24.0,rank_within_panel,16.0,,
small_multiples_index,month,2025-11,did_baseline,2025-11|did_baseline|all,all,word_writing,literacy,,stack,n_unknown_n;baseline_pct_correct_not_clearance,24.0,pct_students_cleared,37.7,,
small_multiples_index,month,2025-11,did_baseline,2025-11|did_baseline|all,all,word_writing,literacy,,stack,n_unknown_n;baseline_pct_correct_not_clearance,24.0,z_within_panel,-1.0802788312117304,,
small_multiples_index,month,2025-11,did_baseline,2025-11|did_baseline|all,all,word_writing,literacy,,stack,n_unknown_n;baseline_pct_correct_not_clearance,24.0,percentile_within_panel,20.833333333333336,,
small_multiples_index,month,2025-11,did_baseline,2025-11|did_baseline|all,all,word_writing,literacy,,stack,n_unknown_n;baseline_pct_correct_not_clearance,24.0,rank_within_panel,20.0,,
small_multiples_index,month,2025-11,did_baseline,2025-11|did_baseline|all,all,addition_2digit,numeracy,,stack,n_unknown_n;baseline_pct_correct_not_clearance,24.0,pct_students_cleared,60.150000000000006,,
small_multiples_index,month,2025-11,did_baseline,2025-11|did_baseline|all,all,addition_2digit,numeracy,,stack,n_unknown_n;baseline_pct_correct_not_clearance,24.0,z_within_panel,-0.006873143324444838,,
small_multiples_index,month,2025-11,did_baseline,2025-11|did_baseline|all,all,addition_2digit,numeracy,,stack,n_unknown_n;baseline_pct_correct_not_clearance,24.0,percentile_within_panel,45.83333333333333,,
small_multiples_index,month,2025-11,did_baseline,2025-11|did_baseline|all,all,addition_2digit,numeracy,,stack,n_unknown_n;baseline_pct_correct_not_clearance,24.0,rank_within_panel,14.0,,
small_multiples_index,month,2025-11,did_baseline,2025-11|did_baseline|all,all,data_handling,numeracy,,stack,n_unknown_n;baseline_pct_correct_not_clearance,24.0,pct_students_cleared,65.15,,
small_multiples_index,month,2025-11,did_baseline,2025-11|did_baseline|all,all,data_handling,numeracy,,stack,n_unknown_n;baseline_pct_correct_not_clearance,24.0,z_within_panel,0.2321927114388704,,
small_multiples_index,month,2025-11,did_baseline,2025-11|did_baseline|all,all,data_handling,numeracy,,stack,n_unknown_n;baseline_pct_correct_not_clearance,24.0,percentile_within_panel,62.5,,
small_multiples_index,month,2025-11,did_baseline,2025-11|did_baseline|all,all,data_handling,numeracy,,stack,n_unknown_n;baseline_pct_correct_not_clearance,24.0,rank_within_panel,10.0,,
small_multiples_index,month,2025-11,did_baseline,2025-11|did_baseline|all,all,measurement,numeracy,,stack,n_unknown_n;baseline_pct_correct_not_clearance,24.0,pct_students_cleared,83.85,,
small_multiples_index,month,2025-11,did_baseline,2025-11|did_baseline|all,all,measurement,numeracy,,stack,n_unknown_n;baseline_pct_correct_not_clearance,24.0,z_within_panel,1.1262990082536688,,
small_multiples_index,month,2025-11,did_baseline,2025-11|did_baseline|all,all,measurement,numeracy,,stack,n_unknown_n;baseline_pct_correct_not_clearance,24.0,percentile_within_panel,87.5,,
small_multiples_index,month,2025-11,did_baseline,2025-11|did_baseline|all,all,measurement,numeracy,,stack,n_unknown_n;baseline_pct_correct_not_clearance,24.0,rank_within_panel,4.0,,
small_multiples_index,month,2025-11,did_baseline,2025-11|did_baseline|all,all,money,numeracy,,single_source,n_unknown_n;baseline_pct_correct_not_clearance;single_source,24.0,pct_students_cleared,64.4,,
small_multiples_index,month,2025-11,did_baseline,2025-11|did_baseline|all,all,money,numeracy,,single_source,n_unknown_n;baseline_pct_correct_not_clearance;single_source,24.0,z_within_panel,0.19633283322437312,,
small_multiples_index,month,2025-11,did_baseline,2025-11|did_baseline|all,all,money,numeracy,,single_source,n_unknown_n;baseline_pct_correct_not_clearance;single_source,24.0,percentile_within_panel,58.333333333333336,,
small_multiples_index,month,2025-11,did_baseline,2025-11|did_baseline|all,all,money,numeracy,,single_source,n_unknown_n;baseline_pct_correct_not_clearance;single_source,24.0,rank_within_panel,11.0,,
small_multiples_index,month,2025-11,did_baseline,2025-11|did_baseline|all,all,multiplication,numeracy,,stack,n_unknown_n;baseline_pct_correct_not_clearance,24.0,pct_students_cleared,80.15,,
small_multiples_index,month,2025-11,did_baseline,2025-11|did_baseline|all,all,multiplication,numeracy,,stack,n_unknown_n;baseline_pct_correct_not_clearance,24.0,z_within_panel,0.9493902757288162,,
small_multiples_index,month,2025-11,did_baseline,2025-11|did_baseline|all,all,multiplication,numeracy,,stack,n_unknown_n;baseline_pct_correct_not_clearance,24.0,percentile_within_panel,83.33333333333334,,
small_multiples_index,month,2025-11,did_baseline,2025-11|did_baseline|all,all,multiplication,numeracy,,stack,n_unknown_n;baseline_pct_correct_not_clearance,24.0,rank_within_panel,5.0,,
small_multiples_index,month,2025-11,did_baseline,2025-11|did_baseline|all,all,number_comparison,numeracy,,stack,n_unknown_n;baseline_pct_correct_not_clearance,24.0,pct_students_cleared,67.45,,
small_multiples_index,month,2025-11,did_baseline,2025-11|did_baseline|all,all,number_comparison,numeracy,,stack,n_unknown_n;baseline_pct_correct_not_clearance,24.0,z_within_panel,0.34216300462999527,,
small_multiples_index,month,2025-11,did_baseline,2025-11|did_baseline|all,all,number_comparison,numeracy,,stack,n_unknown_n;baseline_pct_correct_not_clearance,24.0,percentile_within_panel,70.83333333333334,,
small_multiples_index,month,2025-11,did_baseline,2025-11|did_baseline|all,all,number_comparison,numeracy,,stack,n_unknown_n;baseline_pct_correct_not_clearance,24.0,rank_within_panel,8.0,,
small_multiples_index,month,2025-11,did_baseline,2025-11|did_baseline|all,all,number_pattern,numeracy,,stack,n_unknown_n;baseline_pct_correct_not_clearance,24.0,pct_students_cleared,28.2,,
small_multiples_index,month,2025-11,did_baseline,2025-11|did_baseline|all,all,number_pattern,numeracy,,stack,n_unknown_n;baseline_pct_correct_not_clearance,24.0,z_within_panel,-1.5345039552620297,,
small_multiples_index,month,2025-11,did_baseline,2025-11|did_baseline|all,all,number_pattern,numeracy,,stack,n_unknown_n;baseline_pct_correct_not_clearance,24.0,percentile_within_panel,8.333333333333332,,
small_multiples_index,month,2025-11,did_baseline,2025-11|did_baseline|all,all,number_pattern,numeracy,,stack,n_unknown_n;baseline_pct_correct_not_clearance,24.0,rank_within_panel,23.0,,
small_multiples_index,month,2025-11,did_baseline,2025-11|did_baseline|all,all,number_recognition,numeracy,,stack,n_unknown_n;baseline_pct_correct_not_clearance,24.0,pct_students_cleared,69.8,,
small_multiples_index,month,2025-11,did_baseline,2025-11|did_baseline|all,all,number_recognition,numeracy,,stack,n_unknown_n;baseline_pct_correct_not_clearance,24.0,z_within_panel,0.4545239563687532,,
small_multiples_index,month,2025-11,did_baseline,2025-11|did_baseline|all,all,number_recognition,numeracy,,stack,n_unknown_n;baseline_pct_correct_not_clearance,24.0,percentile_within_panel,75.0,,
small_multiples_index,month,2025-11,did_baseline,2025-11|did_baseline|all,all,number_recognition,numeracy,,stack,n_unknown_n;baseline_pct_correct_not_clearance,24.0,rank_within_panel,7.0,,
small_multiples_index,month,2025-11,did_baseline,2025-11|did_baseline|all,all,number_writing,numeracy,,stack,n_unknown_n;baseline_pct_correct_not_clearance,24.0,pct_students_cleared,66.5,,
small_multiples_index,month,2025-11,did_baseline,2025-11|did_baseline|all,all,number_writing,numeracy,,stack,n_unknown_n;baseline_pct_correct_not_clearance,24.0,z_within_panel,0.29674049222496524,,
small_multiples_index,month,2025-11,did_baseline,2025-11|did_baseline|all,all,number_writing,numeracy,,stack,n_unknown_n;baseline_pct_correct_not_clearance,24.0,percentile_within_panel,66.66666666666666,,
small_multiples_index,month,2025-11,did_baseline,2025-11|did_baseline|all,all,number_writing,numeracy,,stack,n_unknown_n;baseline_pct_correct_not_clearance,24.0,rank_within_panel,9.0,,
small_multiples_index,month,2025-11,did_baseline,2025-11|did_baseline|all,all,place_value_bundles,numeracy,,stack_with_caveat,n_unknown_n;baseline_pct_correct_not_clearance;crosswalk_caveat,24.0,pct_students_cleared,60.1,,
small_multiples_index,month,2025-11,did_baseline,2025-11|did_baseline|all,all,place_value_bundles,numeracy,,stack_with_caveat,n_unknown_n;baseline_pct_correct_not_clearance;crosswalk_caveat,24.0,z_within_panel,-0.009263801872078195,,
small_multiples_index,month,2025-11,did_baseline,2025-11|did_baseline|all,all,place_value_bundles,numeracy,,stack_with_caveat,n_unknown_n;baseline_pct_correct_not_clearance;crosswalk_caveat,24.0,percentile_within_panel,41.66666666666667,,
small_multiples_index,month,2025-11,did_baseline,2025-11|did_baseline|all,all,place_value_bundles,numeracy,,stack_with_caveat,n_unknown_n;baseline_pct_correct_not_clearance;crosswalk_caveat,24.0,rank_within_panel,15.0,,
small_multiples_index,month,2025-11,did_baseline,2025-11|did_baseline|all,all,shape_pattern,numeracy,,single_source,n_unknown_n;baseline_pct_correct_not_clearance;single_source,24.0,pct_students_cleared,36.849999999999994,,
small_multiples_index,month,2025-11,did_baseline,2025-11|did_baseline|all,all,shape_pattern,numeracy,,single_source,n_unknown_n;baseline_pct_correct_not_clearance;single_source,24.0,z_within_panel,-1.1209200265214945,,
small_multiples_index,month,2025-11,did_baseline,2025-11|did_baseline|all,all,shape_pattern,numeracy,,single_source,n_unknown_n;baseline_pct_correct_not_clearance;single_source,24.0,percentile_within_panel,16.666666666666664,,
small_multiples_index,month,2025-11,did_baseline,2025-11|did_baseline|all,all,shape_pattern,numeracy,,single_source,n_unknown_n;baseline_pct_correct_not_clearance;single_source,24.0,rank_within_panel,21.0,,
small_multiples_index,month,2025-11,did_baseline,2025-11|did_baseline|all,all,shapes_1,numeracy,,single_source,n_unknown_n;baseline_pct_correct_not_clearance;single_source,24.0,pct_students_cleared,85.5,,
small_multiples_index,month,2025-11,did_baseline,2025-11|did_baseline|all,all,shapes_1,numeracy,,single_source,n_unknown_n;baseline_pct_correct_not_clearance;single_source,24.0,z_within_panel,1.2051907403255633,,
small_multiples_index,month,2025-11,did_baseline,2025-11|did_baseline|all,all,shapes_1,numeracy,,single_source,n_unknown_n;baseline_pct_correct_not_clearance;single_source,24.0,percentile_within_panel,91.66666666666666,,
small_multiples_index,month,2025-11,did_baseline,2025-11|did_baseline|all,all,shapes_1,numeracy,,single_source,n_unknown_n;baseline_pct_correct_not_clearance;single_source,24.0,rank_within_panel,3.0,,
small_multiples_index,month,2025-11,did_baseline,2025-11|did_baseline|all,all,shapes_2,numeracy,,single_source,n_unknown_n;baseline_pct_correct_not_clearance;single_source,24.0,pct_students_cleared,8.1,,
small_multiples_index,month,2025-11,did_baseline,2025-11|did_baseline|all,all,shapes_2,numeracy,,single_source,n_unknown_n;baseline_pct_correct_not_clearance;single_source,24.0,z_within_panel,-2.4955486914105567,,
small_multiples_index,month,2025-11,did_baseline,2025-11|did_baseline|all,all,shapes_2,numeracy,,single_source,n_unknown_n;baseline_pct_correct_not_clearance;single_source,24.0,percentile_within_panel,4.166666666666666,,
small_multiples_index,month,2025-11,did_baseline,2025-11|did_baseline|all,all,shapes_2,numeracy,,single_source,n_unknown_n;baseline_pct_correct_not_clearance;single_source,24.0,rank_within_panel,24.0,,
small_multiples_index,month,2025-11,did_baseline,2025-11|did_baseline|all,all,subtraction_2digit,numeracy,,stack,n_unknown_n;baseline_pct_correct_not_clearance,24.0,pct_students_cleared,50.5,,
small_multiples_index,month,2025-11,did_baseline,2025-11|did_baseline|all,all,subtraction_2digit,numeracy,,stack,n_unknown_n;baseline_pct_correct_not_clearance,24.0,z_within_panel,-0.46827024301764353,,
small_multiples_index,month,2025-11,did_baseline,2025-11|did_baseline|all,all,subtraction_2digit,numeracy,,stack,n_unknown_n;baseline_pct_correct_not_clearance,24.0,percentile_within_panel,33.33333333333333,,
small_multiples_index,month,2025-11,did_baseline,2025-11|did_baseline|all,all,subtraction_2digit,numeracy,,stack,n_unknown_n;baseline_pct_correct_not_clearance,24.0,rank_within_panel,17.0,,
small_multiples_index,month,2025-11,did_baseline,2025-11|did_baseline|all,all,word_problem_addition,numeracy,,stack,n_unknown_n;baseline_pct_correct_not_clearance,24.0,pct_students_cleared,62.5,,
small_multiples_index,month,2025-11,did_baseline,2025-11|did_baseline|all,all,word_problem_addition,numeracy,,stack,n_unknown_n;baseline_pct_correct_not_clearance,24.0,z_within_panel,0.10548780841431306,,
small_multiples_index,month,2025-11,did_baseline,2025-11|did_baseline|all,all,word_problem_addition,numeracy,,stack,n_unknown_n;baseline_pct_correct_not_clearance,24.0,percentile_within_panel,50.0,,
small_multiples_index,month,2025-11,did_baseline,2025-11|did_baseline|all,all,word_problem_addition,numeracy,,stack,n_unknown_n;baseline_pct_correct_not_clearance,24.0,rank_within_panel,13.0,,
small_multiples_index,month,2025-11,did_baseline,2025-11|did_baseline|all,all,word_problem_subtraction,numeracy,,stack,n_unknown_n;baseline_pct_correct_not_clearance,24.0,pct_students_cleared,33.849999999999994,,
small_multiples_index,month,2025-11,did_baseline,2025-11|did_baseline|all,all,word_problem_subtraction,numeracy,,stack,n_unknown_n;baseline_pct_correct_not_clearance,24.0,z_within_panel,-1.2643595393794835,,
small_multiples_index,month,2025-11,did_baseline,2025-11|did_baseline|all,all,word_problem_subtraction,numeracy,,stack,n_unknown_n;baseline_pct_correct_not_clearance,24.0,percentile_within_panel,12.5,,
small_multiples_index,month,2025-11,did_baseline,2025-11|did_baseline|all,all,word_problem_subtraction,numeracy,,stack,n_unknown_n;baseline_pct_correct_not_clearance,24.0,rank_within_panel,22.0,,
small_multiples_index,month,2025-11,q3_2025_tool,2025-11|q3_2025_tool|literacy,literacy,letter_recognition,literacy,66.0,stack_with_caveat,crosswalk_caveat,5.0,pct_students_cleared,77.27272727272727,,
small_multiples_index,month,2025-11,q3_2025_tool,2025-11|q3_2025_tool|literacy,literacy,letter_recognition,literacy,66.0,stack_with_caveat,crosswalk_caveat,5.0,z_within_panel,1.0445316977953714,,
small_multiples_index,month,2025-11,q3_2025_tool,2025-11|q3_2025_tool|literacy,literacy,letter_recognition,literacy,66.0,stack_with_caveat,crosswalk_caveat,5.0,percentile_within_panel,80.0,,
small_multiples_index,month,2025-11,q3_2025_tool,2025-11|q3_2025_tool|literacy,literacy,letter_recognition,literacy,66.0,stack_with_caveat,crosswalk_caveat,5.0,rank_within_panel,2.0,,
small_multiples_index,month,2025-11,q3_2025_tool,2025-11|q3_2025_tool|literacy,literacy,oral_reading_fluency,literacy,66.0,stack_with_caveat,crosswalk_caveat,5.0,pct_students_cleared,21.21212121212121,,
small_multiples_index,month,2025-11,q3_2025_tool,2025-11|q3_2025_tool|literacy,literacy,oral_reading_fluency,literacy,66.0,stack_with_caveat,crosswalk_caveat,5.0,z_within_panel,-1.498078356048626,,
small_multiples_index,month,2025-11,q3_2025_tool,2025-11|q3_2025_tool|literacy,literacy,oral_reading_fluency,literacy,66.0,stack_with_caveat,crosswalk_caveat,5.0,percentile_within_panel,20.0,,
small_multiples_index,month,2025-11,q3_2025_tool,2025-11|q3_2025_tool|literacy,literacy,oral_reading_fluency,literacy,66.0,stack_with_caveat,crosswalk_caveat,5.0,rank_within_panel,5.0,,
small_multiples_index,month,2025-11,q3_2025_tool,2025-11|q3_2025_tool|literacy,literacy,reading_comprehension,literacy,66.0,stack_with_caveat,crosswalk_caveat,5.0,pct_students_cleared,45.45454545454545,,
small_multiples_index,month,2025-11,q3_2025_tool,2025-11|q3_2025_tool|literacy,literacy,reading_comprehension,literacy,66.0,stack_with_caveat,crosswalk_caveat,5.0,z_within_panel,-0.3985713057377081,,
small_multiples_index,month,2025-11,q3_2025_tool,2025-11|q3_2025_tool|literacy,literacy,reading_comprehension,literacy,66.0,stack_with_caveat,crosswalk_caveat,5.0,percentile_within_panel,40.0,,
small_multiples_index,month,2025-11,q3_2025_tool,2025-11|q3_2025_tool|literacy,literacy,reading_comprehension,literacy,66.0,stack_with_caveat,crosswalk_caveat,5.0,rank_within_panel,4.0,,
small_multiples_index,month,2025-11,q3_2025_tool,2025-11|q3_2025_tool|literacy,literacy,word_reading,literacy,66.0,stack_with_caveat,crosswalk_caveat,5.0,pct_students_cleared,80.3030303030303,,
small_multiples_index,month,2025-11,q3_2025_tool,2025-11|q3_2025_tool|literacy,literacy,word_reading,literacy,66.0,stack_with_caveat,crosswalk_caveat,5.0,z_within_panel,1.1819700790842362,,
small_multiples_index,month,2025-11,q3_2025_tool,2025-11|q3_2025_tool|literacy,literacy,word_reading,literacy,66.0,stack_with_caveat,crosswalk_caveat,5.0,percentile_within_panel,100.0,,
small_multiples_index,month,2025-11,q3_2025_tool,2025-11|q3_2025_tool|literacy,literacy,word_reading,literacy,66.0,stack_with_caveat,crosswalk_caveat,5.0,rank_within_panel,1.0,,
small_multiples_index,month,2025-11,q3_2025_tool,2025-11|q3_2025_tool|literacy,literacy,word_writing,literacy,66.0,stack_with_caveat,crosswalk_caveat,5.0,pct_students_cleared,46.96969696969697,,
small_multiples_index,month,2025-11,q3_2025_tool,2025-11|q3_2025_tool|literacy,literacy,word_writing,literacy,66.0,stack_with_caveat,crosswalk_caveat,5.0,z_within_panel,-0.3298521150932757,,
small_multiples_index,month,2025-11,q3_2025_tool,2025-11|q3_2025_tool|literacy,literacy,word_writing,literacy,66.0,stack_with_caveat,crosswalk_caveat,5.0,percentile_within_panel,60.0,,
small_multiples_index,month,2025-11,q3_2025_tool,2025-11|q3_2025_tool|literacy,literacy,word_writing,literacy,66.0,stack_with_caveat,crosswalk_caveat,5.0,rank_within_panel,3.0,,
small_multiples_index,month,2025-11,q3_2025_tool,2025-11|q3_2025_tool|numeracy,numeracy,addition,numeracy,66.0,stack_with_caveat,cleared_at_2_of_3;crosswalk_caveat,5.0,pct_students_cleared,90.9090909090909,,
small_multiples_index,month,2025-11,q3_2025_tool,2025-11|q3_2025_tool|numeracy,numeracy,addition,numeracy,66.0,stack_with_caveat,cleared_at_2_of_3;crosswalk_caveat,5.0,z_within_panel,1.4729798605784359,,
small_multiples_index,month,2025-11,q3_2025_tool,2025-11|q3_2025_tool|numeracy,numeracy,addition,numeracy,66.0,stack_with_caveat,cleared_at_2_of_3;crosswalk_caveat,5.0,percentile_within_panel,100.0,,
small_multiples_index,month,2025-11,q3_2025_tool,2025-11|q3_2025_tool|numeracy,numeracy,addition,numeracy,66.0,stack_with_caveat,cleared_at_2_of_3;crosswalk_caveat,5.0,rank_within_panel,1.0,,
small_multiples_index,month,2025-11,q3_2025_tool,2025-11|q3_2025_tool|numeracy,numeracy,number_recognition,numeracy,66.0,stack_with_caveat,crosswalk_caveat,5.0,pct_students_cleared,59.09090909090909,,
small_multiples_index,month,2025-11,q3_2025_tool,2025-11|q3_2025_tool|numeracy,numeracy,number_recognition,numeracy,66.0,stack_with_caveat,crosswalk_caveat,5.0,z_within_panel,-0.34658349660669097,,
small_multiples_index,month,2025-11,q3_2025_tool,2025-11|q3_2025_tool|numeracy,numeracy,number_recognition,numeracy,66.0,stack_with_caveat,crosswalk_caveat,5.0,percentile_within_panel,40.0,,
small_multiples_index,month,2025-11,q3_2025_tool,2025-11|q3_2025_tool|numeracy,numeracy,number_recognition,numeracy,66.0,stack_with_caveat,crosswalk_caveat,5.0,rank_within_panel,4.0,,
small_multiples_index,month,2025-11,q3_2025_tool,2025-11|q3_2025_tool|numeracy,numeracy,pattern,numeracy,66.0,stack_with_caveat,cleared_at_2_of_3;crosswalk_caveat,5.0,pct_students_cleared,63.63636363636363,,
small_multiples_index,month,2025-11,q3_2025_tool,2025-11|q3_2025_tool|numeracy,numeracy,pattern,numeracy,66.0,stack_with_caveat,cleared_at_2_of_3;crosswalk_caveat,5.0,z_within_panel,-0.08664587415167314,,
small_multiples_index,month,2025-11,q3_2025_tool,2025-11|q3_2025_tool|numeracy,numeracy,pattern,numeracy,66.0,stack_with_caveat,cleared_at_2_of_3;crosswalk_caveat,5.0,percentile_within_panel,60.0,,
small_multiples_index,month,2025-11,q3_2025_tool,2025-11|q3_2025_tool|numeracy,numeracy,pattern,numeracy,66.0,stack_with_caveat,cleared_at_2_of_3;crosswalk_caveat,5.0,rank_within_panel,3.0,,
small_multiples_index,month,2025-11,q3_2025_tool,2025-11|q3_2025_tool|numeracy,numeracy,place_value_bundles,numeracy,66.0,stack_with_caveat,cleared_at_2_of_3;crosswalk_caveat,5.0,pct_students_cleared,37.878787878787875,,
small_multiples_index,month,2025-11,q3_2025_tool,2025-11|q3_2025_tool|numeracy,numeracy,place_value_bundles,numeracy,66.0,stack_with_caveat,cleared_at_2_of_3;crosswalk_caveat,5.0,z_within_panel,-1.5596257347301095,,
small_multiples_index,month,2025-11,q3_2025_tool,2025-11|q3_2025_tool|numeracy,numeracy,place_value_bundles,numeracy,66.0,stack_with_caveat,cleared_at_2_of_3;crosswalk_caveat,5.0,percentile_within_panel,20.0,,
small_multiples_index,month,2025-11,q3_2025_tool,2025-11|q3_2025_tool|numeracy,numeracy,place_value_bundles,numeracy,66.0,stack_with_caveat,cleared_at_2_of_3;crosswalk_caveat,5.0,rank_within_panel,5.0,,
small_multiples_index,month,2025-11,q3_2025_tool,2025-11|q3_2025_tool|numeracy,numeracy,subtraction,numeracy,66.0,stack_with_caveat,cleared_at_2_of_3;crosswalk_caveat,5.0,pct_students_cleared,74.24242424242425,,
small_multiples_index,month,2025-11,q3_2025_tool,2025-11|q3_2025_tool|numeracy,numeracy,subtraction,numeracy,66.0,stack_with_caveat,cleared_at_2_of_3;crosswalk_caveat,5.0,z_within_panel,0.5198752449100364,,
small_multiples_index,month,2025-11,q3_2025_tool,2025-11|q3_2025_tool|numeracy,numeracy,subtraction,numeracy,66.0,stack_with_caveat,cleared_at_2_of_3;crosswalk_caveat,5.0,percentile_within_panel,80.0,,
small_multiples_index,month,2025-11,q3_2025_tool,2025-11|q3_2025_tool|numeracy,numeracy,subtraction,numeracy,66.0,stack_with_caveat,cleared_at_2_of_3;crosswalk_caveat,5.0,rank_within_panel,2.0,,
small_multiples_index,month,2025-11,q3_2025_tool,2025-11|q3_2025_tool|all,all,letter_recognition,literacy,66.0,stack_with_caveat,crosswalk_caveat,10.0,pct_students_cleared,77.27272727272727,,
small_multiples_index,month,2025-11,q3_2025_tool,2025-11|q3_2025_tool|all,all,letter_recognition,literacy,66.0,stack_with_caveat,crosswalk_caveat,10.0,z_within_panel,0.8518365683967671,,
small_multiples_index,month,2025-11,q3_2025_tool,2025-11|q3_2025_tool|all,all,letter_recognition,literacy,66.0,stack_with_caveat,crosswalk_caveat,10.0,percentile_within_panel,80.0,,
small_multiples_index,month,2025-11,q3_2025_tool,2025-11|q3_2025_tool|all,all,letter_recognition,literacy,66.0,stack_with_caveat,crosswalk_caveat,10.0,rank_within_panel,3.0,,
small_multiples_index,month,2025-11,q3_2025_tool,2025-11|q3_2025_tool|all,all,oral_reading_fluency,literacy,66.0,stack_with_caveat,crosswalk_caveat,10.0,pct_students_cleared,21.21212121212121,,
small_multiples_index,month,2025-11,q3_2025_tool,2025-11|q3_2025_tool|all,all,oral_reading_fluency,literacy,66.0,stack_with_caveat,crosswalk_caveat,10.0,z_within_panel,-1.8652283480411986,,
small_multiples_index,month,2025-11,q3_2025_tool,2025-11|q3_2025_tool|all,all,oral_reading_fluency,literacy,66.0,stack_with_caveat,crosswalk_caveat,10.0,percentile_within_panel,10.0,,
small_multiples_index,month,2025-11,q3_2025_tool,2025-11|q3_2025_tool|all,all,oral_reading_fluency,literacy,66.0,stack_with_caveat,crosswalk_caveat,10.0,rank_within_panel,10.0,,
small_multiples_index,month,2025-11,q3_2025_tool,2025-11|q3_2025_tool|all,all,reading_comprehension,literacy,66.0,stack_with_caveat,crosswalk_caveat,10.0,pct_students_cleared,45.45454545454545,,
small_multiples_index,month,2025-11,q3_2025_tool,2025-11|q3_2025_tool|all,all,reading_comprehension,literacy,66.0,stack_with_caveat,crosswalk_caveat,10.0,z_within_panel,-0.6902813571491052,,
small_multiples_index,month,2025-11,q3_2025_tool,2025-11|q3_2025_tool|all,all,reading_comprehension,literacy,66.0,stack_with_caveat,crosswalk_caveat,10.0,percentile_within_panel,30.0,,
small_multiples_index,month,2025-11,q3_2025_tool,2025-11|q3_2025_tool|all,all,reading_comprehension,literacy,66.0,stack_with_caveat,crosswalk_caveat,10.0,rank_within_panel,8.0,,
small_multiples_index,month,2025-11,q3_2025_tool,2025-11|q3_2025_tool|all,all,word_reading,literacy,66.0,stack_with_caveat,crosswalk_caveat,10.0,pct_students_cleared,80.3030303030303,,
small_multiples_index,month,2025-11,q3_2025_tool,2025-11|q3_2025_tool|all,all,word_reading,literacy,66.0,stack_with_caveat,crosswalk_caveat,10.0,z_within_panel,0.9987049422582788,,
small_multiples_index,month,2025-11,q3_2025_tool,2025-11|q3_2025_tool|all,all,word_reading,literacy,66.0,stack_with_caveat,crosswalk_caveat,10.0,percentile_within_panel,90.0,,
small_multiples_index,month,2025-11,q3_2025_tool,2025-11|q3_2025_tool|all,all,word_reading,literacy,66.0,stack_with_caveat,crosswalk_caveat,10.0,rank_within_panel,2.0,,
small_multiples_index,month,2025-11,q3_2025_tool,2025-11|q3_2025_tool|all,all,word_writing,literacy,66.0,stack_with_caveat,crosswalk_caveat,10.0,pct_students_cleared,46.96969696969697,,
small_multiples_index,month,2025-11,q3_2025_tool,2025-11|q3_2025_tool|all,all,word_writing,literacy,66.0,stack_with_caveat,crosswalk_caveat,10.0,z_within_panel,-0.6168471702183493,,
small_multiples_index,month,2025-11,q3_2025_tool,2025-11|q3_2025_tool|all,all,word_writing,literacy,66.0,stack_with_caveat,crosswalk_caveat,10.0,percentile_within_panel,40.0,,
small_multiples_index,month,2025-11,q3_2025_tool,2025-11|q3_2025_tool|all,all,word_writing,literacy,66.0,stack_with_caveat,crosswalk_caveat,10.0,rank_within_panel,7.0,,
small_multiples_index,month,2025-11,q3_2025_tool,2025-11|q3_2025_tool|all,all,addition,numeracy,66.0,stack_with_caveat,cleared_at_2_of_3;crosswalk_caveat,10.0,pct_students_cleared,90.9090909090909,,
small_multiples_index,month,2025-11,q3_2025_tool,2025-11|q3_2025_tool|all,all,addition,numeracy,66.0,stack_with_caveat,cleared_at_2_of_3;crosswalk_caveat,10.0,z_within_panel,1.5127442507735698,,
small_multiples_index,month,2025-11,q3_2025_tool,2025-11|q3_2025_tool|all,all,addition,numeracy,66.0,stack_with_caveat,cleared_at_2_of_3;crosswalk_caveat,10.0,percentile_within_panel,100.0,,
small_multiples_index,month,2025-11,q3_2025_tool,2025-11|q3_2025_tool|all,all,addition,numeracy,66.0,stack_with_caveat,cleared_at_2_of_3;crosswalk_caveat,10.0,rank_within_panel,1.0,,
small_multiples_index,month,2025-11,q3_2025_tool,2025-11|q3_2025_tool|all,all,number_recognition,numeracy,66.0,stack_with_caveat,crosswalk_caveat,10.0,pct_students_cleared,59.09090909090909,,
small_multiples_index,month,2025-11,q3_2025_tool,2025-11|q3_2025_tool|all,all,number_recognition,numeracy,66.0,stack_with_caveat,crosswalk_caveat,10.0,z_within_panel,-0.02937367477230248,,
small_multiples_index,month,2025-11,q3_2025_tool,2025-11|q3_2025_tool|all,all,number_recognition,numeracy,66.0,stack_with_caveat,crosswalk_caveat,10.0,percentile_within_panel,50.0,,
small_multiples_index,month,2025-11,q3_2025_tool,2025-11|q3_2025_tool|all,all,number_recognition,numeracy,66.0,stack_with_caveat,crosswalk_caveat,10.0,rank_within_panel,6.0,,
small_multiples_index,month,2025-11,q3_2025_tool,2025-11|q3_2025_tool|all,all,pattern,numeracy,66.0,stack_with_caveat,cleared_at_2_of_3;crosswalk_caveat,10.0,pct_students_cleared,63.63636363636363,,
small_multiples_index,month,2025-11,q3_2025_tool,2025-11|q3_2025_tool|all,all,pattern,numeracy,66.0,stack_with_caveat,cleared_at_2_of_3;crosswalk_caveat,10.0,z_within_panel,0.19092888601996474,,
small_multiples_index,month,2025-11,q3_2025_tool,2025-11|q3_2025_tool|all,all,pattern,numeracy,66.0,stack_with_caveat,cleared_at_2_of_3;crosswalk_caveat,10.0,percentile_within_panel,60.0,,
small_multiples_index,month,2025-11,q3_2025_tool,2025-11|q3_2025_tool|all,all,pattern,numeracy,66.0,stack_with_caveat,cleared_at_2_of_3;crosswalk_caveat,10.0,rank_within_panel,5.0,,
small_multiples_index,month,2025-11,q3_2025_tool,2025-11|q3_2025_tool|all,all,place_value_bundles,numeracy,66.0,stack_with_caveat,cleared_at_2_of_3;crosswalk_caveat,10.0,pct_students_cleared,37.878787878787875,,
small_multiples_index,month,2025-11,q3_2025_tool,2025-11|q3_2025_tool|all,all,place_value_bundles,numeracy,66.0,stack_with_caveat,cleared_at_2_of_3;crosswalk_caveat,10.0,z_within_panel,-1.0574522918028844,,
small_multiples_index,month,2025-11,q3_2025_tool,2025-11|q3_2025_tool|all,all,place_value_bundles,numeracy,66.0,stack_with_caveat,cleared_at_2_of_3;crosswalk_caveat,10.0,percentile_within_panel,20.0,,
small_multiples_index,month,2025-11,q3_2025_tool,2025-11|q3_2025_tool|all,all,place_value_bundles,numeracy,66.0,stack_with_caveat,cleared_at_2_of_3;crosswalk_caveat,10.0,rank_within_panel,9.0,,
small_multiples_index,month,2025-11,q3_2025_tool,2025-11|q3_2025_tool|all,all,subtraction,numeracy,66.0,stack_with_caveat,cleared_at_2_of_3;crosswalk_caveat,10.0,pct_students_cleared,74.24242424242425,,
small_multiples_index,month,2025-11,q3_2025_tool,2025-11|q3_2025_tool|all,all,subtraction,numeracy,66.0,stack_with_caveat,cleared_at_2_of_3;crosswalk_caveat,10.0,z_within_panel,0.704968194535256,,
small_multiples_index,month,2025-11,q3_2025_tool,2025-11|q3_2025_tool|all,all,subtraction,numeracy,66.0,stack_with_caveat,cleared_at_2_of_3;crosswalk_caveat,10.0,percentile_within_panel,70.0,,
small_multiples_index,month,2025-11,q3_2025_tool,2025-11|q3_2025_tool|all,all,subtraction,numeracy,66.0,stack_with_caveat,cleared_at_2_of_3;crosswalk_caveat,10.0,rank_within_panel,4.0,,
small_multiples_index,month,2025-12,q3_2025_tool,2025-12|q3_2025_tool|literacy,literacy,letter_recognition,literacy,37.0,stack_with_caveat,crosswalk_caveat,5.0,pct_students_cleared,56.75675675675676,,
small_multiples_index,month,2025-12,q3_2025_tool,2025-12|q3_2025_tool|literacy,literacy,letter_recognition,literacy,37.0,stack_with_caveat,crosswalk_caveat,5.0,z_within_panel,1.3132215723949983,,
small_multiples_index,month,2025-12,q3_2025_tool,2025-12|q3_2025_tool|literacy,literacy,letter_recognition,literacy,37.0,stack_with_caveat,crosswalk_caveat,5.0,percentile_within_panel,100.0,,
small_multiples_index,month,2025-12,q3_2025_tool,2025-12|q3_2025_tool|literacy,literacy,letter_recognition,literacy,37.0,stack_with_caveat,crosswalk_caveat,5.0,rank_within_panel,1.0,,
small_multiples_index,month,2025-12,q3_2025_tool,2025-12|q3_2025_tool|literacy,literacy,oral_reading_fluency,literacy,37.0,stack_with_caveat,crosswalk_caveat,5.0,pct_students_cleared,32.432432432432435,,
small_multiples_index,month,2025-12,q3_2025_tool,2025-12|q3_2025_tool|literacy,literacy,oral_reading_fluency,literacy,37.0,stack_with_caveat,crosswalk_caveat,5.0,z_within_panel,-1.1490688758456242,,
small_multiples_index,month,2025-12,q3_2025_tool,2025-12|q3_2025_tool|literacy,literacy,oral_reading_fluency,literacy,37.0,stack_with_caveat,crosswalk_caveat,5.0,percentile_within_panel,20.0,,
small_multiples_index,month,2025-12,q3_2025_tool,2025-12|q3_2025_tool|literacy,literacy,oral_reading_fluency,literacy,37.0,stack_with_caveat,crosswalk_caveat,5.0,rank_within_panel,5.0,,
small_multiples_index,month,2025-12,q3_2025_tool,2025-12|q3_2025_tool|literacy,literacy,reading_comprehension,literacy,37.0,stack_with_caveat,crosswalk_caveat,5.0,pct_students_cleared,40.54054054054054,,
small_multiples_index,month,2025-12,q3_2025_tool,2025-12|q3_2025_tool|literacy,literacy,reading_comprehension,literacy,37.0,stack_with_caveat,crosswalk_caveat,5.0,z_within_panel,-0.3283053930987503,,
small_multiples_index,month,2025-12,q3_2025_tool,2025-12|q3_2025_tool|literacy,literacy,reading_comprehension,literacy,37.0,stack_with_caveat,crosswalk_caveat,5.0,percentile_within_panel,60.0,,
small_multiples_index,month,2025-12,q3_2025_tool,2025-12|q3_2025_tool|literacy,literacy,reading_comprehension,literacy,37.0,stack_with_caveat,crosswalk_caveat,5.0,rank_within_panel,3.0,,
small_multiples_index,month,2025-12,q3_2025_tool,2025-12|q3_2025_tool|literacy,literacy,word_reading,literacy,37.0,stack_with_caveat,crosswalk_caveat,5.0,pct_students_cleared,54.054054054054056,,
small_multiples_index,month,2025-12,q3_2025_tool,2025-12|q3_2025_tool|literacy,literacy,word_reading,literacy,37.0,stack_with_caveat,crosswalk_caveat,5.0,z_within_panel,1.0396337448127069,,
small_multiples_index,month,2025-12,q3_2025_tool,2025-12|q3_2025_tool|literacy,literacy,word_reading,literacy,37.0,stack_with_caveat,crosswalk_caveat,5.0,percentile_within_panel,80.0,,
small_multiples_index,month,2025-12,q3_2025_tool,2025-12|q3_2025_tool|literacy,literacy,word_reading,literacy,37.0,stack_with_caveat,crosswalk_caveat,5.0,rank_within_panel,2.0,,
small_multiples_index,month,2025-12,q3_2025_tool,2025-12|q3_2025_tool|literacy,literacy,word_writing,literacy,37.0,stack_with_caveat,crosswalk_caveat,5.0,pct_students_cleared,35.13513513513514,,
small_multiples_index,month,2025-12,q3_2025_tool,2025-12|q3_2025_tool|literacy,literacy,word_writing,literacy,37.0,stack_with_caveat,crosswalk_caveat,5.0,z_within_panel,-0.8754810482633328,,
small_multiples_index,month,2025-12,q3_2025_tool,2025-12|q3_2025_tool|literacy,literacy,word_writing,literacy,37.0,stack_with_caveat,crosswalk_caveat,5.0,percentile_within_panel,40.0,,
small_multiples_index,month,2025-12,q3_2025_tool,2025-12|q3_2025_tool|literacy,literacy,word_writing,literacy,37.0,stack_with_caveat,crosswalk_caveat,5.0,rank_within_panel,4.0,,
small_multiples_index,month,2025-12,q3_2025_tool,2025-12|q3_2025_tool|numeracy,numeracy,addition,numeracy,37.0,stack_with_caveat,cleared_at_2_of_3;crosswalk_caveat,5.0,pct_students_cleared,78.37837837837837,,
small_multiples_index,month,2025-12,q3_2025_tool,2025-12|q3_2025_tool|numeracy,numeracy,addition,numeracy,37.0,stack_with_caveat,cleared_at_2_of_3;crosswalk_caveat,5.0,z_within_panel,1.5689290811054726,,
small_multiples_index,month,2025-12,q3_2025_tool,2025-12|q3_2025_tool|numeracy,numeracy,addition,numeracy,37.0,stack_with_caveat,cleared_at_2_of_3;crosswalk_caveat,5.0,percentile_within_panel,100.0,,
small_multiples_index,month,2025-12,q3_2025_tool,2025-12|q3_2025_tool|numeracy,numeracy,addition,numeracy,37.0,stack_with_caveat,cleared_at_2_of_3;crosswalk_caveat,5.0,rank_within_panel,1.0,,
small_multiples_index,month,2025-12,q3_2025_tool,2025-12|q3_2025_tool|numeracy,numeracy,number_recognition,numeracy,37.0,stack_with_caveat,crosswalk_caveat,5.0,pct_students_cleared,45.94594594594595,,
small_multiples_index,month,2025-12,q3_2025_tool,2025-12|q3_2025_tool|numeracy,numeracy,number_recognition,numeracy,37.0,stack_with_caveat,crosswalk_caveat,5.0,z_within_panel,-0.7844645405527355,,
small_multiples_index,month,2025-12,q3_2025_tool,2025-12|q3_2025_tool|numeracy,numeracy,number_recognition,numeracy,37.0,stack_with_caveat,crosswalk_caveat,5.0,percentile_within_panel,40.0,,
small_multiples_index,month,2025-12,q3_2025_tool,2025-12|q3_2025_tool|numeracy,numeracy,number_recognition,numeracy,37.0,stack_with_caveat,crosswalk_caveat,5.0,rank_within_panel,4.0,,
small_multiples_index,month,2025-12,q3_2025_tool,2025-12|q3_2025_tool|numeracy,numeracy,pattern,numeracy,37.0,stack_with_caveat,cleared_at_2_of_3;crosswalk_caveat,5.0,pct_students_cleared,48.64864864864865,,
small_multiples_index,month,2025-12,q3_2025_tool,2025-12|q3_2025_tool|numeracy,numeracy,pattern,numeracy,37.0,stack_with_caveat,cleared_at_2_of_3;crosswalk_caveat,5.0,z_within_panel,-0.5883484054145515,,
small_multiples_index,month,2025-12,q3_2025_tool,2025-12|q3_2025_tool|numeracy,numeracy,pattern,numeracy,37.0,stack_with_caveat,cleared_at_2_of_3;crosswalk_caveat,5.0,percentile_within_panel,60.0,,
small_multiples_index,month,2025-12,q3_2025_tool,2025-12|q3_2025_tool|numeracy,numeracy,pattern,numeracy,37.0,stack_with_caveat,cleared_at_2_of_3;crosswalk_caveat,5.0,rank_within_panel,3.0,,
small_multiples_index,month,2025-12,q3_2025_tool,2025-12|q3_2025_tool|numeracy,numeracy,place_value_bundles,numeracy,37.0,stack_with_caveat,cleared_at_2_of_3;crosswalk_caveat,5.0,pct_students_cleared,43.24324324324324,,
small_multiples_index,month,2025-12,q3_2025_tool,2025-12|q3_2025_tool|numeracy,numeracy,place_value_bundles,numeracy,37.0,stack_with_caveat,cleared_at_2_of_3;crosswalk_caveat,5.0,z_within_panel,-0.9805806756909201,,
small_multiples_index,month,2025-12,q3_2025_tool,2025-12|q3_2025_tool|numeracy,numeracy,place_value_bundles,numeracy,37.0,stack_with_caveat,cleared_at_2_of_3;crosswalk_caveat,5.0,percentile_within_panel,20.0,,
small_multiples_index,month,2025-12,q3_2025_tool,2025-12|q3_2025_tool|numeracy,numeracy,place_value_bundles,numeracy,37.0,stack_with_caveat,cleared_at_2_of_3;crosswalk_caveat,5.0,rank_within_panel,5.0,,
small_multiples_index,month,2025-12,q3_2025_tool,2025-12|q3_2025_tool|numeracy,numeracy,subtraction,numeracy,37.0,stack_with_caveat,cleared_at_2_of_3;crosswalk_caveat,5.0,pct_students_cleared,67.56756756756756,,
small_multiples_index,month,2025-12,q3_2025_tool,2025-12|q3_2025_tool|numeracy,numeracy,subtraction,numeracy,37.0,stack_with_caveat,cleared_at_2_of_3;crosswalk_caveat,5.0,z_within_panel,0.7844645405527366,,
small_multiples_index,month,2025-12,q3_2025_tool,2025-12|q3_2025_tool|numeracy,numeracy,subtraction,numeracy,37.0,stack_with_caveat,cleared_at_2_of_3;crosswalk_caveat,5.0,percentile_within_panel,80.0,,
small_multiples_index,month,2025-12,q3_2025_tool,2025-12|q3_2025_tool|numeracy,numeracy,subtraction,numeracy,37.0,stack_with_caveat,cleared_at_2_of_3;crosswalk_caveat,5.0,rank_within_panel,2.0,,
small_multiples_index,month,2025-12,q3_2025_tool,2025-12|q3_2025_tool|all,all,letter_recognition,literacy,37.0,stack_with_caveat,crosswalk_caveat,10.0,pct_students_cleared,56.75675675675676,,
small_multiples_index,month,2025-12,q3_2025_tool,2025-12|q3_2025_tool|all,all,letter_recognition,literacy,37.0,stack_with_caveat,crosswalk_caveat,10.0,z_within_panel,0.47583095143088633,,
small_multiples_index,month,2025-12,q3_2025_tool,2025-12|q3_2025_tool|all,all,letter_recognition,literacy,37.0,stack_with_caveat,crosswalk_caveat,10.0,percentile_within_panel,80.0,,
small_multiples_index,month,2025-12,q3_2025_tool,2025-12|q3_2025_tool|all,all,letter_recognition,literacy,37.0,stack_with_caveat,crosswalk_caveat,10.0,rank_within_panel,3.0,,
small_multiples_index,month,2025-12,q3_2025_tool,2025-12|q3_2025_tool|all,all,oral_reading_fluency,literacy,37.0,stack_with_caveat,crosswalk_caveat,10.0,pct_students_cleared,32.432432432432435,,
small_multiples_index,month,2025-12,q3_2025_tool,2025-12|q3_2025_tool|all,all,oral_reading_fluency,literacy,37.0,stack_with_caveat,crosswalk_caveat,10.0,z_within_panel,-1.308535116434938,,
small_multiples_index,month,2025-12,q3_2025_tool,2025-12|q3_2025_tool|all,all,oral_reading_fluency,literacy,37.0,stack_with_caveat,crosswalk_caveat,10.0,percentile_within_panel,10.0,,
small_multiples_index,month,2025-12,q3_2025_tool,2025-12|q3_2025_tool|all,all,oral_reading_fluency,literacy,37.0,stack_with_caveat,crosswalk_caveat,10.0,rank_within_panel,10.0,,
small_multiples_index,month,2025-12,q3_2025_tool,2025-12|q3_2025_tool|all,all,reading_comprehension,literacy,37.0,stack_with_caveat,crosswalk_caveat,10.0,pct_students_cleared,40.54054054054054,,
small_multiples_index,month,2025-12,q3_2025_tool,2025-12|q3_2025_tool|all,all,reading_comprehension,literacy,37.0,stack_with_caveat,crosswalk_caveat,10.0,z_within_panel,-0.71374642714633,,
small_multiples_index,month,2025-12,q3_2025_tool,2025-12|q3_2025_tool|all,all,reading_comprehension,literacy,37.0,stack_with_caveat,crosswalk_caveat,10.0,percentile_within_panel,30.0,,
small_multiples_index,month,2025-12,q3_2025_tool,2025-12|q3_2025_tool|all,all,reading_comprehension,literacy,37.0,stack_with_caveat,crosswalk_caveat,10.0,rank_within_panel,8.0,,
small_multiples_index,month,2025-12,q3_2025_tool,2025-12|q3_2025_tool|all,all,word_reading,literacy,37.0,stack_with_caveat,crosswalk_caveat,10.0,pct_students_cleared,54.054054054054056,,
small_multiples_index,month,2025-12,q3_2025_tool,2025-12|q3_2025_tool|all,all,word_reading,literacy,37.0,stack_with_caveat,crosswalk_caveat,10.0,z_within_panel,0.27756805500135034,,
small_multiples_index,month,2025-12,q3_2025_tool,2025-12|q3_2025_tool|all,all,word_reading,literacy,37.0,stack_with_caveat,crosswalk_caveat,10.0,percentile_within_panel,70.0,,
small_multiples_index,month,2025-12,q3_2025_tool,2025-12|q3_2025_tool|all,all,word_reading,literacy,37.0,stack_with_caveat,crosswalk_caveat,10.0,rank_within_panel,4.0,,
small_multiples_index,month,2025-12,q3_2025_tool,2025-12|q3_2025_tool|all,all,word_writing,literacy,37.0,stack_with_caveat,crosswalk_caveat,10.0,pct_students_cleared,35.13513513513514,,
small_multiples_index,month,2025-12,q3_2025_tool,2025-12|q3_2025_tool|all,all,word_writing,literacy,37.0,stack_with_caveat,crosswalk_caveat,10.0,z_within_panel,-1.110272220005402,,
small_multiples_index,month,2025-12,q3_2025_tool,2025-12|q3_2025_tool|all,all,word_writing,literacy,37.0,stack_with_caveat,crosswalk_caveat,10.0,percentile_within_panel,20.0,,
small_multiples_index,month,2025-12,q3_2025_tool,2025-12|q3_2025_tool|all,all,word_writing,literacy,37.0,stack_with_caveat,crosswalk_caveat,10.0,rank_within_panel,9.0,,
small_multiples_index,month,2025-12,q3_2025_tool,2025-12|q3_2025_tool|all,all,addition,numeracy,37.0,stack_with_caveat,cleared_at_2_of_3;crosswalk_caveat,10.0,pct_students_cleared,78.37837837837837,,
small_multiples_index,month,2025-12,q3_2025_tool,2025-12|q3_2025_tool|all,all,addition,numeracy,37.0,stack_with_caveat,cleared_at_2_of_3;crosswalk_caveat,10.0,z_within_panel,2.061934122867174,,
small_multiples_index,month,2025-12,q3_2025_tool,2025-12|q3_2025_tool|all,all,addition,numeracy,37.0,stack_with_caveat,cleared_at_2_of_3;crosswalk_caveat,10.0,percentile_within_panel,100.0,,
small_multiples_index,month,2025-12,q3_2025_tool,2025-12|q3_2025_tool|all,all,addition,numeracy,37.0,stack_with_caveat,cleared_at_2_of_3;crosswalk_caveat,10.0,rank_within_panel,1.0,,
small_multiples_index,month,2025-12,q3_2025_tool,2025-12|q3_2025_tool|all,all,number_recognition,numeracy,37.0,stack_with_caveat,crosswalk_caveat,10.0,pct_students_cleared,45.94594594594595,,
small_multiples_index,month,2025-12,q3_2025_tool,2025-12|q3_2025_tool|all,all,number_recognition,numeracy,37.0,stack_with_caveat,crosswalk_caveat,10.0,z_within_panel,-0.31722063428725755,,
small_multiples_index,month,2025-12,q3_2025_tool,2025-12|q3_2025_tool|all,all,number_recognition,numeracy,37.0,stack_with_caveat,crosswalk_caveat,10.0,percentile_within_panel,50.0,,
small_multiples_index,month,2025-12,q3_2025_tool,2025-12|q3_2025_tool|all,all,number_recognition,numeracy,37.0,stack_with_caveat,crosswalk_caveat,10.0,rank_within_panel,6.0,,
small_multiples_index,month,2025-12,q3_2025_tool,2025-12|q3_2025_tool|all,all,pattern,numeracy,37.0,stack_with_caveat,cleared_at_2_of_3;crosswalk_caveat,10.0,pct_students_cleared,48.64864864864865,,
small_multiples_index,month,2025-12,q3_2025_tool,2025-12|q3_2025_tool|all,all,pattern,numeracy,37.0,stack_with_caveat,cleared_at_2_of_3;crosswalk_caveat,10.0,z_within_panel,-0.11895773785772158,,
small_multiples_index,month,2025-12,q3_2025_tool,2025-12|q3_2025_tool|all,all,pattern,numeracy,37.0,stack_with_caveat,cleared_at_2_of_3;crosswalk_caveat,10.0,percentile_within_panel,60.0,,
small_multiples_index,month,2025-12,q3_2025_tool,2025-12|q3_2025_tool|all,all,pattern,numeracy,37.0,stack_with_caveat,cleared_at_2_of_3;crosswalk_caveat,10.0,rank_within_panel,5.0,,
small_multiples_index,month,2025-12,q3_2025_tool,2025-12|q3_2025_tool|all,all,place_value_bundles,numeracy,37.0,stack_with_caveat,cleared_at_2_of_3;crosswalk_caveat,10.0,pct_students_cleared,43.24324324324324,,
small_multiples_index,month,2025-12,q3_2025_tool,2025-12|q3_2025_tool|all,all,place_value_bundles,numeracy,37.0,stack_with_caveat,cleared_at_2_of_3;crosswalk_caveat,10.0,z_within_panel,-0.5154835307167941,,
small_multiples_index,month,2025-12,q3_2025_tool,2025-12|q3_2025_tool|all,all,place_value_bundles,numeracy,37.0,stack_with_caveat,cleared_at_2_of_3;crosswalk_caveat,10.0,percentile_within_panel,40.0,,
small_multiples_index,month,2025-12,q3_2025_tool,2025-12|q3_2025_tool|all,all,place_value_bundles,numeracy,37.0,stack_with_caveat,cleared_at_2_of_3;crosswalk_caveat,10.0,rank_within_panel,7.0,,
small_multiples_index,month,2025-12,q3_2025_tool,2025-12|q3_2025_tool|all,all,subtraction,numeracy,37.0,stack_with_caveat,cleared_at_2_of_3;crosswalk_caveat,10.0,pct_students_cleared,67.56756756756756,,
small_multiples_index,month,2025-12,q3_2025_tool,2025-12|q3_2025_tool|all,all,subtraction,numeracy,37.0,stack_with_caveat,cleared_at_2_of_3;crosswalk_caveat,10.0,z_within_panel,1.2688825371490302,,
small_multiples_index,month,2025-12,q3_2025_tool,2025-12|q3_2025_tool|all,all,subtraction,numeracy,37.0,stack_with_caveat,cleared_at_2_of_3;crosswalk_caveat,10.0,percentile_within_panel,90.0,,
small_multiples_index,month,2025-12,q3_2025_tool,2025-12|q3_2025_tool|all,all,subtraction,numeracy,37.0,stack_with_caveat,cleared_at_2_of_3;crosswalk_caveat,10.0,rank_within_panel,2.0,,
small_multiples_index,month,2026-03,did_midline,2026-03|did_midline|literacy,literacy,independent_writing,literacy,177.0,single_source,slide_band_gt75_not_ge75;single_source,11.0,pct_students_cleared,28.0,,
small_multiples_index,month,2026-03,did_midline,2026-03|did_midline|literacy,literacy,independent_writing,literacy,177.0,single_source,slide_band_gt75_not_ge75;single_source,11.0,z_within_panel,-1.2695497340051793,,
small_multiples_index,month,2026-03,did_midline,2026-03|did_midline|literacy,literacy,independent_writing,literacy,177.0,single_source,slide_band_gt75_not_ge75;single_source,11.0,percentile_within_panel,9.090909090909092,,
small_multiples_index,month,2026-03,did_midline,2026-03|did_midline|literacy,literacy,independent_writing,literacy,177.0,single_source,slide_band_gt75_not_ge75;single_source,11.0,rank_within_panel,11.0,,
small_multiples_index,month,2026-03,did_midline,2026-03|did_midline|literacy,literacy,letter_writing,literacy,177.0,stack,slide_band_gt75_not_ge75,11.0,pct_students_cleared,80.0,,
small_multiples_index,month,2026-03,did_midline,2026-03|did_midline|literacy,literacy,letter_writing,literacy,177.0,stack,slide_band_gt75_not_ge75,11.0,z_within_panel,0.9786931385984197,,
small_multiples_index,month,2026-03,did_midline,2026-03|did_midline|literacy,literacy,letter_writing,literacy,177.0,stack,slide_band_gt75_not_ge75,11.0,percentile_within_panel,81.81818181818183,,
small_multiples_index,month,2026-03,did_midline,2026-03|did_midline|literacy,literacy,letter_writing,literacy,177.0,stack,slide_band_gt75_not_ge75,11.0,rank_within_panel,3.0,,
small_multiples_index,month,2026-03,did_midline,2026-03|did_midline|literacy,literacy,listening_comprehension,literacy,177.0,stack,slide_band_gt75_not_ge75,11.0,pct_students_cleared,38.0,,
small_multiples_index,month,2026-03,did_midline,2026-03|did_midline|literacy,literacy,listening_comprehension,literacy,177.0,stack,slide_band_gt75_not_ge75,11.0,z_within_panel,-0.8371953354275641,,
small_multiples_index,month,2026-03,did_midline,2026-03|did_midline|literacy,literacy,listening_comprehension,literacy,177.0,stack,slide_band_gt75_not_ge75,11.0,percentile_within_panel,22.727272727272727,,
small_multiples_index,month,2026-03,did_midline,2026-03|did_midline|literacy,literacy,listening_comprehension,literacy,177.0,stack,slide_band_gt75_not_ge75,11.0,rank_within_panel,9.0,,
small_multiples_index,month,2026-03,did_midline,2026-03|did_midline|literacy,literacy,oral_reading_fluency,literacy,177.0,stack_with_caveat,slide_band_gt75_not_ge75;crosswalk_caveat,11.0,pct_students_cleared,38.0,,
small_multiples_index,month,2026-03,did_midline,2026-03|did_midline|literacy,literacy,oral_reading_fluency,literacy,177.0,stack_with_caveat,slide_band_gt75_not_ge75;crosswalk_caveat,11.0,z_within_panel,-0.8371953354275641,,
small_multiples_index,month,2026-03,did_midline,2026-03|did_midline|literacy,literacy,oral_reading_fluency,literacy,177.0,stack_with_caveat,slide_band_gt75_not_ge75;crosswalk_caveat,11.0,percentile_within_panel,22.727272727272727,,
small_multiples_index,month,2026-03,did_midline,2026-03|did_midline|literacy,literacy,oral_reading_fluency,literacy,177.0,stack_with_caveat,slide_band_gt75_not_ge75;crosswalk_caveat,11.0,rank_within_panel,9.0,,
small_multiples_index,month,2026-03,did_midline,2026-03|did_midline|literacy,literacy,oral_vocabulary,literacy,177.0,stack,ceiling;slide_band_gt75_not_ge75,11.0,pct_students_cleared,100.0,,
small_multiples_index,month,2026-03,did_midline,2026-03|did_midline|literacy,literacy,oral_vocabulary,literacy,177.0,stack,ceiling;slide_band_gt75_not_ge75,11.0,z_within_panel,1.8434019357536502,,
small_multiples_index,month,2026-03,did_midline,2026-03|did_midline|literacy,literacy,oral_vocabulary,literacy,177.0,stack,ceiling;slide_band_gt75_not_ge75,11.0,percentile_within_panel,100.0,,
small_multiples_index,month,2026-03,did_midline,2026-03|did_midline|literacy,literacy,oral_vocabulary,literacy,177.0,stack,ceiling;slide_band_gt75_not_ge75,11.0,rank_within_panel,1.0,,
small_multiples_index,month,2026-03,did_midline,2026-03|did_midline|literacy,literacy,picture_comprehension,literacy,177.0,stack,slide_band_gt75_not_ge75,11.0,pct_students_cleared,91.0,,
small_multiples_index,month,2026-03,did_midline,2026-03|did_midline|literacy,literacy,picture_comprehension,literacy,177.0,stack,slide_band_gt75_not_ge75,11.0,z_within_panel,1.4542829770337964,,
small_multiples_index,month,2026-03,did_midline,2026-03|did_midline|literacy,literacy,picture_comprehension,literacy,177.0,stack,slide_band_gt75_not_ge75,11.0,percentile_within_panel,90.9090909090909,,
small_multiples_index,month,2026-03,did_midline,2026-03|did_midline|literacy,literacy,picture_comprehension,literacy,177.0,stack,slide_band_gt75_not_ge75,11.0,rank_within_panel,2.0,,
small_multiples_index,month,2026-03,did_midline,2026-03|did_midline|literacy,literacy,reading_comprehension,literacy,177.0,stack_with_caveat,slide_band_gt75_not_ge75;crosswalk_caveat,11.0,pct_students_cleared,47.0,,
small_multiples_index,month,2026-03,did_midline,2026-03|did_midline|literacy,literacy,reading_comprehension,literacy,177.0,stack_with_caveat,slide_band_gt75_not_ge75;crosswalk_caveat,11.0,z_within_panel,-0.44807637670771044,,
small_multiples_index,month,2026-03,did_midline,2026-03|did_midline|literacy,literacy,reading_comprehension,literacy,177.0,stack_with_caveat,slide_band_gt75_not_ge75;crosswalk_caveat,11.0,percentile_within_panel,54.54545454545454,,
small_multiples_index,month,2026-03,did_midline,2026-03|did_midline|literacy,literacy,reading_comprehension,literacy,177.0,stack_with_caveat,slide_band_gt75_not_ge75;crosswalk_caveat,11.0,rank_within_panel,6.0,,
small_multiples_index,month,2026-03,did_midline,2026-03|did_midline|literacy,literacy,sentence_reading,literacy,177.0,stack_with_caveat,slide_band_gt75_not_ge75;crosswalk_caveat,11.0,pct_students_cleared,57.0,,
small_multiples_index,month,2026-03,did_midline,2026-03|did_midline|literacy,literacy,sentence_reading,literacy,177.0,stack_with_caveat,slide_band_gt75_not_ge75;crosswalk_caveat,11.0,z_within_panel,-0.015721978130095238,,
small_multiples_index,month,2026-03,did_midline,2026-03|did_midline|literacy,literacy,sentence_reading,literacy,177.0,stack_with_caveat,slide_band_gt75_not_ge75;crosswalk_caveat,11.0,percentile_within_panel,63.63636363636363,,
small_multiples_index,month,2026-03,did_midline,2026-03|did_midline|literacy,literacy,sentence_reading,literacy,177.0,stack_with_caveat,slide_band_gt75_not_ge75;crosswalk_caveat,11.0,rank_within_panel,5.0,,
small_multiples_index,month,2026-03,did_midline,2026-03|did_midline|literacy,literacy,sentence_writing,literacy,177.0,single_source,slide_band_gt75_not_ge75;single_source,11.0,pct_students_cleared,39.0,,
small_multiples_index,month,2026-03,did_midline,2026-03|did_midline|literacy,literacy,sentence_writing,literacy,177.0,single_source,slide_band_gt75_not_ge75;single_source,11.0,z_within_panel,-0.7939598955698026,,
small_multiples_index,month,2026-03,did_midline,2026-03|did_midline|literacy,literacy,sentence_writing,literacy,177.0,single_source,slide_band_gt75_not_ge75;single_source,11.0,percentile_within_panel,36.36363636363637,,
small_multiples_index,month,2026-03,did_midline,2026-03|did_midline|literacy,literacy,sentence_writing,literacy,177.0,single_source,slide_band_gt75_not_ge75;single_source,11.0,rank_within_panel,8.0,,
small_multiples_index,month,2026-03,did_midline,2026-03|did_midline|literacy,literacy,word_reading,literacy,177.0,stack_with_caveat,slide_band_gt75_not_ge75;crosswalk_caveat,11.0,pct_students_cleared,70.0,,
small_multiples_index,month,2026-03,did_midline,2026-03|did_midline|literacy,literacy,word_reading,literacy,177.0,stack_with_caveat,slide_band_gt75_not_ge75;crosswalk_caveat,11.0,z_within_panel,0.5463387400208045,,
small_multiples_index,month,2026-03,did_midline,2026-03|did_midline|literacy,literacy,word_reading,literacy,177.0,stack_with_caveat,slide_band_gt75_not_ge75;crosswalk_caveat,11.0,percentile_within_panel,72.72727272727273,,
small_multiples_index,month,2026-03,did_midline,2026-03|did_midline|literacy,literacy,word_reading,literacy,177.0,stack_with_caveat,slide_band_gt75_not_ge75;crosswalk_caveat,11.0,rank_within_panel,4.0,,
small_multiples_index,month,2026-03,did_midline,2026-03|did_midline|literacy,literacy,word_writing,literacy,177.0,stack,slide_band_gt75_not_ge75,11.0,pct_students_cleared,43.0,,
small_multiples_index,month,2026-03,did_midline,2026-03|did_midline|literacy,literacy,word_writing,literacy,177.0,stack,slide_band_gt75_not_ge75,11.0,z_within_panel,-0.6210181361387566,,
small_multiples_index,month,2026-03,did_midline,2026-03|did_midline|literacy,literacy,word_writing,literacy,177.0,stack,slide_band_gt75_not_ge75,11.0,percentile_within_panel,45.45454545454545,,
small_multiples_index,month,2026-03,did_midline,2026-03|did_midline|literacy,literacy,word_writing,literacy,177.0,stack,slide_band_gt75_not_ge75,11.0,rank_within_panel,7.0,,
small_multiples_index,month,2026-03,did_midline,2026-03|did_midline|numeracy,numeracy,addition_2digit,numeracy,177.0,stack,slide_band_gt75_not_ge75,13.0,pct_students_cleared,31.0,,
small_multiples_index,month,2026-03,did_midline,2026-03|did_midline|numeracy,numeracy,addition_2digit,numeracy,177.0,stack,slide_band_gt75_not_ge75,13.0,z_within_panel,-0.21613662357806443,,
small_multiples_index,month,2026-03,did_midline,2026-03|did_midline|numeracy,numeracy,addition_2digit,numeracy,177.0,stack,slide_band_gt75_not_ge75,13.0,percentile_within_panel,53.84615384615385,,
small_multiples_index,month,2026-03,did_midline,2026-03|did_midline|numeracy,numeracy,addition_2digit,numeracy,177.0,stack,slide_band_gt75_not_ge75,13.0,rank_within_panel,7.0,,
small_multiples_index,month,2026-03,did_midline,2026-03|did_midline|numeracy,numeracy,data_handling,numeracy,177.0,stack,slide_band_gt75_not_ge75,13.0,pct_students_cleared,30.0,,
small_multiples_index,month,2026-03,did_midline,2026-03|did_midline|numeracy,numeracy,data_handling,numeracy,177.0,stack,slide_band_gt75_not_ge75,13.0,z_within_panel,-0.2712302727254142,,
small_multiples_index,month,2026-03,did_midline,2026-03|did_midline|numeracy,numeracy,data_handling,numeracy,177.0,stack,slide_band_gt75_not_ge75,13.0,percentile_within_panel,46.15384615384615,,
small_multiples_index,month,2026-03,did_midline,2026-03|did_midline|numeracy,numeracy,data_handling,numeracy,177.0,stack,slide_band_gt75_not_ge75,13.0,rank_within_panel,8.0,,
small_multiples_index,month,2026-03,did_midline,2026-03|did_midline|numeracy,numeracy,measurement,numeracy,177.0,stack,slide_band_gt75_not_ge75,13.0,pct_students_cleared,72.0,,
small_multiples_index,month,2026-03,did_midline,2026-03|did_midline|numeracy,numeracy,measurement,numeracy,177.0,stack,slide_band_gt75_not_ge75,13.0,z_within_panel,2.0427029914632775,,
small_multiples_index,month,2026-03,did_midline,2026-03|did_midline|numeracy,numeracy,measurement,numeracy,177.0,stack,slide_band_gt75_not_ge75,13.0,percentile_within_panel,100.0,,
small_multiples_index,month,2026-03,did_midline,2026-03|did_midline|numeracy,numeracy,measurement,numeracy,177.0,stack,slide_band_gt75_not_ge75,13.0,rank_within_panel,1.0,,
small_multiples_index,month,2026-03,did_midline,2026-03|did_midline|numeracy,numeracy,multiplication,numeracy,177.0,stack,slide_band_gt75_not_ge75,13.0,pct_students_cleared,39.0,,
small_multiples_index,month,2026-03,did_midline,2026-03|did_midline|numeracy,numeracy,multiplication,numeracy,177.0,stack,slide_band_gt75_not_ge75,13.0,z_within_panel,0.224612569600734,,
small_multiples_index,month,2026-03,did_midline,2026-03|did_midline|numeracy,numeracy,multiplication,numeracy,177.0,stack,slide_band_gt75_not_ge75,13.0,percentile_within_panel,69.23076923076923,,
small_multiples_index,month,2026-03,did_midline,2026-03|did_midline|numeracy,numeracy,multiplication,numeracy,177.0,stack,slide_band_gt75_not_ge75,13.0,rank_within_panel,5.0,,
small_multiples_index,month,2026-03,did_midline,2026-03|did_midline|numeracy,numeracy,number_comparison,numeracy,177.0,stack,slide_band_gt75_not_ge75,13.0,pct_students_cleared,58.0,,
small_multiples_index,month,2026-03,did_midline,2026-03|did_midline|numeracy,numeracy,number_comparison,numeracy,177.0,stack,slide_band_gt75_not_ge75,13.0,z_within_panel,1.2713919034003802,,
small_multiples_index,month,2026-03,did_midline,2026-03|did_midline|numeracy,numeracy,number_comparison,numeracy,177.0,stack,slide_band_gt75_not_ge75,13.0,percentile_within_panel,92.3076923076923,,
small_multiples_index,month,2026-03,did_midline,2026-03|did_midline|numeracy,numeracy,number_comparison,numeracy,177.0,stack,slide_band_gt75_not_ge75,13.0,rank_within_panel,2.0,,
small_multiples_index,month,2026-03,did_midline,2026-03|did_midline|numeracy,numeracy,number_pattern,numeracy,177.0,stack,slide_band_gt75_not_ge75,13.0,pct_students_cleared,10.0,,
small_multiples_index,month,2026-03,did_midline,2026-03|did_midline|numeracy,numeracy,number_pattern,numeracy,177.0,stack,slide_band_gt75_not_ge75,13.0,z_within_panel,-1.3731032556724103,,
small_multiples_index,month,2026-03,did_midline,2026-03|did_midline|numeracy,numeracy,number_pattern,numeracy,177.0,stack,slide_band_gt75_not_ge75,13.0,percentile_within_panel,15.384615384615385,,
small_multiples_index,month,2026-03,did_midline,2026-03|did_midline|numeracy,numeracy,number_pattern,numeracy,177.0,stack,slide_band_gt75_not_ge75,13.0,rank_within_panel,12.0,,
small_multiples_index,month,2026-03,did_midline,2026-03|did_midline|numeracy,numeracy,number_recognition,numeracy,177.0,stack,slide_band_gt75_not_ge75,13.0,pct_students_cleared,52.0,,
small_multiples_index,month,2026-03,did_midline,2026-03|did_midline|numeracy,numeracy,number_recognition,numeracy,177.0,stack,slide_band_gt75_not_ge75,13.0,z_within_panel,0.9408300085162814,,
small_multiples_index,month,2026-03,did_midline,2026-03|did_midline|numeracy,numeracy,number_recognition,numeracy,177.0,stack,slide_band_gt75_not_ge75,13.0,percentile_within_panel,84.61538461538461,,
small_multiples_index,month,2026-03,did_midline,2026-03|did_midline|numeracy,numeracy,number_recognition,numeracy,177.0,stack,slide_band_gt75_not_ge75,13.0,rank_within_panel,3.0,,
small_multiples_index,month,2026-03,did_midline,2026-03|did_midline|numeracy,numeracy,number_writing,numeracy,177.0,stack,slide_band_gt75_not_ge75,13.0,pct_students_cleared,48.0,,
small_multiples_index,month,2026-03,did_midline,2026-03|did_midline|numeracy,numeracy,number_writing,numeracy,177.0,stack,slide_band_gt75_not_ge75,13.0,z_within_panel,0.7204554119268822,,
small_multiples_index,month,2026-03,did_midline,2026-03|did_midline|numeracy,numeracy,number_writing,numeracy,177.0,stack,slide_band_gt75_not_ge75,13.0,percentile_within_panel,76.92307692307693,,
small_multiples_index,month,2026-03,did_midline,2026-03|did_midline|numeracy,numeracy,number_writing,numeracy,177.0,stack,slide_band_gt75_not_ge75,13.0,rank_within_panel,4.0,,
small_multiples_index,month,2026-03,did_midline,2026-03|did_midline|numeracy,numeracy,place_value_bundles,numeracy,177.0,stack_with_caveat,slide_band_gt75_not_ge75;crosswalk_caveat,13.0,pct_students_cleared,29.0,,
small_multiples_index,month,2026-03,did_midline,2026-03|did_midline|numeracy,numeracy,place_value_bundles,numeracy,177.0,stack_with_caveat,slide_band_gt75_not_ge75;crosswalk_caveat,13.0,z_within_panel,-0.32632392187276404,,
small_multiples_index,month,2026-03,did_midline,2026-03|did_midline|numeracy,numeracy,place_value_bundles,numeracy,177.0,stack_with_caveat,slide_band_gt75_not_ge75;crosswalk_caveat,13.0,percentile_within_panel,38.46153846153847,,
small_multiples_index,month,2026-03,did_midline,2026-03|did_midline|numeracy,numeracy,place_value_bundles,numeracy,177.0,stack_with_caveat,slide_band_gt75_not_ge75;crosswalk_caveat,13.0,rank_within_panel,9.0,,
small_multiples_index,month,2026-03,did_midline,2026-03|did_midline|numeracy,numeracy,shapes_midline_unspecified,numeracy,177.0,single_source,slide_band_gt75_not_ge75;single_source,13.0,pct_students_cleared,4.0,,
small_multiples_index,month,2026-03,did_midline,2026-03|did_midline|numeracy,numeracy,shapes_midline_unspecified,numeracy,177.0,single_source,slide_band_gt75_not_ge75;single_source,13.0,z_within_panel,-1.703665150556509,,
small_multiples_index,month,2026-03,did_midline,2026-03|did_midline|numeracy,numeracy,shapes_midline_unspecified,numeracy,177.0,single_source,slide_band_gt75_not_ge75;single_source,13.0,percentile_within_panel,7.6923076923076925,,
small_multiples_index,month,2026-03,did_midline,2026-03|did_midline|numeracy,numeracy,shapes_midline_unspecified,numeracy,177.0,single_source,slide_band_gt75_not_ge75;single_source,13.0,rank_within_panel,13.0,,
small_multiples_index,month,2026-03,did_midline,2026-03|did_midline|numeracy,numeracy,subtraction_2digit,numeracy,177.0,stack,slide_band_gt75_not_ge75,13.0,pct_students_cleared,25.0,,
small_multiples_index,month,2026-03,did_midline,2026-03|did_midline|numeracy,numeracy,subtraction_2digit,numeracy,177.0,stack,slide_band_gt75_not_ge75,13.0,z_within_panel,-0.5466985184621632,,
small_multiples_index,month,2026-03,did_midline,2026-03|did_midline|numeracy,numeracy,subtraction_2digit,numeracy,177.0,stack,slide_band_gt75_not_ge75,13.0,percentile_within_panel,30.76923076923077,,
small_multiples_index,month,2026-03,did_midline,2026-03|did_midline|numeracy,numeracy,subtraction_2digit,numeracy,177.0,stack,slide_band_gt75_not_ge75,13.0,rank_within_panel,10.0,,
small_multiples_index,month,2026-03,did_midline,2026-03|did_midline|numeracy,numeracy,word_problem_addition,numeracy,177.0,stack,slide_band_gt75_not_ge75,13.0,pct_students_cleared,33.0,,
small_multiples_index,month,2026-03,did_midline,2026-03|did_midline|numeracy,numeracy,word_problem_addition,numeracy,177.0,stack,slide_band_gt75_not_ge75,13.0,z_within_panel,-0.10594932528336483,,
small_multiples_index,month,2026-03,did_midline,2026-03|did_midline|numeracy,numeracy,word_problem_addition,numeracy,177.0,stack,slide_band_gt75_not_ge75,13.0,percentile_within_panel,61.53846153846154,,
small_multiples_index,month,2026-03,did_midline,2026-03|did_midline|numeracy,numeracy,word_problem_addition,numeracy,177.0,stack,slide_band_gt75_not_ge75,13.0,rank_within_panel,6.0,,
small_multiples_index,month,2026-03,did_midline,2026-03|did_midline|numeracy,numeracy,word_problem_subtraction,numeracy,177.0,stack,slide_band_gt75_not_ge75,13.0,pct_students_cleared,23.0,,
small_multiples_index,month,2026-03,did_midline,2026-03|did_midline|numeracy,numeracy,word_problem_subtraction,numeracy,177.0,stack,slide_band_gt75_not_ge75,13.0,z_within_panel,-0.6568858167568629,,
small_multiples_index,month,2026-03,did_midline,2026-03|did_midline|numeracy,numeracy,word_problem_subtraction,numeracy,177.0,stack,slide_band_gt75_not_ge75,13.0,percentile_within_panel,23.076923076923077,,
small_multiples_index,month,2026-03,did_midline,2026-03|did_midline|numeracy,numeracy,word_problem_subtraction,numeracy,177.0,stack,slide_band_gt75_not_ge75,13.0,rank_within_panel,11.0,,
small_multiples_index,month,2026-03,did_midline,2026-03|did_midline|all,all,independent_writing,literacy,177.0,single_source,slide_band_gt75_not_ge75;single_source,24.0,pct_students_cleared,28.0,,
small_multiples_index,month,2026-03,did_midline,2026-03|did_midline|all,all,independent_writing,literacy,177.0,single_source,slide_band_gt75_not_ge75;single_source,24.0,z_within_panel,-0.7346579945853062,,
small_multiples_index,month,2026-03,did_midline,2026-03|did_midline|all,all,independent_writing,literacy,177.0,single_source,slide_band_gt75_not_ge75;single_source,24.0,percentile_within_panel,20.833333333333336,,
small_multiples_index,month,2026-03,did_midline,2026-03|did_midline|all,all,independent_writing,literacy,177.0,single_source,slide_band_gt75_not_ge75;single_source,24.0,rank_within_panel,20.0,,
small_multiples_index,month,2026-03,did_midline,2026-03|did_midline|all,all,letter_writing,literacy,177.0,stack,slide_band_gt75_not_ge75,24.0,pct_students_cleared,80.0,,
small_multiples_index,month,2026-03,did_midline,2026-03|did_midline|all,all,letter_writing,literacy,177.0,stack,slide_band_gt75_not_ge75,24.0,z_within_panel,1.4853254854206552,,
small_multiples_index,month,2026-03,did_midline,2026-03|did_midline|all,all,letter_writing,literacy,177.0,stack,slide_band_gt75_not_ge75,24.0,percentile_within_panel,91.66666666666666,,
small_multiples_index,month,2026-03,did_midline,2026-03|did_midline|all,all,letter_writing,literacy,177.0,stack,slide_band_gt75_not_ge75,24.0,rank_within_panel,3.0,,
small_multiples_index,month,2026-03,did_midline,2026-03|did_midline|all,all,listening_comprehension,literacy,177.0,stack,slide_band_gt75_not_ge75,24.0,pct_students_cleared,38.0,,
small_multiples_index,month,2026-03,did_midline,2026-03|did_midline|all,all,listening_comprehension,literacy,177.0,stack,slide_band_gt75_not_ge75,24.0,z_within_panel,-0.3077380945841598,,
small_multiples_index,month,2026-03,did_midline,2026-03|did_midline|all,all,listening_comprehension,literacy,177.0,stack,slide_band_gt75_not_ge75,24.0,percentile_within_panel,43.75,,
small_multiples_index,month,2026-03,did_midline,2026-03|did_midline|all,all,listening_comprehension,literacy,177.0,stack,slide_band_gt75_not_ge75,24.0,rank_within_panel,14.0,,
small_multiples_index,month,2026-03,did_midline,2026-03|did_midline|all,all,oral_reading_fluency,literacy,177.0,stack_with_caveat,slide_band_gt75_not_ge75;crosswalk_caveat,24.0,pct_students_cleared,38.0,,
small_multiples_index,month,2026-03,did_midline,2026-03|did_midline|all,all,oral_reading_fluency,literacy,177.0,stack_with_caveat,slide_band_gt75_not_ge75;crosswalk_caveat,24.0,z_within_panel,-0.3077380945841598,,
small_multiples_index,month,2026-03,did_midline,2026-03|did_midline|all,all,oral_reading_fluency,literacy,177.0,stack_with_caveat,slide_band_gt75_not_ge75;crosswalk_caveat,24.0,percentile_within_panel,43.75,,
small_multiples_index,month,2026-03,did_midline,2026-03|did_midline|all,all,oral_reading_fluency,literacy,177.0,stack_with_caveat,slide_band_gt75_not_ge75;crosswalk_caveat,24.0,rank_within_panel,14.0,,
small_multiples_index,month,2026-03,did_midline,2026-03|did_midline|all,all,oral_vocabulary,literacy,177.0,stack,ceiling;slide_band_gt75_not_ge75,24.0,pct_students_cleared,100.0,,
small_multiples_index,month,2026-03,did_midline,2026-03|did_midline|all,all,oral_vocabulary,literacy,177.0,stack,ceiling;slide_band_gt75_not_ge75,24.0,z_within_panel,2.339165285422948,,
small_multiples_index,month,2026-03,did_midline,2026-03|did_midline|all,all,oral_vocabulary,literacy,177.0,stack,ceiling;slide_band_gt75_not_ge75,24.0,percentile_within_panel,100.0,,
small_multiples_index,month,2026-03,did_midline,2026-03|did_midline|all,all,oral_vocabulary,literacy,177.0,stack,ceiling;slide_band_gt75_not_ge75,24.0,rank_within_panel,1.0,,
small_multiples_index,month,2026-03,did_midline,2026-03|did_midline|all,all,picture_comprehension,literacy,177.0,stack,slide_band_gt75_not_ge75,24.0,pct_students_cleared,91.0,,
small_multiples_index,month,2026-03,did_midline,2026-03|did_midline|all,all,picture_comprehension,literacy,177.0,stack,slide_band_gt75_not_ge75,24.0,z_within_panel,1.9549373754219161,,
small_multiples_index,month,2026-03,did_midline,2026-03|did_midline|all,all,picture_comprehension,literacy,177.0,stack,slide_band_gt75_not_ge75,24.0,percentile_within_panel,95.83333333333334,,
small_multiples_index,month,2026-03,did_midline,2026-03|did_midline|all,all,picture_comprehension,literacy,177.0,stack,slide_band_gt75_not_ge75,24.0,rank_within_panel,2.0,,
small_multiples_index,month,2026-03,did_midline,2026-03|did_midline|all,all,reading_comprehension,literacy,177.0,stack_with_caveat,slide_band_gt75_not_ge75;crosswalk_caveat,24.0,pct_students_cleared,47.0,,
small_multiples_index,month,2026-03,did_midline,2026-03|did_midline|all,all,reading_comprehension,literacy,177.0,stack_with_caveat,slide_band_gt75_not_ge75;crosswalk_caveat,24.0,z_within_panel,0.07648981541687197,,
small_multiples_index,month,2026-03,did_midline,2026-03|did_midline|all,all,reading_comprehension,literacy,177.0,stack_with_caveat,slide_band_gt75_not_ge75;crosswalk_caveat,24.0,percentile_within_panel,62.5,,
small_multiples_index,month,2026-03,did_midline,2026-03|did_midline|all,all,reading_comprehension,literacy,177.0,stack_with_caveat,slide_band_gt75_not_ge75;crosswalk_caveat,24.0,rank_within_panel,10.0,,
small_multiples_index,month,2026-03,did_midline,2026-03|did_midline|all,all,sentence_reading,literacy,177.0,stack_with_caveat,slide_band_gt75_not_ge75;crosswalk_caveat,24.0,pct_students_cleared,57.0,,
small_multiples_index,month,2026-03,did_midline,2026-03|did_midline|all,all,sentence_reading,literacy,177.0,stack_with_caveat,slide_band_gt75_not_ge75;crosswalk_caveat,24.0,z_within_panel,0.5034097154180184,,
small_multiples_index,month,2026-03,did_midline,2026-03|did_midline|all,all,sentence_reading,literacy,177.0,stack_with_caveat,slide_band_gt75_not_ge75;crosswalk_caveat,24.0,percentile_within_panel,75.0,,
small_multiples_index,month,2026-03,did_midline,2026-03|did_midline|all,all,sentence_reading,literacy,177.0,stack_with_caveat,slide_band_gt75_not_ge75;crosswalk_caveat,24.0,rank_within_panel,7.0,,
small_multiples_index,month,2026-03,did_midline,2026-03|did_midline|all,all,sentence_writing,literacy,177.0,single_source,slide_band_gt75_not_ge75;single_source,24.0,pct_students_cleared,39.0,,
small_multiples_index,month,2026-03,did_midline,2026-03|did_midline|all,all,sentence_writing,literacy,177.0,single_source,slide_band_gt75_not_ge75;single_source,24.0,z_within_panel,-0.26504610458404515,,
small_multiples_index,month,2026-03,did_midline,2026-03|did_midline|all,all,sentence_writing,literacy,177.0,single_source,slide_band_gt75_not_ge75;single_source,24.0,percentile_within_panel,52.083333333333336,,
small_multiples_index,month,2026-03,did_midline,2026-03|did_midline|all,all,sentence_writing,literacy,177.0,single_source,slide_band_gt75_not_ge75;single_source,24.0,rank_within_panel,12.0,,
small_multiples_index,month,2026-03,did_midline,2026-03|did_midline|all,all,word_reading,literacy,177.0,stack_with_caveat,slide_band_gt75_not_ge75;crosswalk_caveat,24.0,pct_students_cleared,70.0,,
small_multiples_index,month,2026-03,did_midline,2026-03|did_midline|all,all,word_reading,literacy,177.0,stack_with_caveat,slide_band_gt75_not_ge75;crosswalk_caveat,24.0,z_within_panel,1.0584055854195087,,
small_multiples_index,month,2026-03,did_midline,2026-03|did_midline|all,all,word_reading,literacy,177.0,stack_with_caveat,slide_band_gt75_not_ge75;crosswalk_caveat,24.0,percentile_within_panel,83.33333333333334,,
small_multiples_index,month,2026-03,did_midline,2026-03|did_midline|all,all,word_reading,literacy,177.0,stack_with_caveat,slide_band_gt75_not_ge75;crosswalk_caveat,24.0,rank_within_panel,5.0,,
small_multiples_index,month,2026-03,did_midline,2026-03|did_midline|all,all,word_writing,literacy,177.0,stack,slide_band_gt75_not_ge75,24.0,pct_students_cleared,43.0,,
small_multiples_index,month,2026-03,did_midline,2026-03|did_midline|all,all,word_writing,literacy,177.0,stack,slide_band_gt75_not_ge75,24.0,z_within_panel,-0.0942781445835866,,
small_multiples_index,month,2026-03,did_midline,2026-03|did_midline|all,all,word_writing,literacy,177.0,stack,slide_band_gt75_not_ge75,24.0,percentile_within_panel,58.333333333333336,,
small_multiples_index,month,2026-03,did_midline,2026-03|did_midline|all,all,word_writing,literacy,177.0,stack,slide_band_gt75_not_ge75,24.0,rank_within_panel,11.0,,
small_multiples_index,month,2026-03,did_midline,2026-03|did_midline|all,all,addition_2digit,numeracy,177.0,stack,slide_band_gt75_not_ge75,24.0,pct_students_cleared,31.0,,
small_multiples_index,month,2026-03,did_midline,2026-03|did_midline|all,all,addition_2digit,numeracy,177.0,stack,slide_band_gt75_not_ge75,24.0,z_within_panel,-0.6065820245849624,,
small_multiples_index,month,2026-03,did_midline,2026-03|did_midline|all,all,addition_2digit,numeracy,177.0,stack,slide_band_gt75_not_ge75,24.0,percentile_within_panel,33.33333333333333,,
small_multiples_index,month,2026-03,did_midline,2026-03|did_midline|all,all,addition_2digit,numeracy,177.0,stack,slide_band_gt75_not_ge75,24.0,rank_within_panel,17.0,,
small_multiples_index,month,2026-03,did_midline,2026-03|did_midline|all,all,data_handling,numeracy,177.0,stack,slide_band_gt75_not_ge75,24.0,pct_students_cleared,30.0,,
small_multiples_index,month,2026-03,did_midline,2026-03|did_midline|all,all,data_handling,numeracy,177.0,stack,slide_band_gt75_not_ge75,24.0,z_within_panel,-0.6492740145850769,,
small_multiples_index,month,2026-03,did_midline,2026-03|did_midline|all,all,data_handling,numeracy,177.0,stack,slide_band_gt75_not_ge75,24.0,percentile_within_panel,29.166666666666668,,
small_multiples_index,month,2026-03,did_midline,2026-03|did_midline|all,all,data_handling,numeracy,177.0,stack,slide_band_gt75_not_ge75,24.0,rank_within_panel,18.0,,
small_multiples_index,month,2026-03,did_midline,2026-03|did_midline|all,all,measurement,numeracy,177.0,stack,slide_band_gt75_not_ge75,24.0,pct_students_cleared,72.0,,
small_multiples_index,month,2026-03,did_midline,2026-03|did_midline|all,all,measurement,numeracy,177.0,stack,slide_band_gt75_not_ge75,24.0,z_within_panel,1.143789565419738,,
small_multiples_index,month,2026-03,did_midline,2026-03|did_midline|all,all,measurement,numeracy,177.0,stack,slide_band_gt75_not_ge75,24.0,percentile_within_panel,87.5,,
small_multiples_index,month,2026-03,did_midline,2026-03|did_midline|all,all,measurement,numeracy,177.0,stack,slide_band_gt75_not_ge75,24.0,rank_within_panel,4.0,,
small_multiples_index,month,2026-03,did_midline,2026-03|did_midline|all,all,multiplication,numeracy,177.0,stack,slide_band_gt75_not_ge75,24.0,pct_students_cleared,39.0,,
small_multiples_index,month,2026-03,did_midline,2026-03|did_midline|all,all,multiplication,numeracy,177.0,stack,slide_band_gt75_not_ge75,24.0,z_within_panel,-0.26504610458404515,,
small_multiples_index,month,2026-03,did_midline,2026-03|did_midline|all,all,multiplication,numeracy,177.0,stack,slide_band_gt75_not_ge75,24.0,percentile_within_panel,52.083333333333336,,
small_multiples_index,month,2026-03,did_midline,2026-03|did_midline|all,all,multiplication,numeracy,177.0,stack,slide_band_gt75_not_ge75,24.0,rank_within_panel,12.0,,
small_multiples_index,month,2026-03,did_midline,2026-03|did_midline|all,all,number_comparison,numeracy,177.0,stack,slide_band_gt75_not_ge75,24.0,pct_students_cleared,58.0,,
small_multiples_index,month,2026-03,did_midline,2026-03|did_midline|all,all,number_comparison,numeracy,177.0,stack,slide_band_gt75_not_ge75,24.0,z_within_panel,0.5461017054181331,,
small_multiples_index,month,2026-03,did_midline,2026-03|did_midline|all,all,number_comparison,numeracy,177.0,stack,slide_band_gt75_not_ge75,24.0,percentile_within_panel,79.16666666666666,,
small_multiples_index,month,2026-03,did_midline,2026-03|did_midline|all,all,number_comparison,numeracy,177.0,stack,slide_band_gt75_not_ge75,24.0,rank_within_panel,6.0,,
small_multiples_index,month,2026-03,did_midline,2026-03|did_midline|all,all,number_pattern,numeracy,177.0,stack,slide_band_gt75_not_ge75,24.0,pct_students_cleared,10.0,,
small_multiples_index,month,2026-03,did_midline,2026-03|did_midline|all,all,number_pattern,numeracy,177.0,stack,slide_band_gt75_not_ge75,24.0,z_within_panel,-1.5031138145873697,,
small_multiples_index,month,2026-03,did_midline,2026-03|did_midline|all,all,number_pattern,numeracy,177.0,stack,slide_band_gt75_not_ge75,24.0,percentile_within_panel,8.333333333333332,,
small_multiples_index,month,2026-03,did_midline,2026-03|did_midline|all,all,number_pattern,numeracy,177.0,stack,slide_band_gt75_not_ge75,24.0,rank_within_panel,23.0,,
small_multiples_index,month,2026-03,did_midline,2026-03|did_midline|all,all,number_recognition,numeracy,177.0,stack,slide_band_gt75_not_ge75,24.0,pct_students_cleared,52.0,,
small_multiples_index,month,2026-03,did_midline,2026-03|did_midline|all,all,number_recognition,numeracy,177.0,stack,slide_band_gt75_not_ge75,24.0,z_within_panel,0.28994976541744516,,
small_multiples_index,month,2026-03,did_midline,2026-03|did_midline|all,all,number_recognition,numeracy,177.0,stack,slide_band_gt75_not_ge75,24.0,percentile_within_panel,70.83333333333334,,
small_multiples_index,month,2026-03,did_midline,2026-03|did_midline|all,all,number_recognition,numeracy,177.0,stack,slide_band_gt75_not_ge75,24.0,rank_within_panel,8.0,,
small_multiples_index,month,2026-03,did_midline,2026-03|did_midline|all,all,number_writing,numeracy,177.0,stack,slide_band_gt75_not_ge75,24.0,pct_students_cleared,48.0,,
small_multiples_index,month,2026-03,did_midline,2026-03|did_midline|all,all,number_writing,numeracy,177.0,stack,slide_band_gt75_not_ge75,24.0,z_within_panel,0.11918180541698661,,
small_multiples_index,month,2026-03,did_midline,2026-03|did_midline|all,all,number_writing,numeracy,177.0,stack,slide_band_gt75_not_ge75,24.0,percentile_within_panel,66.66666666666666,,
small_multiples_index,month,2026-03,did_midline,2026-03|did_midline|all,all,number_writing,numeracy,177.0,stack,slide_band_gt75_not_ge75,24.0,rank_within_panel,9.0,,
small_multiples_index,month,2026-03,did_midline,2026-03|did_midline|all,all,place_value_bundles,numeracy,177.0,stack_with_caveat,slide_band_gt75_not_ge75;crosswalk_caveat,24.0,pct_students_cleared,29.0,,
small_multiples_index,month,2026-03,did_midline,2026-03|did_midline|all,all,place_value_bundles,numeracy,177.0,stack_with_caveat,slide_band_gt75_not_ge75;crosswalk_caveat,24.0,z_within_panel,-0.6919660045851916,,
small_multiples_index,month,2026-03,did_midline,2026-03|did_midline|all,all,place_value_bundles,numeracy,177.0,stack_with_caveat,slide_band_gt75_not_ge75;crosswalk_caveat,24.0,percentile_within_panel,25.0,,
small_multiples_index,month,2026-03,did_midline,2026-03|did_midline|all,all,place_value_bundles,numeracy,177.0,stack_with_caveat,slide_band_gt75_not_ge75;crosswalk_caveat,24.0,rank_within_panel,19.0,,
small_multiples_index,month,2026-03,did_midline,2026-03|did_midline|all,all,shapes_midline_unspecified,numeracy,177.0,single_source,slide_band_gt75_not_ge75;single_source,24.0,pct_students_cleared,4.0,,
small_multiples_index,month,2026-03,did_midline,2026-03|did_midline|all,all,shapes_midline_unspecified,numeracy,177.0,single_source,slide_band_gt75_not_ge75;single_source,24.0,z_within_panel,-1.7592657545880577,,
small_multiples_index,month,2026-03,did_midline,2026-03|did_midline|all,all,shapes_midline_unspecified,numeracy,177.0,single_source,slide_band_gt75_not_ge75;single_source,24.0,percentile_within_panel,4.166666666666666,,
small_multiples_index,month,2026-03,did_midline,2026-03|did_midline|all,all,shapes_midline_unspecified,numeracy,177.0,single_source,slide_band_gt75_not_ge75;single_source,24.0,rank_within_panel,24.0,,
small_multiples_index,month,2026-03,did_midline,2026-03|did_midline|all,all,subtraction_2digit,numeracy,177.0,stack,slide_band_gt75_not_ge75,24.0,pct_students_cleared,25.0,,
small_multiples_index,month,2026-03,did_midline,2026-03|did_midline|all,all,subtraction_2digit,numeracy,177.0,stack,slide_band_gt75_not_ge75,24.0,z_within_panel,-0.8627339645856502,,
small_multiples_index,month,2026-03,did_midline,2026-03|did_midline|all,all,subtraction_2digit,numeracy,177.0,stack,slide_band_gt75_not_ge75,24.0,percentile_within_panel,16.666666666666664,,
small_multiples_index,month,2026-03,did_midline,2026-03|did_midline|all,all,subtraction_2digit,numeracy,177.0,stack,slide_band_gt75_not_ge75,24.0,rank_within_panel,21.0,,
small_multiples_index,month,2026-03,did_midline,2026-03|did_midline|all,all,word_problem_addition,numeracy,177.0,stack,slide_band_gt75_not_ge75,24.0,pct_students_cleared,33.0,,
small_multiples_index,month,2026-03,did_midline,2026-03|did_midline|all,all,word_problem_addition,numeracy,177.0,stack,slide_band_gt75_not_ge75,24.0,z_within_panel,-0.5211980445847331,,
small_multiples_index,month,2026-03,did_midline,2026-03|did_midline|all,all,word_problem_addition,numeracy,177.0,stack,slide_band_gt75_not_ge75,24.0,percentile_within_panel,37.5,,
small_multiples_index,month,2026-03,did_midline,2026-03|did_midline|all,all,word_problem_addition,numeracy,177.0,stack,slide_band_gt75_not_ge75,24.0,rank_within_panel,16.0,,
small_multiples_index,month,2026-03,did_midline,2026-03|did_midline|all,all,word_problem_subtraction,numeracy,177.0,stack,slide_band_gt75_not_ge75,24.0,pct_students_cleared,23.0,,
small_multiples_index,month,2026-03,did_midline,2026-03|did_midline|all,all,word_problem_subtraction,numeracy,177.0,stack,slide_band_gt75_not_ge75,24.0,z_within_panel,-0.9481179445858795,,
small_multiples_index,month,2026-03,did_midline,2026-03|did_midline|all,all,word_problem_subtraction,numeracy,177.0,stack,slide_band_gt75_not_ge75,24.0,percentile_within_panel,12.5,,
small_multiples_index,month,2026-03,did_midline,2026-03|did_midline|all,all,word_problem_subtraction,numeracy,177.0,stack,slide_band_gt75_not_ge75,24.0,rank_within_panel,22.0,,
small_multiples_index,month,2026-04,q1_2026_tool,2026-04|q1_2026_tool|literacy,literacy,letter_recognition,literacy,85.0,stack,,4.0,pct_students_cleared,89.41176470588236,,
small_multiples_index,month,2026-04,q1_2026_tool,2026-04|q1_2026_tool|literacy,literacy,letter_recognition,literacy,85.0,stack,,4.0,z_within_panel,1.1274411253716101,,
small_multiples_index,month,2026-04,q1_2026_tool,2026-04|q1_2026_tool|literacy,literacy,letter_recognition,literacy,85.0,stack,,4.0,percentile_within_panel,100.0,,
small_multiples_index,month,2026-04,q1_2026_tool,2026-04|q1_2026_tool|literacy,literacy,letter_recognition,literacy,85.0,stack,,4.0,rank_within_panel,1.0,,
small_multiples_index,month,2026-04,q1_2026_tool,2026-04|q1_2026_tool|literacy,literacy,sentence_reading,literacy,85.0,stack,perfect_score_required,4.0,pct_students_cleared,41.17647058823529,,
small_multiples_index,month,2026-04,q1_2026_tool,2026-04|q1_2026_tool|literacy,literacy,sentence_reading,literacy,85.0,stack,perfect_score_required,4.0,z_within_panel,-1.3712121795060115,,
small_multiples_index,month,2026-04,q1_2026_tool,2026-04|q1_2026_tool|literacy,literacy,sentence_reading,literacy,85.0,stack,perfect_score_required,4.0,percentile_within_panel,25.0,,
small_multiples_index,month,2026-04,q1_2026_tool,2026-04|q1_2026_tool|literacy,literacy,sentence_reading,literacy,85.0,stack,perfect_score_required,4.0,rank_within_panel,4.0,,
small_multiples_index,month,2026-04,q1_2026_tool,2026-04|q1_2026_tool|literacy,literacy,word_reading,literacy,85.0,stack,,4.0,pct_students_cleared,82.35294117647058,,
small_multiples_index,month,2026-04,q1_2026_tool,2026-04|q1_2026_tool|literacy,literacy,word_reading,literacy,85.0,stack,,4.0,z_within_panel,0.7617845441700063,,
small_multiples_index,month,2026-04,q1_2026_tool,2026-04|q1_2026_tool|literacy,literacy,word_reading,literacy,85.0,stack,,4.0,percentile_within_panel,75.0,,
small_multiples_index,month,2026-04,q1_2026_tool,2026-04|q1_2026_tool|literacy,literacy,word_reading,literacy,85.0,stack,,4.0,rank_within_panel,2.0,,
small_multiples_index,month,2026-04,q1_2026_tool,2026-04|q1_2026_tool|literacy,literacy,word_writing,literacy,85.0,stack,,4.0,pct_students_cleared,57.647058823529406,,
small_multiples_index,month,2026-04,q1_2026_tool,2026-04|q1_2026_tool|literacy,literacy,word_writing,literacy,85.0,stack,,4.0,z_within_panel,-0.5180134900356044,,
small_multiples_index,month,2026-04,q1_2026_tool,2026-04|q1_2026_tool|literacy,literacy,word_writing,literacy,85.0,stack,,4.0,percentile_within_panel,50.0,,
small_multiples_index,month,2026-04,q1_2026_tool,2026-04|q1_2026_tool|literacy,literacy,word_writing,literacy,85.0,stack,,4.0,rank_within_panel,3.0,,
small_multiples_index,month,2026-04,q1_2026_tool,2026-04|q1_2026_tool|numeracy,numeracy,addition,numeracy,85.0,stack_with_caveat,crosswalk_caveat,5.0,pct_students_cleared,83.52941176470588,,
small_multiples_index,month,2026-04,q1_2026_tool,2026-04|q1_2026_tool|numeracy,numeracy,addition,numeracy,85.0,stack_with_caveat,crosswalk_caveat,5.0,z_within_panel,1.7514236102601468,,
small_multiples_index,month,2026-04,q1_2026_tool,2026-04|q1_2026_tool|numeracy,numeracy,addition,numeracy,85.0,stack_with_caveat,crosswalk_caveat,5.0,percentile_within_panel,100.0,,
small_multiples_index,month,2026-04,q1_2026_tool,2026-04|q1_2026_tool|numeracy,numeracy,addition,numeracy,85.0,stack_with_caveat,crosswalk_caveat,5.0,rank_within_panel,1.0,,
small_multiples_index,month,2026-04,q1_2026_tool,2026-04|q1_2026_tool|numeracy,numeracy,number_recognition,numeracy,85.0,stack,,5.0,pct_students_cleared,58.82352941176471,,
small_multiples_index,month,2026-04,q1_2026_tool,2026-04|q1_2026_tool|numeracy,numeracy,number_recognition,numeracy,85.0,stack,,5.0,z_within_panel,-0.08757118051300702,,
small_multiples_index,month,2026-04,q1_2026_tool,2026-04|q1_2026_tool|numeracy,numeracy,number_recognition,numeracy,85.0,stack,,5.0,percentile_within_panel,60.0,,
small_multiples_index,month,2026-04,q1_2026_tool,2026-04|q1_2026_tool|numeracy,numeracy,number_recognition,numeracy,85.0,stack,,5.0,rank_within_panel,3.0,,
small_multiples_index,month,2026-04,q1_2026_tool,2026-04|q1_2026_tool|numeracy,numeracy,pattern,numeracy,85.0,stack_with_caveat,perfect_score_required;crosswalk_caveat,5.0,pct_students_cleared,47.05882352941176,,
small_multiples_index,month,2026-04,q1_2026_tool,2026-04|q1_2026_tool|numeracy,numeracy,pattern,numeracy,85.0,stack_with_caveat,perfect_score_required;crosswalk_caveat,5.0,z_within_panel,-0.963282985643081,,
small_multiples_index,month,2026-04,q1_2026_tool,2026-04|q1_2026_tool|numeracy,numeracy,pattern,numeracy,85.0,stack_with_caveat,perfect_score_required;crosswalk_caveat,5.0,percentile_within_panel,30.0,,
small_multiples_index,month,2026-04,q1_2026_tool,2026-04|q1_2026_tool|numeracy,numeracy,pattern,numeracy,85.0,stack_with_caveat,perfect_score_required;crosswalk_caveat,5.0,rank_within_panel,4.0,,
small_multiples_index,month,2026-04,q1_2026_tool,2026-04|q1_2026_tool|numeracy,numeracy,place_value_bundles,numeracy,85.0,stack_with_caveat,crosswalk_caveat,5.0,pct_students_cleared,47.05882352941176,,
small_multiples_index,month,2026-04,q1_2026_tool,2026-04|q1_2026_tool|numeracy,numeracy,place_value_bundles,numeracy,85.0,stack_with_caveat,crosswalk_caveat,5.0,z_within_panel,-0.963282985643081,,
small_multiples_index,month,2026-04,q1_2026_tool,2026-04|q1_2026_tool|numeracy,numeracy,place_value_bundles,numeracy,85.0,stack_with_caveat,crosswalk_caveat,5.0,percentile_within_panel,30.0,,
small_multiples_index,month,2026-04,q1_2026_tool,2026-04|q1_2026_tool|numeracy,numeracy,place_value_bundles,numeracy,85.0,stack_with_caveat,crosswalk_caveat,5.0,rank_within_panel,4.0,,
small_multiples_index,month,2026-04,q1_2026_tool,2026-04|q1_2026_tool|numeracy,numeracy,subtraction,numeracy,85.0,stack_with_caveat,crosswalk_caveat,5.0,pct_students_cleared,63.52941176470588,,
small_multiples_index,month,2026-04,q1_2026_tool,2026-04|q1_2026_tool|numeracy,numeracy,subtraction,numeracy,85.0,stack_with_caveat,crosswalk_caveat,5.0,z_within_panel,0.2627135415390216,,
small_multiples_index,month,2026-04,q1_2026_tool,2026-04|q1_2026_tool|numeracy,numeracy,subtraction,numeracy,85.0,stack_with_caveat,crosswalk_caveat,5.0,percentile_within_panel,80.0,,
small_multiples_index,month,2026-04,q1_2026_tool,2026-04|q1_2026_tool|numeracy,numeracy,subtraction,numeracy,85.0,stack_with_caveat,crosswalk_caveat,5.0,rank_within_panel,2.0,,
small_multiples_index,month,2026-04,q1_2026_tool,2026-04|q1_2026_tool|all,all,letter_recognition,literacy,85.0,stack,,9.0,pct_students_cleared,89.41176470588236,,
small_multiples_index,month,2026-04,q1_2026_tool,2026-04|q1_2026_tool|all,all,letter_recognition,literacy,85.0,stack,,9.0,z_within_panel,1.5536447534725197,,
small_multiples_index,month,2026-04,q1_2026_tool,2026-04|q1_2026_tool|all,all,letter_recognition,literacy,85.0,stack,,9.0,percentile_within_panel,100.0,,
small_multiples_index,month,2026-04,q1_2026_tool,2026-04|q1_2026_tool|all,all,letter_recognition,literacy,85.0,stack,,9.0,rank_within_panel,1.0,,
small_multiples_index,month,2026-04,q1_2026_tool,2026-04|q1_2026_tool|all,all,sentence_reading,literacy,85.0,stack,perfect_score_required,9.0,pct_students_cleared,41.17647058823529,,
small_multiples_index,month,2026-04,q1_2026_tool,2026-04|q1_2026_tool|all,all,sentence_reading,literacy,85.0,stack,perfect_score_required,9.0,z_within_panel,-1.3272342115091877,,
small_multiples_index,month,2026-04,q1_2026_tool,2026-04|q1_2026_tool|all,all,sentence_reading,literacy,85.0,stack,perfect_score_required,9.0,percentile_within_panel,11.11111111111111,,
small_multiples_index,month,2026-04,q1_2026_tool,2026-04|q1_2026_tool|all,all,sentence_reading,literacy,85.0,stack,perfect_score_required,9.0,rank_within_panel,9.0,,
small_multiples_index,month,2026-04,q1_2026_tool,2026-04|q1_2026_tool|all,all,word_reading,literacy,85.0,stack,,9.0,pct_students_cleared,82.35294117647058,,
small_multiples_index,month,2026-04,q1_2026_tool,2026-04|q1_2026_tool|all,all,word_reading,literacy,85.0,stack,,9.0,z_within_panel,1.1320527098166593,,
small_multiples_index,month,2026-04,q1_2026_tool,2026-04|q1_2026_tool|all,all,word_reading,literacy,85.0,stack,,9.0,percentile_within_panel,77.77777777777779,,
small_multiples_index,month,2026-04,q1_2026_tool,2026-04|q1_2026_tool|all,all,word_reading,literacy,85.0,stack,,9.0,rank_within_panel,3.0,,
small_multiples_index,month,2026-04,q1_2026_tool,2026-04|q1_2026_tool|all,all,word_writing,literacy,85.0,stack,,9.0,pct_students_cleared,57.647058823529406,,
small_multiples_index,month,2026-04,q1_2026_tool,2026-04|q1_2026_tool|all,all,word_writing,literacy,85.0,stack,,9.0,z_within_panel,-0.343519442978849,,
small_multiples_index,month,2026-04,q1_2026_tool,2026-04|q1_2026_tool|all,all,word_writing,literacy,85.0,stack,,9.0,percentile_within_panel,44.44444444444444,,
small_multiples_index,month,2026-04,q1_2026_tool,2026-04|q1_2026_tool|all,all,word_writing,literacy,85.0,stack,,9.0,rank_within_panel,6.0,,
small_multiples_index,month,2026-04,q1_2026_tool,2026-04|q1_2026_tool|all,all,addition,numeracy,85.0,stack_with_caveat,crosswalk_caveat,9.0,pct_students_cleared,83.52941176470588,,
small_multiples_index,month,2026-04,q1_2026_tool,2026-04|q1_2026_tool|all,all,addition,numeracy,85.0,stack_with_caveat,crosswalk_caveat,9.0,z_within_panel,1.2023180504259698,,
small_multiples_index,month,2026-04,q1_2026_tool,2026-04|q1_2026_tool|all,all,addition,numeracy,85.0,stack_with_caveat,crosswalk_caveat,9.0,percentile_within_panel,88.88888888888889,,
small_multiples_index,month,2026-04,q1_2026_tool,2026-04|q1_2026_tool|all,all,addition,numeracy,85.0,stack_with_caveat,crosswalk_caveat,9.0,rank_within_panel,2.0,,
small_multiples_index,month,2026-04,q1_2026_tool,2026-04|q1_2026_tool|all,all,number_recognition,numeracy,85.0,stack,,9.0,pct_students_cleared,58.82352941176471,,
small_multiples_index,month,2026-04,q1_2026_tool,2026-04|q1_2026_tool|all,all,number_recognition,numeracy,85.0,stack,,9.0,z_within_panel,-0.27325410236953845,,
small_multiples_index,month,2026-04,q1_2026_tool,2026-04|q1_2026_tool|all,all,number_recognition,numeracy,85.0,stack,,9.0,percentile_within_panel,55.55555555555556,,
small_multiples_index,month,2026-04,q1_2026_tool,2026-04|q1_2026_tool|all,all,number_recognition,numeracy,85.0,stack,,9.0,rank_within_panel,5.0,,
small_multiples_index,month,2026-04,q1_2026_tool,2026-04|q1_2026_tool|all,all,pattern,numeracy,85.0,stack_with_caveat,perfect_score_required;crosswalk_caveat,9.0,pct_students_cleared,47.05882352941176,,
small_multiples_index,month,2026-04,q1_2026_tool,2026-04|q1_2026_tool|all,all,pattern,numeracy,85.0,stack_with_caveat,perfect_score_required;crosswalk_caveat,9.0,z_within_panel,-0.9759075084626382,,
small_multiples_index,month,2026-04,q1_2026_tool,2026-04|q1_2026_tool|all,all,pattern,numeracy,85.0,stack_with_caveat,perfect_score_required;crosswalk_caveat,9.0,percentile_within_panel,27.77777777777778,,
small_multiples_index,month,2026-04,q1_2026_tool,2026-04|q1_2026_tool|all,all,pattern,numeracy,85.0,stack_with_caveat,perfect_score_required;crosswalk_caveat,9.0,rank_within_panel,7.0,,
small_multiples_index,month,2026-04,q1_2026_tool,2026-04|q1_2026_tool|all,all,place_value_bundles,numeracy,85.0,stack_with_caveat,crosswalk_caveat,9.0,pct_students_cleared,47.05882352941176,,
small_multiples_index,month,2026-04,q1_2026_tool,2026-04|q1_2026_tool|all,all,place_value_bundles,numeracy,85.0,stack_with_caveat,crosswalk_caveat,9.0,z_within_panel,-0.9759075084626382,,
small_multiples_index,month,2026-04,q1_2026_tool,2026-04|q1_2026_tool|all,all,place_value_bundles,numeracy,85.0,stack_with_caveat,crosswalk_caveat,9.0,percentile_within_panel,27.77777777777778,,
small_multiples_index,month,2026-04,q1_2026_tool,2026-04|q1_2026_tool|all,all,place_value_bundles,numeracy,85.0,stack_with_caveat,crosswalk_caveat,9.0,rank_within_panel,7.0,,
small_multiples_index,month,2026-04,q1_2026_tool,2026-04|q1_2026_tool|all,all,subtraction,numeracy,85.0,stack_with_caveat,crosswalk_caveat,9.0,pct_students_cleared,63.52941176470588,,
small_multiples_index,month,2026-04,q1_2026_tool,2026-04|q1_2026_tool|all,all,subtraction,numeracy,85.0,stack_with_caveat,crosswalk_caveat,9.0,z_within_panel,0.0078072600677006505,,
small_multiples_index,month,2026-04,q1_2026_tool,2026-04|q1_2026_tool|all,all,subtraction,numeracy,85.0,stack_with_caveat,crosswalk_caveat,9.0,percentile_within_panel,66.66666666666666,,
small_multiples_index,month,2026-04,q1_2026_tool,2026-04|q1_2026_tool|all,all,subtraction,numeracy,85.0,stack_with_caveat,crosswalk_caveat,9.0,rank_within_panel,4.0,,
small_multiples_index,month,2026-05,q1_2026_tool,2026-05|q1_2026_tool|literacy,literacy,letter_recognition,literacy,90.0,stack,,4.0,pct_students_cleared,78.88888888888889,,
small_multiples_index,month,2026-05,q1_2026_tool,2026-05|q1_2026_tool|literacy,literacy,letter_recognition,literacy,90.0,stack,,4.0,z_within_panel,1.1481117053813996,,
small_multiples_index,month,2026-05,q1_2026_tool,2026-05|q1_2026_tool|literacy,literacy,letter_recognition,literacy,90.0,stack,,4.0,percentile_within_panel,100.0,,
small_multiples_index,month,2026-05,q1_2026_tool,2026-05|q1_2026_tool|literacy,literacy,letter_recognition,literacy,90.0,stack,,4.0,rank_within_panel,1.0,,
small_multiples_index,month,2026-05,q1_2026_tool,2026-05|q1_2026_tool|literacy,literacy,sentence_reading,literacy,90.0,stack,perfect_score_required,4.0,pct_students_cleared,44.44444444444444,,
small_multiples_index,month,2026-05,q1_2026_tool,2026-05|q1_2026_tool|literacy,literacy,sentence_reading,literacy,90.0,stack,perfect_score_required,4.0,z_within_panel,-1.5380364355109328,,
small_multiples_index,month,2026-05,q1_2026_tool,2026-05|q1_2026_tool|literacy,literacy,sentence_reading,literacy,90.0,stack,perfect_score_required,4.0,percentile_within_panel,25.0,,
small_multiples_index,month,2026-05,q1_2026_tool,2026-05|q1_2026_tool|literacy,literacy,sentence_reading,literacy,90.0,stack,perfect_score_required,4.0,rank_within_panel,4.0,,
small_multiples_index,month,2026-05,q1_2026_tool,2026-05|q1_2026_tool|literacy,literacy,word_reading,literacy,90.0,stack,,4.0,pct_students_cleared,71.11111111111111,,
small_multiples_index,month,2026-05,q1_2026_tool,2026-05|q1_2026_tool|literacy,literacy,word_reading,literacy,90.0,stack,,4.0,z_within_panel,0.5415621251799057,,
small_multiples_index,month,2026-05,q1_2026_tool,2026-05|q1_2026_tool|literacy,literacy,word_reading,literacy,90.0,stack,,4.0,percentile_within_panel,75.0,,
small_multiples_index,month,2026-05,q1_2026_tool,2026-05|q1_2026_tool|literacy,literacy,word_reading,literacy,90.0,stack,,4.0,rank_within_panel,2.0,,
small_multiples_index,month,2026-05,q1_2026_tool,2026-05|q1_2026_tool|literacy,literacy,word_writing,literacy,90.0,stack,,4.0,pct_students_cleared,62.22222222222222,,
small_multiples_index,month,2026-05,q1_2026_tool,2026-05|q1_2026_tool|literacy,literacy,word_writing,literacy,90.0,stack,,4.0,z_within_panel,-0.15163739505037405,,
small_multiples_index,month,2026-05,q1_2026_tool,2026-05|q1_2026_tool|literacy,literacy,word_writing,literacy,90.0,stack,,4.0,percentile_within_panel,50.0,,
small_multiples_index,month,2026-05,q1_2026_tool,2026-05|q1_2026_tool|literacy,literacy,word_writing,literacy,90.0,stack,,4.0,rank_within_panel,3.0,,
small_multiples_index,month,2026-05,q1_2026_tool,2026-05|q1_2026_tool|numeracy,numeracy,addition,numeracy,90.0,stack_with_caveat,crosswalk_caveat,5.0,pct_students_cleared,86.66666666666667,,
small_multiples_index,month,2026-05,q1_2026_tool,2026-05|q1_2026_tool|numeracy,numeracy,addition,numeracy,90.0,stack_with_caveat,crosswalk_caveat,5.0,z_within_panel,1.598156587325517,,
small_multiples_index,month,2026-05,q1_2026_tool,2026-05|q1_2026_tool|numeracy,numeracy,addition,numeracy,90.0,stack_with_caveat,crosswalk_caveat,5.0,percentile_within_panel,100.0,,
small_multiples_index,month,2026-05,q1_2026_tool,2026-05|q1_2026_tool|numeracy,numeracy,addition,numeracy,90.0,stack_with_caveat,crosswalk_caveat,5.0,rank_within_panel,1.0,,
small_multiples_index,month,2026-05,q1_2026_tool,2026-05|q1_2026_tool|numeracy,numeracy,number_recognition,numeracy,90.0,stack,,5.0,pct_students_cleared,64.44444444444444,,
small_multiples_index,month,2026-05,q1_2026_tool,2026-05|q1_2026_tool|numeracy,numeracy,number_recognition,numeracy,90.0,stack,,5.0,z_within_panel,-0.5615144766278833,,
small_multiples_index,month,2026-05,q1_2026_tool,2026-05|q1_2026_tool|numeracy,numeracy,number_recognition,numeracy,90.0,stack,,5.0,percentile_within_panel,60.0,,
small_multiples_index,month,2026-05,q1_2026_tool,2026-05|q1_2026_tool|numeracy,numeracy,number_recognition,numeracy,90.0,stack,,5.0,rank_within_panel,3.0,,
small_multiples_index,month,2026-05,q1_2026_tool,2026-05|q1_2026_tool|numeracy,numeracy,pattern,numeracy,90.0,stack_with_caveat,perfect_score_required;crosswalk_caveat,5.0,pct_students_cleared,60.0,,
small_multiples_index,month,2026-05,q1_2026_tool,2026-05|q1_2026_tool|numeracy,numeracy,pattern,numeracy,90.0,stack_with_caveat,perfect_score_required;crosswalk_caveat,5.0,z_within_panel,-0.9934486894185631,,
small_multiples_index,month,2026-05,q1_2026_tool,2026-05|q1_2026_tool|numeracy,numeracy,pattern,numeracy,90.0,stack_with_caveat,perfect_score_required;crosswalk_caveat,5.0,percentile_within_panel,20.0,,
small_multiples_index,month,2026-05,q1_2026_tool,2026-05|q1_2026_tool|numeracy,numeracy,pattern,numeracy,90.0,stack_with_caveat,perfect_score_required;crosswalk_caveat,5.0,rank_within_panel,5.0,,
small_multiples_index,month,2026-05,q1_2026_tool,2026-05|q1_2026_tool|numeracy,numeracy,place_value_bundles,numeracy,90.0,stack_with_caveat,crosswalk_caveat,5.0,pct_students_cleared,62.22222222222222,,
small_multiples_index,month,2026-05,q1_2026_tool,2026-05|q1_2026_tool|numeracy,numeracy,place_value_bundles,numeracy,90.0,stack_with_caveat,crosswalk_caveat,5.0,z_within_panel,-0.7774815830232232,,
small_multiples_index,month,2026-05,q1_2026_tool,2026-05|q1_2026_tool|numeracy,numeracy,place_value_bundles,numeracy,90.0,stack_with_caveat,crosswalk_caveat,5.0,percentile_within_panel,40.0,,
small_multiples_index,month,2026-05,q1_2026_tool,2026-05|q1_2026_tool|numeracy,numeracy,place_value_bundles,numeracy,90.0,stack_with_caveat,crosswalk_caveat,5.0,rank_within_panel,4.0,,
small_multiples_index,month,2026-05,q1_2026_tool,2026-05|q1_2026_tool|numeracy,numeracy,subtraction,numeracy,90.0,stack_with_caveat,crosswalk_caveat,5.0,pct_students_cleared,77.77777777777779,,
small_multiples_index,month,2026-05,q1_2026_tool,2026-05|q1_2026_tool|numeracy,numeracy,subtraction,numeracy,90.0,stack_with_caveat,crosswalk_caveat,5.0,z_within_panel,0.7342881617441575,,
small_multiples_index,month,2026-05,q1_2026_tool,2026-05|q1_2026_tool|numeracy,numeracy,subtraction,numeracy,90.0,stack_with_caveat,crosswalk_caveat,5.0,percentile_within_panel,80.0,,
small_multiples_index,month,2026-05,q1_2026_tool,2026-05|q1_2026_tool|numeracy,numeracy,subtraction,numeracy,90.0,stack_with_caveat,crosswalk_caveat,5.0,rank_within_panel,2.0,,
small_multiples_index,month,2026-05,q1_2026_tool,2026-05|q1_2026_tool|all,all,letter_recognition,literacy,90.0,stack,,9.0,pct_students_cleared,78.88888888888889,,
small_multiples_index,month,2026-05,q1_2026_tool,2026-05|q1_2026_tool|all,all,letter_recognition,literacy,90.0,stack,,9.0,z_within_panel,0.9566738804288571,,
small_multiples_index,month,2026-05,q1_2026_tool,2026-05|q1_2026_tool|all,all,letter_recognition,literacy,90.0,stack,,9.0,percentile_within_panel,88.88888888888889,,
small_multiples_index,month,2026-05,q1_2026_tool,2026-05|q1_2026_tool|all,all,letter_recognition,literacy,90.0,stack,,9.0,rank_within_panel,2.0,,
small_multiples_index,month,2026-05,q1_2026_tool,2026-05|q1_2026_tool|all,all,sentence_reading,literacy,90.0,stack,perfect_score_required,9.0,pct_students_cleared,44.44444444444444,,
small_multiples_index,month,2026-05,q1_2026_tool,2026-05|q1_2026_tool|all,all,sentence_reading,literacy,90.0,stack,perfect_score_required,9.0,z_within_panel,-1.9445436482630063,,
small_multiples_index,month,2026-05,q1_2026_tool,2026-05|q1_2026_tool|all,all,sentence_reading,literacy,90.0,stack,perfect_score_required,9.0,percentile_within_panel,11.11111111111111,,
small_multiples_index,month,2026-05,q1_2026_tool,2026-05|q1_2026_tool|all,all,sentence_reading,literacy,90.0,stack,perfect_score_required,9.0,rank_within_panel,9.0,,
small_multiples_index,month,2026-05,q1_2026_tool,2026-05|q1_2026_tool|all,all,word_reading,literacy,90.0,stack,,9.0,pct_students_cleared,71.11111111111111,,
small_multiples_index,month,2026-05,q1_2026_tool,2026-05|q1_2026_tool|all,all,word_reading,literacy,90.0,stack,,9.0,z_within_panel,0.30156024491779165,,
small_multiples_index,month,2026-05,q1_2026_tool,2026-05|q1_2026_tool|all,all,word_reading,literacy,90.0,stack,,9.0,percentile_within_panel,66.66666666666666,,
small_multiples_index,month,2026-05,q1_2026_tool,2026-05|q1_2026_tool|all,all,word_reading,literacy,90.0,stack,,9.0,rank_within_panel,4.0,,
small_multiples_index,month,2026-05,q1_2026_tool,2026-05|q1_2026_tool|all,all,word_writing,literacy,90.0,stack,,9.0,pct_students_cleared,62.22222222222222,,
small_multiples_index,month,2026-05,q1_2026_tool,2026-05|q1_2026_tool|all,all,word_writing,literacy,90.0,stack,,9.0,z_within_panel,-0.4471410528091412,,
small_multiples_index,month,2026-05,q1_2026_tool,2026-05|q1_2026_tool|all,all,word_writing,literacy,90.0,stack,,9.0,percentile_within_panel,38.88888888888889,,
small_multiples_index,month,2026-05,q1_2026_tool,2026-05|q1_2026_tool|all,all,word_writing,literacy,90.0,stack,,9.0,rank_within_panel,6.0,,
small_multiples_index,month,2026-05,q1_2026_tool,2026-05|q1_2026_tool|all,all,addition,numeracy,90.0,stack_with_caveat,crosswalk_caveat,9.0,pct_students_cleared,86.66666666666667,,
small_multiples_index,month,2026-05,q1_2026_tool,2026-05|q1_2026_tool|all,all,addition,numeracy,90.0,stack_with_caveat,crosswalk_caveat,9.0,z_within_panel,1.6117875159399238,,
small_multiples_index,month,2026-05,q1_2026_tool,2026-05|q1_2026_tool|all,all,addition,numeracy,90.0,stack_with_caveat,crosswalk_caveat,9.0,percentile_within_panel,100.0,,
small_multiples_index,month,2026-05,q1_2026_tool,2026-05|q1_2026_tool|all,all,addition,numeracy,90.0,stack_with_caveat,crosswalk_caveat,9.0,rank_within_panel,1.0,,
small_multiples_index,month,2026-05,q1_2026_tool,2026-05|q1_2026_tool|all,all,number_recognition,numeracy,90.0,stack,,9.0,pct_students_cleared,64.44444444444444,,
small_multiples_index,month,2026-05,q1_2026_tool,2026-05|q1_2026_tool|all,all,number_recognition,numeracy,90.0,stack,,9.0,z_within_panel,-0.2599657283774081,,
small_multiples_index,month,2026-05,q1_2026_tool,2026-05|q1_2026_tool|all,all,number_recognition,numeracy,90.0,stack,,9.0,percentile_within_panel,55.55555555555556,,
small_multiples_index,month,2026-05,q1_2026_tool,2026-05|q1_2026_tool|all,all,number_recognition,numeracy,90.0,stack,,9.0,rank_within_panel,5.0,,
small_multiples_index,month,2026-05,q1_2026_tool,2026-05|q1_2026_tool|all,all,pattern,numeracy,90.0,stack_with_caveat,perfect_score_required;crosswalk_caveat,9.0,pct_students_cleared,60.0,,
small_multiples_index,month,2026-05,q1_2026_tool,2026-05|q1_2026_tool|all,all,pattern,numeracy,90.0,stack_with_caveat,perfect_score_required;crosswalk_caveat,9.0,z_within_panel,-0.6343163772408743,,
small_multiples_index,month,2026-05,q1_2026_tool,2026-05|q1_2026_tool|all,all,pattern,numeracy,90.0,stack_with_caveat,perfect_score_required;crosswalk_caveat,9.0,percentile_within_panel,22.22222222222222,,
small_multiples_index,month,2026-05,q1_2026_tool,2026-05|q1_2026_tool|all,all,pattern,numeracy,90.0,stack_with_caveat,perfect_score_required;crosswalk_caveat,9.0,rank_within_panel,8.0,,
small_multiples_index,month,2026-05,q1_2026_tool,2026-05|q1_2026_tool|all,all,place_value_bundles,numeracy,90.0,stack_with_caveat,crosswalk_caveat,9.0,pct_students_cleared,62.22222222222222,,
small_multiples_index,month,2026-05,q1_2026_tool,2026-05|q1_2026_tool|all,all,place_value_bundles,numeracy,90.0,stack_with_caveat,crosswalk_caveat,9.0,z_within_panel,-0.4471410528091412,,
small_multiples_index,month,2026-05,q1_2026_tool,2026-05|q1_2026_tool|all,all,place_value_bundles,numeracy,90.0,stack_with_caveat,crosswalk_caveat,9.0,percentile_within_panel,38.88888888888889,,
small_multiples_index,month,2026-05,q1_2026_tool,2026-05|q1_2026_tool|all,all,place_value_bundles,numeracy,90.0,stack_with_caveat,crosswalk_caveat,9.0,rank_within_panel,6.0,,
small_multiples_index,month,2026-05,q1_2026_tool,2026-05|q1_2026_tool|all,all,subtraction,numeracy,90.0,stack_with_caveat,crosswalk_caveat,9.0,pct_students_cleared,77.77777777777779,,
small_multiples_index,month,2026-05,q1_2026_tool,2026-05|q1_2026_tool|all,all,subtraction,numeracy,90.0,stack_with_caveat,crosswalk_caveat,9.0,z_within_panel,0.8630862182129915,,
small_multiples_index,month,2026-05,q1_2026_tool,2026-05|q1_2026_tool|all,all,subtraction,numeracy,90.0,stack_with_caveat,crosswalk_caveat,9.0,percentile_within_panel,77.77777777777779,,
small_multiples_index,month,2026-05,q1_2026_tool,2026-05|q1_2026_tool|all,all,subtraction,numeracy,90.0,stack_with_caveat,crosswalk_caveat,9.0,rank_within_panel,3.0,,
small_multiples_index,month,2026-07,q2_2026_tool,2026-07|q2_2026_tool|literacy,literacy,letter_recognition,literacy,963.0,stack,,4.0,pct_students_cleared,76.22014537902389,,
small_multiples_index,month,2026-07,q2_2026_tool,2026-07|q2_2026_tool|literacy,literacy,letter_recognition,literacy,963.0,stack,,4.0,z_within_panel,1.1334956526974735,,
small_multiples_index,month,2026-07,q2_2026_tool,2026-07|q2_2026_tool|literacy,literacy,letter_recognition,literacy,963.0,stack,,4.0,percentile_within_panel,100.0,,
small_multiples_index,month,2026-07,q2_2026_tool,2026-07|q2_2026_tool|literacy,literacy,letter_recognition,literacy,963.0,stack,,4.0,rank_within_panel,1.0,,
small_multiples_index,month,2026-07,q2_2026_tool,2026-07|q2_2026_tool|literacy,literacy,sentence_reading,literacy,963.0,stack,perfect_score_required,4.0,pct_students_cleared,32.191069574247145,,
small_multiples_index,month,2026-07,q2_2026_tool,2026-07|q2_2026_tool|literacy,literacy,sentence_reading,literacy,963.0,stack,perfect_score_required,4.0,z_within_panel,-1.5703139492363027,,
small_multiples_index,month,2026-07,q2_2026_tool,2026-07|q2_2026_tool|literacy,literacy,sentence_reading,literacy,963.0,stack,perfect_score_required,4.0,percentile_within_panel,25.0,,
small_multiples_index,month,2026-07,q2_2026_tool,2026-07|q2_2026_tool|literacy,literacy,sentence_reading,literacy,963.0,stack,perfect_score_required,4.0,rank_within_panel,4.0,,
small_multiples_index,month,2026-07,q2_2026_tool,2026-07|q2_2026_tool|literacy,literacy,word_reading,literacy,963.0,stack,,4.0,pct_students_cleared,65.83592938733126,,
small_multiples_index,month,2026-07,q2_2026_tool,2026-07|q2_2026_tool|literacy,literacy,word_reading,literacy,963.0,stack,,4.0,z_within_panel,0.4958047088451679,,
small_multiples_index,month,2026-07,q2_2026_tool,2026-07|q2_2026_tool|literacy,literacy,word_reading,literacy,963.0,stack,,4.0,percentile_within_panel,75.0,,
small_multiples_index,month,2026-07,q2_2026_tool,2026-07|q2_2026_tool|literacy,literacy,word_reading,literacy,963.0,stack,,4.0,rank_within_panel,2.0,,
small_multiples_index,month,2026-07,q2_2026_tool,2026-07|q2_2026_tool|literacy,literacy,word_writing,literacy,963.0,stack,,4.0,pct_students_cleared,56.80166147455867,,
small_multiples_index,month,2026-07,q2_2026_tool,2026-07|q2_2026_tool|literacy,literacy,word_writing,literacy,963.0,stack,,4.0,z_within_panel,-0.05898641230633836,,
small_multiples_index,month,2026-07,q2_2026_tool,2026-07|q2_2026_tool|literacy,literacy,word_writing,literacy,963.0,stack,,4.0,percentile_within_panel,50.0,,
small_multiples_index,month,2026-07,q2_2026_tool,2026-07|q2_2026_tool|literacy,literacy,word_writing,literacy,963.0,stack,,4.0,rank_within_panel,3.0,,
small_multiples_index,month,2026-07,q2_2026_tool,2026-07|q2_2026_tool|numeracy,numeracy,addition,numeracy,963.0,stack_with_caveat,crosswalk_caveat,5.0,pct_students_cleared,80.26998961578401,,
small_multiples_index,month,2026-07,q2_2026_tool,2026-07|q2_2026_tool|numeracy,numeracy,addition,numeracy,963.0,stack_with_caveat,crosswalk_caveat,5.0,z_within_panel,1.4919489592460833,,
small_multiples_index,month,2026-07,q2_2026_tool,2026-07|q2_2026_tool|numeracy,numeracy,addition,numeracy,963.0,stack_with_caveat,crosswalk_caveat,5.0,percentile_within_panel,100.0,,
small_multiples_index,month,2026-07,q2_2026_tool,2026-07|q2_2026_tool|numeracy,numeracy,addition,numeracy,963.0,stack_with_caveat,crosswalk_caveat,5.0,rank_within_panel,1.0,,
small_multiples_index,month,2026-07,q2_2026_tool,2026-07|q2_2026_tool|numeracy,numeracy,number_recognition,numeracy,963.0,stack,,5.0,pct_students_cleared,59.293873312564905,,
small_multiples_index,month,2026-07,q2_2026_tool,2026-07|q2_2026_tool|numeracy,numeracy,number_recognition,numeracy,963.0,stack,,5.0,z_within_panel,0.12455472255049031,,
small_multiples_index,month,2026-07,q2_2026_tool,2026-07|q2_2026_tool|numeracy,numeracy,number_recognition,numeracy,963.0,stack,,5.0,percentile_within_panel,60.0,,
small_multiples_index,month,2026-07,q2_2026_tool,2026-07|q2_2026_tool|numeracy,numeracy,number_recognition,numeracy,963.0,stack,,5.0,rank_within_panel,3.0,,
small_multiples_index,month,2026-07,q2_2026_tool,2026-07|q2_2026_tool|numeracy,numeracy,pattern,numeracy,963.0,stack_with_caveat,perfect_score_required;crosswalk_caveat,5.0,pct_students_cleared,35.61786085150571,,
small_multiples_index,month,2026-07,q2_2026_tool,2026-07|q2_2026_tool|numeracy,numeracy,pattern,numeracy,963.0,stack_with_caveat,perfect_score_required;crosswalk_caveat,5.0,z_within_panel,-1.4188407525316642,,
small_multiples_index,month,2026-07,q2_2026_tool,2026-07|q2_2026_tool|numeracy,numeracy,pattern,numeracy,963.0,stack_with_caveat,perfect_score_required;crosswalk_caveat,5.0,percentile_within_panel,20.0,,
small_multiples_index,month,2026-07,q2_2026_tool,2026-07|q2_2026_tool|numeracy,numeracy,pattern,numeracy,963.0,stack_with_caveat,perfect_score_required;crosswalk_caveat,5.0,rank_within_panel,5.0,,
small_multiples_index,month,2026-07,q2_2026_tool,2026-07|q2_2026_tool|numeracy,numeracy,place_value_bundles,numeracy,963.0,stack_with_caveat,crosswalk_caveat,5.0,pct_students_cleared,46.625129802699895,,
small_multiples_index,month,2026-07,q2_2026_tool,2026-07|q2_2026_tool|numeracy,numeracy,place_value_bundles,numeracy,963.0,stack_with_caveat,crosswalk_caveat,5.0,z_within_panel,-0.7012972421864522,,
small_multiples_index,month,2026-07,q2_2026_tool,2026-07|q2_2026_tool|numeracy,numeracy,place_value_bundles,numeracy,963.0,stack_with_caveat,crosswalk_caveat,5.0,percentile_within_panel,40.0,,
small_multiples_index,month,2026-07,q2_2026_tool,2026-07|q2_2026_tool|numeracy,numeracy,place_value_bundles,numeracy,963.0,stack_with_caveat,crosswalk_caveat,5.0,rank_within_panel,4.0,,
small_multiples_index,month,2026-07,q2_2026_tool,2026-07|q2_2026_tool|numeracy,numeracy,subtraction,numeracy,963.0,stack_with_caveat,crosswalk_caveat,5.0,pct_students_cleared,65.10903426791276,,
small_multiples_index,month,2026-07,q2_2026_tool,2026-07|q2_2026_tool|numeracy,numeracy,subtraction,numeracy,963.0,stack_with_caveat,crosswalk_caveat,5.0,z_within_panel,0.5036343129215448,,
small_multiples_index,month,2026-07,q2_2026_tool,2026-07|q2_2026_tool|numeracy,numeracy,subtraction,numeracy,963.0,stack_with_caveat,crosswalk_caveat,5.0,percentile_within_panel,80.0,,
small_multiples_index,month,2026-07,q2_2026_tool,2026-07|q2_2026_tool|numeracy,numeracy,subtraction,numeracy,963.0,stack_with_caveat,crosswalk_caveat,5.0,rank_within_panel,2.0,,
small_multiples_index,month,2026-07,q2_2026_tool,2026-07|q2_2026_tool|all,all,letter_recognition,literacy,963.0,stack,,9.0,pct_students_cleared,76.22014537902389,,
small_multiples_index,month,2026-07,q2_2026_tool,2026-07|q2_2026_tool|all,all,letter_recognition,literacy,963.0,stack,,9.0,z_within_panel,1.1839632234676392,,
small_multiples_index,month,2026-07,q2_2026_tool,2026-07|q2_2026_tool|all,all,letter_recognition,literacy,963.0,stack,,9.0,percentile_within_panel,88.88888888888889,,
small_multiples_index,month,2026-07,q2_2026_tool,2026-07|q2_2026_tool|all,all,letter_recognition,literacy,963.0,stack,,9.0,rank_within_panel,2.0,,
small_multiples_index,month,2026-07,q2_2026_tool,2026-07|q2_2026_tool|all,all,sentence_reading,literacy,963.0,stack,perfect_score_required,9.0,pct_students_cleared,32.191069574247145,,
small_multiples_index,month,2026-07,q2_2026_tool,2026-07|q2_2026_tool|all,all,sentence_reading,literacy,963.0,stack,perfect_score_required,9.0,z_within_panel,-1.6083752566018978,,
small_multiples_index,month,2026-07,q2_2026_tool,2026-07|q2_2026_tool|all,all,sentence_reading,literacy,963.0,stack,perfect_score_required,9.0,percentile_within_panel,11.11111111111111,,
small_multiples_index,month,2026-07,q2_2026_tool,2026-07|q2_2026_tool|all,all,sentence_reading,literacy,963.0,stack,perfect_score_required,9.0,rank_within_panel,9.0,,
small_multiples_index,month,2026-07,q2_2026_tool,2026-07|q2_2026_tool|all,all,word_reading,literacy,963.0,stack,,9.0,pct_students_cleared,65.83592938733126,,
small_multiples_index,month,2026-07,q2_2026_tool,2026-07|q2_2026_tool|all,all,word_reading,literacy,963.0,stack,,9.0,z_within_panel,0.5253928272248239,,
small_multiples_index,month,2026-07,q2_2026_tool,2026-07|q2_2026_tool|all,all,word_reading,literacy,963.0,stack,,9.0,percentile_within_panel,77.77777777777779,,
small_multiples_index,month,2026-07,q2_2026_tool,2026-07|q2_2026_tool|all,all,word_reading,literacy,963.0,stack,,9.0,rank_within_panel,3.0,,
small_multiples_index,month,2026-07,q2_2026_tool,2026-07|q2_2026_tool|all,all,word_writing,literacy,963.0,stack,,9.0,pct_students_cleared,56.80166147455867,,
small_multiples_index,month,2026-07,q2_2026_tool,2026-07|q2_2026_tool|all,all,word_writing,literacy,963.0,stack,,9.0,z_within_panel,-0.04756341750642571,,
small_multiples_index,month,2026-07,q2_2026_tool,2026-07|q2_2026_tool|all,all,word_writing,literacy,963.0,stack,,9.0,percentile_within_panel,44.44444444444444,,
small_multiples_index,month,2026-07,q2_2026_tool,2026-07|q2_2026_tool|all,all,word_writing,literacy,963.0,stack,,9.0,rank_within_panel,6.0,,
small_multiples_index,month,2026-07,q2_2026_tool,2026-07|q2_2026_tool|all,all,addition,numeracy,963.0,stack_with_caveat,crosswalk_caveat,9.0,pct_students_cleared,80.26998961578401,,
small_multiples_index,month,2026-07,q2_2026_tool,2026-07|q2_2026_tool|all,all,addition,numeracy,963.0,stack_with_caveat,crosswalk_caveat,9.0,z_within_panel,1.440805678002337,,
small_multiples_index,month,2026-07,q2_2026_tool,2026-07|q2_2026_tool|all,all,addition,numeracy,963.0,stack_with_caveat,crosswalk_caveat,9.0,percentile_within_panel,100.0,,
small_multiples_index,month,2026-07,q2_2026_tool,2026-07|q2_2026_tool|all,all,addition,numeracy,963.0,stack_with_caveat,crosswalk_caveat,9.0,rank_within_panel,1.0,,
small_multiples_index,month,2026-07,q2_2026_tool,2026-07|q2_2026_tool|all,all,number_recognition,numeracy,963.0,stack,,9.0,pct_students_cleared,59.293873312564905,,
small_multiples_index,month,2026-07,q2_2026_tool,2026-07|q2_2026_tool|all,all,number_recognition,numeracy,963.0,stack,,9.0,z_within_panel,0.1104934775918502,,
small_multiples_index,month,2026-07,q2_2026_tool,2026-07|q2_2026_tool|all,all,number_recognition,numeracy,963.0,stack,,9.0,percentile_within_panel,55.55555555555556,,
small_multiples_index,month,2026-07,q2_2026_tool,2026-07|q2_2026_tool|all,all,number_recognition,numeracy,963.0,stack,,9.0,rank_within_panel,5.0,,
small_multiples_index,month,2026-07,q2_2026_tool,2026-07|q2_2026_tool|all,all,pattern,numeracy,963.0,stack_with_caveat,perfect_score_required;crosswalk_caveat,9.0,pct_students_cleared,35.61786085150571,,
small_multiples_index,month,2026-07,q2_2026_tool,2026-07|q2_2026_tool|all,all,pattern,numeracy,963.0,stack_with_caveat,perfect_score_required;crosswalk_caveat,9.0,z_within_panel,-1.3910470258417689,,
small_multiples_index,month,2026-07,q2_2026_tool,2026-07|q2_2026_tool|all,all,pattern,numeracy,963.0,stack_with_caveat,perfect_score_required;crosswalk_caveat,9.0,percentile_within_panel,22.22222222222222,,
small_multiples_index,month,2026-07,q2_2026_tool,2026-07|q2_2026_tool|all,all,pattern,numeracy,963.0,stack_with_caveat,perfect_score_required;crosswalk_caveat,9.0,rank_within_panel,8.0,,
small_multiples_index,month,2026-07,q2_2026_tool,2026-07|q2_2026_tool|all,all,place_value_bundles,numeracy,963.0,stack_with_caveat,crosswalk_caveat,9.0,pct_students_cleared,46.625129802699895,,
small_multiples_index,month,2026-07,q2_2026_tool,2026-07|q2_2026_tool|all,all,place_value_bundles,numeracy,963.0,stack_with_caveat,crosswalk_caveat,9.0,z_within_panel,-0.6929624058243847,,
small_multiples_index,month,2026-07,q2_2026_tool,2026-07|q2_2026_tool|all,all,place_value_bundles,numeracy,963.0,stack_with_caveat,crosswalk_caveat,9.0,percentile_within_panel,33.33333333333333,,
small_multiples_index,month,2026-07,q2_2026_tool,2026-07|q2_2026_tool|all,all,place_value_bundles,numeracy,963.0,stack_with_caveat,crosswalk_caveat,9.0,rank_within_panel,7.0,,
small_multiples_index,month,2026-07,q2_2026_tool,2026-07|q2_2026_tool|all,all,subtraction,numeracy,963.0,stack_with_caveat,crosswalk_caveat,9.0,pct_students_cleared,65.10903426791276,,
small_multiples_index,month,2026-07,q2_2026_tool,2026-07|q2_2026_tool|all,all,subtraction,numeracy,963.0,stack_with_caveat,crosswalk_caveat,9.0,z_within_panel,0.47929289948782583,,
small_multiples_index,month,2026-07,q2_2026_tool,2026-07|q2_2026_tool|all,all,subtraction,numeracy,963.0,stack_with_caveat,crosswalk_caveat,9.0,percentile_within_panel,66.66666666666666,,
small_multiples_index,month,2026-07,q2_2026_tool,2026-07|q2_2026_tool|all,all,subtraction,numeracy,963.0,stack_with_caveat,crosswalk_caveat,9.0,rank_within_panel,4.0,,
small_multiples_index,month,2026-08,q2_2026_tool,2026-08|q2_2026_tool|literacy,literacy,letter_recognition,literacy,398.0,stack,,4.0,pct_students_cleared,75.12562814070351,,
small_multiples_index,month,2026-08,q2_2026_tool,2026-08|q2_2026_tool|literacy,literacy,letter_recognition,literacy,398.0,stack,,4.0,z_within_panel,1.1292909540601401,,
small_multiples_index,month,2026-08,q2_2026_tool,2026-08|q2_2026_tool|literacy,literacy,letter_recognition,literacy,398.0,stack,,4.0,percentile_within_panel,100.0,,
small_multiples_index,month,2026-08,q2_2026_tool,2026-08|q2_2026_tool|literacy,literacy,letter_recognition,literacy,398.0,stack,,4.0,rank_within_panel,1.0,,
small_multiples_index,month,2026-08,q2_2026_tool,2026-08|q2_2026_tool|literacy,literacy,sentence_reading,literacy,398.0,stack,perfect_score_required,4.0,pct_students_cleared,29.64824120603015,,
small_multiples_index,month,2026-08,q2_2026_tool,2026-08|q2_2026_tool|literacy,literacy,sentence_reading,literacy,398.0,stack,perfect_score_required,4.0,z_within_panel,-1.587010211187506,,
small_multiples_index,month,2026-08,q2_2026_tool,2026-08|q2_2026_tool|literacy,literacy,sentence_reading,literacy,398.0,stack,perfect_score_required,4.0,percentile_within_panel,25.0,,
small_multiples_index,month,2026-08,q2_2026_tool,2026-08|q2_2026_tool|literacy,literacy,sentence_reading,literacy,398.0,stack,perfect_score_required,4.0,rank_within_panel,4.0,,
small_multiples_index,month,2026-08,q2_2026_tool,2026-08|q2_2026_tool|literacy,literacy,word_reading,literacy,398.0,stack,,4.0,pct_students_cleared,63.81909547738693,,
small_multiples_index,month,2026-08,q2_2026_tool,2026-08|q2_2026_tool|literacy,literacy,word_reading,literacy,398.0,stack,,4.0,z_within_panel,0.45396745993779714,,
small_multiples_index,month,2026-08,q2_2026_tool,2026-08|q2_2026_tool|literacy,literacy,word_reading,literacy,398.0,stack,,4.0,percentile_within_panel,75.0,,
small_multiples_index,month,2026-08,q2_2026_tool,2026-08|q2_2026_tool|literacy,literacy,word_reading,literacy,398.0,stack,,4.0,rank_within_panel,2.0,,
small_multiples_index,month,2026-08,q2_2026_tool,2026-08|q2_2026_tool|literacy,literacy,word_writing,literacy,398.0,stack,,4.0,pct_students_cleared,56.28140703517588,,
small_multiples_index,month,2026-08,q2_2026_tool,2026-08|q2_2026_tool|literacy,literacy,word_writing,literacy,398.0,stack,,4.0,z_within_panel,0.003751797189568824,,
small_multiples_index,month,2026-08,q2_2026_tool,2026-08|q2_2026_tool|literacy,literacy,word_writing,literacy,398.0,stack,,4.0,percentile_within_panel,50.0,,
small_multiples_index,month,2026-08,q2_2026_tool,2026-08|q2_2026_tool|literacy,literacy,word_writing,literacy,398.0,stack,,4.0,rank_within_panel,3.0,,
small_multiples_index,month,2026-08,q2_2026_tool,2026-08|q2_2026_tool|numeracy,numeracy,addition,numeracy,398.0,stack_with_caveat,crosswalk_caveat,5.0,pct_students_cleared,76.88442211055276,,
small_multiples_index,month,2026-08,q2_2026_tool,2026-08|q2_2026_tool|numeracy,numeracy,addition,numeracy,398.0,stack_with_caveat,crosswalk_caveat,5.0,z_within_panel,1.5807893732871974,,
small_multiples_index,month,2026-08,q2_2026_tool,2026-08|q2_2026_tool|numeracy,numeracy,addition,numeracy,398.0,stack_with_caveat,crosswalk_caveat,5.0,percentile_within_panel,100.0,,
small_multiples_index,month,2026-08,q2_2026_tool,2026-08|q2_2026_tool|numeracy,numeracy,addition,numeracy,398.0,stack_with_caveat,crosswalk_caveat,5.0,rank_within_panel,1.0,,
small_multiples_index,month,2026-08,q2_2026_tool,2026-08|q2_2026_tool|numeracy,numeracy,number_recognition,numeracy,398.0,stack,,5.0,pct_students_cleared,52.76381909547738,,
small_multiples_index,month,2026-08,q2_2026_tool,2026-08|q2_2026_tool|numeracy,numeracy,number_recognition,numeracy,398.0,stack,,5.0,z_within_panel,-0.19205852198816556,,
small_multiples_index,month,2026-08,q2_2026_tool,2026-08|q2_2026_tool|numeracy,numeracy,number_recognition,numeracy,398.0,stack,,5.0,percentile_within_panel,60.0,,
small_multiples_index,month,2026-08,q2_2026_tool,2026-08|q2_2026_tool|numeracy,numeracy,number_recognition,numeracy,398.0,stack,,5.0,rank_within_panel,3.0,,
small_multiples_index,month,2026-08,q2_2026_tool,2026-08|q2_2026_tool|numeracy,numeracy,pattern,numeracy,398.0,stack_with_caveat,perfect_score_required;crosswalk_caveat,5.0,pct_students_cleared,41.45728643216081,,
small_multiples_index,month,2026-08,q2_2026_tool,2026-08|q2_2026_tool|numeracy,numeracy,pattern,numeracy,398.0,stack_with_caveat,perfect_score_required;crosswalk_caveat,5.0,z_within_panel,-1.023080972898491,,
small_multiples_index,month,2026-08,q2_2026_tool,2026-08|q2_2026_tool|numeracy,numeracy,pattern,numeracy,398.0,stack_with_caveat,perfect_score_required;crosswalk_caveat,5.0,percentile_within_panel,20.0,,
small_multiples_index,month,2026-08,q2_2026_tool,2026-08|q2_2026_tool|numeracy,numeracy,pattern,numeracy,398.0,stack_with_caveat,perfect_score_required;crosswalk_caveat,5.0,rank_within_panel,5.0,,
small_multiples_index,month,2026-08,q2_2026_tool,2026-08|q2_2026_tool|numeracy,numeracy,place_value_bundles,numeracy,398.0,stack_with_caveat,crosswalk_caveat,5.0,pct_students_cleared,41.70854271356784,,
small_multiples_index,month,2026-08,q2_2026_tool,2026-08|q2_2026_tool|numeracy,numeracy,place_value_bundles,numeracy,398.0,stack_with_caveat,crosswalk_caveat,5.0,z_within_panel,-1.0046138073227064,,
small_multiples_index,month,2026-08,q2_2026_tool,2026-08|q2_2026_tool|numeracy,numeracy,place_value_bundles,numeracy,398.0,stack_with_caveat,crosswalk_caveat,5.0,percentile_within_panel,40.0,,
small_multiples_index,month,2026-08,q2_2026_tool,2026-08|q2_2026_tool|numeracy,numeracy,place_value_bundles,numeracy,398.0,stack_with_caveat,crosswalk_caveat,5.0,rank_within_panel,4.0,,
small_multiples_index,month,2026-08,q2_2026_tool,2026-08|q2_2026_tool|numeracy,numeracy,subtraction,numeracy,398.0,stack_with_caveat,crosswalk_caveat,5.0,pct_students_cleared,64.07035175879398,,
small_multiples_index,month,2026-08,q2_2026_tool,2026-08|q2_2026_tool|numeracy,numeracy,subtraction,numeracy,398.0,stack_with_caveat,crosswalk_caveat,5.0,z_within_panel,0.6389639289221616,,
small_multiples_index,month,2026-08,q2_2026_tool,2026-08|q2_2026_tool|numeracy,numeracy,subtraction,numeracy,398.0,stack_with_caveat,crosswalk_caveat,5.0,percentile_within_panel,80.0,,
small_multiples_index,month,2026-08,q2_2026_tool,2026-08|q2_2026_tool|numeracy,numeracy,subtraction,numeracy,398.0,stack_with_caveat,crosswalk_caveat,5.0,rank_within_panel,2.0,,
small_multiples_index,month,2026-08,q2_2026_tool,2026-08|q2_2026_tool|all,all,letter_recognition,literacy,398.0,stack,,9.0,pct_students_cleared,75.12562814070351,,
small_multiples_index,month,2026-08,q2_2026_tool,2026-08|q2_2026_tool|all,all,letter_recognition,literacy,398.0,stack,,9.0,z_within_panel,1.2842562410881369,,
small_multiples_index,month,2026-08,q2_2026_tool,2026-08|q2_2026_tool|all,all,letter_recognition,literacy,398.0,stack,,9.0,percentile_within_panel,88.88888888888889,,
small_multiples_index,month,2026-08,q2_2026_tool,2026-08|q2_2026_tool|all,all,letter_recognition,literacy,398.0,stack,,9.0,rank_within_panel,2.0,,
small_multiples_index,month,2026-08,q2_2026_tool,2026-08|q2_2026_tool|all,all,sentence_reading,literacy,398.0,stack,perfect_score_required,9.0,pct_students_cleared,29.64824120603015,,
small_multiples_index,month,2026-08,q2_2026_tool,2026-08|q2_2026_tool|all,all,sentence_reading,literacy,398.0,stack,perfect_score_required,9.0,z_within_panel,-1.730229950169177,,
small_multiples_index,month,2026-08,q2_2026_tool,2026-08|q2_2026_tool|all,all,sentence_reading,literacy,398.0,stack,perfect_score_required,9.0,percentile_within_panel,11.11111111111111,,
small_multiples_index,month,2026-08,q2_2026_tool,2026-08|q2_2026_tool|all,all,sentence_reading,literacy,398.0,stack,perfect_score_required,9.0,rank_within_panel,9.0,,
small_multiples_index,month,2026-08,q2_2026_tool,2026-08|q2_2026_tool|all,all,word_reading,literacy,398.0,stack,,9.0,pct_students_cleared,63.81909547738693,,
small_multiples_index,month,2026-08,q2_2026_tool,2026-08|q2_2026_tool|all,all,word_reading,literacy,398.0,stack,,9.0,z_within_panel,0.5347983482341087,,
small_multiples_index,month,2026-08,q2_2026_tool,2026-08|q2_2026_tool|all,all,word_reading,literacy,398.0,stack,,9.0,percentile_within_panel,66.66666666666666,,
small_multiples_index,month,2026-08,q2_2026_tool,2026-08|q2_2026_tool|all,all,word_reading,literacy,398.0,stack,,9.0,rank_within_panel,4.0,,
small_multiples_index,month,2026-08,q2_2026_tool,2026-08|q2_2026_tool|all,all,word_writing,literacy,398.0,stack,,9.0,pct_students_cleared,56.28140703517588,,
small_multiples_index,month,2026-08,q2_2026_tool,2026-08|q2_2026_tool|all,all,word_writing,literacy,398.0,stack,,9.0,z_within_panel,0.03515975299809012,,
small_multiples_index,month,2026-08,q2_2026_tool,2026-08|q2_2026_tool|all,all,word_writing,literacy,398.0,stack,,9.0,percentile_within_panel,55.55555555555556,,
small_multiples_index,month,2026-08,q2_2026_tool,2026-08|q2_2026_tool|all,all,word_writing,literacy,398.0,stack,,9.0,rank_within_panel,5.0,,
small_multiples_index,month,2026-08,q2_2026_tool,2026-08|q2_2026_tool|all,all,addition,numeracy,398.0,stack_with_caveat,crosswalk_caveat,9.0,pct_students_cleared,76.88442211055276,,
small_multiples_index,month,2026-08,q2_2026_tool,2026-08|q2_2026_tool|all,all,addition,numeracy,398.0,stack_with_caveat,crosswalk_caveat,9.0,z_within_panel,1.4008385799765415,,
small_multiples_index,month,2026-08,q2_2026_tool,2026-08|q2_2026_tool|all,all,addition,numeracy,398.0,stack_with_caveat,crosswalk_caveat,9.0,percentile_within_panel,100.0,,
small_multiples_index,month,2026-08,q2_2026_tool,2026-08|q2_2026_tool|all,all,addition,numeracy,398.0,stack_with_caveat,crosswalk_caveat,9.0,rank_within_panel,1.0,,
small_multiples_index,month,2026-08,q2_2026_tool,2026-08|q2_2026_tool|all,all,number_recognition,numeracy,398.0,stack,,9.0,pct_students_cleared,52.76381909547738,,
small_multiples_index,month,2026-08,q2_2026_tool,2026-08|q2_2026_tool|all,all,number_recognition,numeracy,398.0,stack,,9.0,z_within_panel,-0.19800492477871928,,
small_multiples_index,month,2026-08,q2_2026_tool,2026-08|q2_2026_tool|all,all,number_recognition,numeracy,398.0,stack,,9.0,percentile_within_panel,44.44444444444444,,
small_multiples_index,month,2026-08,q2_2026_tool,2026-08|q2_2026_tool|all,all,number_recognition,numeracy,398.0,stack,,9.0,rank_within_panel,6.0,,
small_multiples_index,month,2026-08,q2_2026_tool,2026-08|q2_2026_tool|all,all,pattern,numeracy,398.0,stack_with_caveat,perfect_score_required;crosswalk_caveat,9.0,pct_students_cleared,41.45728643216081,,
small_multiples_index,month,2026-08,q2_2026_tool,2026-08|q2_2026_tool|all,all,pattern,numeracy,398.0,stack_with_caveat,perfect_score_required;crosswalk_caveat,9.0,z_within_panel,-0.9474628176327471,,
small_multiples_index,month,2026-08,q2_2026_tool,2026-08|q2_2026_tool|all,all,pattern,numeracy,398.0,stack_with_caveat,perfect_score_required;crosswalk_caveat,9.0,percentile_within_panel,22.22222222222222,,
small_multiples_index,month,2026-08,q2_2026_tool,2026-08|q2_2026_tool|all,all,pattern,numeracy,398.0,stack_with_caveat,perfect_score_required;crosswalk_caveat,9.0,rank_within_panel,8.0,,
small_multiples_index,month,2026-08,q2_2026_tool,2026-08|q2_2026_tool|all,all,place_value_bundles,numeracy,398.0,stack_with_caveat,crosswalk_caveat,9.0,pct_students_cleared,41.70854271356784,,
small_multiples_index,month,2026-08,q2_2026_tool,2026-08|q2_2026_tool|all,all,place_value_bundles,numeracy,398.0,stack_with_caveat,crosswalk_caveat,9.0,z_within_panel,-0.9308081977915467,,
small_multiples_index,month,2026-08,q2_2026_tool,2026-08|q2_2026_tool|all,all,place_value_bundles,numeracy,398.0,stack_with_caveat,crosswalk_caveat,9.0,percentile_within_panel,33.33333333333333,,
small_multiples_index,month,2026-08,q2_2026_tool,2026-08|q2_2026_tool|all,all,place_value_bundles,numeracy,398.0,stack_with_caveat,crosswalk_caveat,9.0,rank_within_panel,7.0,,
small_multiples_index,month,2026-08,q2_2026_tool,2026-08|q2_2026_tool|all,all,subtraction,numeracy,398.0,stack_with_caveat,crosswalk_caveat,9.0,pct_students_cleared,64.07035175879398,,
small_multiples_index,month,2026-08,q2_2026_tool,2026-08|q2_2026_tool|all,all,subtraction,numeracy,398.0,stack_with_caveat,crosswalk_caveat,9.0,z_within_panel,0.5514529680753099,,
small_multiples_index,month,2026-08,q2_2026_tool,2026-08|q2_2026_tool|all,all,subtraction,numeracy,398.0,stack_with_caveat,crosswalk_caveat,9.0,percentile_within_panel,77.77777777777779,,
small_multiples_index,month,2026-08,q2_2026_tool,2026-08|q2_2026_tool|all,all,subtraction,numeracy,398.0,stack_with_caveat,crosswalk_caveat,9.0,rank_within_panel,3.0,,
mastery_bands,quarter,Q1_2026,q1_2026_tool,Q1_2026|q1_2026_tool,,addition,numeracy,175.0,stack_with_caveat,,,pct_students_b1_0,9.714285714285714,5.0,student_level_scores (top band = >=75%)
mastery_bands,quarter,Q1_2026,q1_2026_tool,Q1_2026|q1_2026_tool,,addition,numeracy,175.0,stack_with_caveat,,,pct_students_b2_lt25,0.0,5.0,student_level_scores (top band = >=75%)
mastery_bands,quarter,Q1_2026,q1_2026_tool,Q1_2026|q1_2026_tool,,addition,numeracy,175.0,stack_with_caveat,,,pct_students_b3_25_50,2.857142857142857,5.0,student_level_scores (top band = >=75%)
mastery_bands,quarter,Q1_2026,q1_2026_tool,Q1_2026|q1_2026_tool,,addition,numeracy,175.0,stack_with_caveat,,,pct_students_b4_50_75,2.2857142857142856,5.0,student_level_scores (top band = >=75%)
mastery_bands,quarter,Q1_2026,q1_2026_tool,Q1_2026|q1_2026_tool,,addition,numeracy,175.0,stack_with_caveat,,,pct_students_b5_75plus,85.14285714285714,5.0,student_level_scores (top band = >=75%)
mastery_bands,quarter,Q1_2026,q1_2026_tool,Q1_2026|q1_2026_tool,,addition,numeracy,175.0,stack_with_caveat,,,pct_students_tier_critical,9.714285714285714,5.0,student_level_scores (top band = >=75%)
mastery_bands,quarter,Q1_2026,q1_2026_tool,Q1_2026|q1_2026_tool,,addition,numeracy,175.0,stack_with_caveat,,,pct_students_tier_developing,5.142857142857143,5.0,student_level_scores (top band = >=75%)
mastery_bands,quarter,Q1_2026,q1_2026_tool,Q1_2026|q1_2026_tool,,addition,numeracy,175.0,stack_with_caveat,,,pct_students_tier_cleared,85.14285714285714,5.0,student_level_scores (top band = >=75%)
mastery_bands,quarter,Q1_2026,q1_2026_tool,Q1_2026|q1_2026_tool,,letter_recognition,literacy,175.0,stack,,,pct_students_b1_0,0.0,10.0,student_level_scores (top band = >=75%)
mastery_bands,quarter,Q1_2026,q1_2026_tool,Q1_2026|q1_2026_tool,,letter_recognition,literacy,175.0,stack,,,pct_students_b2_lt25,0.0,10.0,student_level_scores (top band = >=75%)
mastery_bands,quarter,Q1_2026,q1_2026_tool,Q1_2026|q1_2026_tool,,letter_recognition,literacy,175.0,stack,,,pct_students_b3_25_50,0.0,10.0,student_level_scores (top band = >=75%)
mastery_bands,quarter,Q1_2026,q1_2026_tool,Q1_2026|q1_2026_tool,,letter_recognition,literacy,175.0,stack,,,pct_students_b4_50_75,16.0,10.0,student_level_scores (top band = >=75%)
mastery_bands,quarter,Q1_2026,q1_2026_tool,Q1_2026|q1_2026_tool,,letter_recognition,literacy,175.0,stack,,,pct_students_b5_75plus,84.0,10.0,student_level_scores (top band = >=75%)
mastery_bands,quarter,Q1_2026,q1_2026_tool,Q1_2026|q1_2026_tool,,letter_recognition,literacy,175.0,stack,,,pct_students_tier_critical,0.0,10.0,student_level_scores (top band = >=75%)
mastery_bands,quarter,Q1_2026,q1_2026_tool,Q1_2026|q1_2026_tool,,letter_recognition,literacy,175.0,stack,,,pct_students_tier_developing,16.0,10.0,student_level_scores (top band = >=75%)
mastery_bands,quarter,Q1_2026,q1_2026_tool,Q1_2026|q1_2026_tool,,letter_recognition,literacy,175.0,stack,,,pct_students_tier_cleared,84.0,10.0,student_level_scores (top band = >=75%)
mastery_bands,quarter,Q1_2026,q1_2026_tool,Q1_2026|q1_2026_tool,,number_recognition,numeracy,175.0,stack,,,pct_students_b1_0,0.0,10.0,student_level_scores (top band = >=75%)
mastery_bands,quarter,Q1_2026,q1_2026_tool,Q1_2026|q1_2026_tool,,number_recognition,numeracy,175.0,stack,,,pct_students_b2_lt25,0.0,10.0,student_level_scores (top band = >=75%)
mastery_bands,quarter,Q1_2026,q1_2026_tool,Q1_2026|q1_2026_tool,,number_recognition,numeracy,175.0,stack,,,pct_students_b3_25_50,4.571428571428571,10.0,student_level_scores (top band = >=75%)
mastery_bands,quarter,Q1_2026,q1_2026_tool,Q1_2026|q1_2026_tool,,number_recognition,numeracy,175.0,stack,,,pct_students_b4_50_75,33.714285714285715,10.0,student_level_scores (top band = >=75%)
mastery_bands,quarter,Q1_2026,q1_2026_tool,Q1_2026|q1_2026_tool,,number_recognition,numeracy,175.0,stack,,,pct_students_b5_75plus,61.714285714285715,10.0,student_level_scores (top band = >=75%)
mastery_bands,quarter,Q1_2026,q1_2026_tool,Q1_2026|q1_2026_tool,,number_recognition,numeracy,175.0,stack,,,pct_students_tier_critical,0.0,10.0,student_level_scores (top band = >=75%)
mastery_bands,quarter,Q1_2026,q1_2026_tool,Q1_2026|q1_2026_tool,,number_recognition,numeracy,175.0,stack,,,pct_students_tier_developing,38.285714285714285,10.0,student_level_scores (top band = >=75%)
mastery_bands,quarter,Q1_2026,q1_2026_tool,Q1_2026|q1_2026_tool,,number_recognition,numeracy,175.0,stack,,,pct_students_tier_cleared,61.714285714285715,10.0,student_level_scores (top band = >=75%)
mastery_bands,quarter,Q1_2026,q1_2026_tool,Q1_2026|q1_2026_tool,,pattern,numeracy,175.0,stack_with_caveat,,,pct_students_b1_0,15.428571428571429,4.0,student_level_scores (top band = >=75%)
mastery_bands,quarter,Q1_2026,q1_2026_tool,Q1_2026|q1_2026_tool,,pattern,numeracy,175.0,stack_with_caveat,,,pct_students_b2_lt25,0.0,4.0,student_level_scores (top band = >=75%)
mastery_bands,quarter,Q1_2026,q1_2026_tool,Q1_2026|q1_2026_tool,,pattern,numeracy,175.0,stack_with_caveat,,,pct_students_b3_25_50,9.142857142857142,4.0,student_level_scores (top band = >=75%)
mastery_bands,quarter,Q1_2026,q1_2026_tool,Q1_2026|q1_2026_tool,,pattern,numeracy,175.0,stack_with_caveat,,,pct_students_b4_50_75,21.714285714285715,4.0,student_level_scores (top band = >=75%)
mastery_bands,quarter,Q1_2026,q1_2026_tool,Q1_2026|q1_2026_tool,,pattern,numeracy,175.0,stack_with_caveat,,,pct_students_b5_75plus,53.714285714285715,4.0,student_level_scores (top band = >=75%)
mastery_bands,quarter,Q1_2026,q1_2026_tool,Q1_2026|q1_2026_tool,,pattern,numeracy,175.0,stack_with_caveat,,,pct_students_tier_critical,15.428571428571429,4.0,student_level_scores (top band = >=75%)
mastery_bands,quarter,Q1_2026,q1_2026_tool,Q1_2026|q1_2026_tool,,pattern,numeracy,175.0,stack_with_caveat,,,pct_students_tier_developing,30.857142857142858,4.0,student_level_scores (top band = >=75%)
mastery_bands,quarter,Q1_2026,q1_2026_tool,Q1_2026|q1_2026_tool,,pattern,numeracy,175.0,stack_with_caveat,,,pct_students_tier_cleared,53.714285714285715,4.0,student_level_scores (top band = >=75%)
mastery_bands,quarter,Q1_2026,q1_2026_tool,Q1_2026|q1_2026_tool,,place_value_bundles,numeracy,175.0,stack_with_caveat,,,pct_students_b1_0,10.285714285714286,5.0,student_level_scores (top band = >=75%)
mastery_bands,quarter,Q1_2026,q1_2026_tool,Q1_2026|q1_2026_tool,,place_value_bundles,numeracy,175.0,stack_with_caveat,,,pct_students_b2_lt25,0.0,5.0,student_level_scores (top band = >=75%)
mastery_bands,quarter,Q1_2026,q1_2026_tool,Q1_2026|q1_2026_tool,,place_value_bundles,numeracy,175.0,stack_with_caveat,,,pct_students_b3_25_50,23.428571428571427,5.0,student_level_scores (top band = >=75%)
mastery_bands,quarter,Q1_2026,q1_2026_tool,Q1_2026|q1_2026_tool,,place_value_bundles,numeracy,175.0,stack_with_caveat,,,pct_students_b4_50_75,11.428571428571429,5.0,student_level_scores (top band = >=75%)
mastery_bands,quarter,Q1_2026,q1_2026_tool,Q1_2026|q1_2026_tool,,place_value_bundles,numeracy,175.0,stack_with_caveat,,,pct_students_b5_75plus,54.857142857142854,5.0,student_level_scores (top band = >=75%)
mastery_bands,quarter,Q1_2026,q1_2026_tool,Q1_2026|q1_2026_tool,,place_value_bundles,numeracy,175.0,stack_with_caveat,,,pct_students_tier_critical,10.285714285714286,5.0,student_level_scores (top band = >=75%)
mastery_bands,quarter,Q1_2026,q1_2026_tool,Q1_2026|q1_2026_tool,,place_value_bundles,numeracy,175.0,stack_with_caveat,,,pct_students_tier_developing,34.857142857142854,5.0,student_level_scores (top band = >=75%)
mastery_bands,quarter,Q1_2026,q1_2026_tool,Q1_2026|q1_2026_tool,,place_value_bundles,numeracy,175.0,stack_with_caveat,,,pct_students_tier_cleared,54.857142857142854,5.0,student_level_scores (top band = >=75%)
mastery_bands,quarter,Q1_2026,q1_2026_tool,Q1_2026|q1_2026_tool,,sentence_reading,literacy,175.0,stack,,,pct_students_b1_0,44.57142857142857,3.0,student_level_scores (top band = >=75%)
mastery_bands,quarter,Q1_2026,q1_2026_tool,Q1_2026|q1_2026_tool,,sentence_reading,literacy,175.0,stack,,,pct_students_b2_lt25,0.0,3.0,student_level_scores (top band = >=75%)
mastery_bands,quarter,Q1_2026,q1_2026_tool,Q1_2026|q1_2026_tool,,sentence_reading,literacy,175.0,stack,,,pct_students_b3_25_50,0.0,3.0,student_level_scores (top band = >=75%)
mastery_bands,quarter,Q1_2026,q1_2026_tool,Q1_2026|q1_2026_tool,,sentence_reading,literacy,175.0,stack,,,pct_students_b4_50_75,12.571428571428571,3.0,student_level_scores (top band = >=75%)
mastery_bands,quarter,Q1_2026,q1_2026_tool,Q1_2026|q1_2026_tool,,sentence_reading,literacy,175.0,stack,,,pct_students_b5_75plus,42.857142857142854,3.0,student_level_scores (top band = >=75%)
mastery_bands,quarter,Q1_2026,q1_2026_tool,Q1_2026|q1_2026_tool,,sentence_reading,literacy,175.0,stack,,,pct_students_tier_critical,44.57142857142857,3.0,student_level_scores (top band = >=75%)
mastery_bands,quarter,Q1_2026,q1_2026_tool,Q1_2026|q1_2026_tool,,sentence_reading,literacy,175.0,stack,,,pct_students_tier_developing,12.571428571428571,3.0,student_level_scores (top band = >=75%)
mastery_bands,quarter,Q1_2026,q1_2026_tool,Q1_2026|q1_2026_tool,,sentence_reading,literacy,175.0,stack,,,pct_students_tier_cleared,42.857142857142854,3.0,student_level_scores (top band = >=75%)
mastery_bands,quarter,Q1_2026,q1_2026_tool,Q1_2026|q1_2026_tool,,subtraction,numeracy,175.0,stack_with_caveat,,,pct_students_b1_0,21.142857142857142,5.0,student_level_scores (top band = >=75%)
mastery_bands,quarter,Q1_2026,q1_2026_tool,Q1_2026|q1_2026_tool,,subtraction,numeracy,175.0,stack_with_caveat,,,pct_students_b2_lt25,0.0,5.0,student_level_scores (top band = >=75%)
mastery_bands,quarter,Q1_2026,q1_2026_tool,Q1_2026|q1_2026_tool,,subtraction,numeracy,175.0,stack_with_caveat,,,pct_students_b3_25_50,6.285714285714286,5.0,student_level_scores (top band = >=75%)
mastery_bands,quarter,Q1_2026,q1_2026_tool,Q1_2026|q1_2026_tool,,subtraction,numeracy,175.0,stack_with_caveat,,,pct_students_b4_50_75,1.7142857142857142,5.0,student_level_scores (top band = >=75%)
mastery_bands,quarter,Q1_2026,q1_2026_tool,Q1_2026|q1_2026_tool,,subtraction,numeracy,175.0,stack_with_caveat,,,pct_students_b5_75plus,70.85714285714286,5.0,student_level_scores (top band = >=75%)
mastery_bands,quarter,Q1_2026,q1_2026_tool,Q1_2026|q1_2026_tool,,subtraction,numeracy,175.0,stack_with_caveat,,,pct_students_tier_critical,21.142857142857142,5.0,student_level_scores (top band = >=75%)
mastery_bands,quarter,Q1_2026,q1_2026_tool,Q1_2026|q1_2026_tool,,subtraction,numeracy,175.0,stack_with_caveat,,,pct_students_tier_developing,8.0,5.0,student_level_scores (top band = >=75%)
mastery_bands,quarter,Q1_2026,q1_2026_tool,Q1_2026|q1_2026_tool,,subtraction,numeracy,175.0,stack_with_caveat,,,pct_students_tier_cleared,70.85714285714286,5.0,student_level_scores (top band = >=75%)
mastery_bands,quarter,Q1_2026,q1_2026_tool,Q1_2026|q1_2026_tool,,word_reading,literacy,175.0,stack,,,pct_students_b1_0,0.0,11.0,student_level_scores (top band = >=75%)
mastery_bands,quarter,Q1_2026,q1_2026_tool,Q1_2026|q1_2026_tool,,word_reading,literacy,175.0,stack,,,pct_students_b2_lt25,0.0,11.0,student_level_scores (top band = >=75%)
mastery_bands,quarter,Q1_2026,q1_2026_tool,Q1_2026|q1_2026_tool,,word_reading,literacy,175.0,stack,,,pct_students_b3_25_50,1.7142857142857142,11.0,student_level_scores (top band = >=75%)
mastery_bands,quarter,Q1_2026,q1_2026_tool,Q1_2026|q1_2026_tool,,word_reading,literacy,175.0,stack,,,pct_students_b4_50_75,21.714285714285715,11.0,student_level_scores (top band = >=75%)
mastery_bands,quarter,Q1_2026,q1_2026_tool,Q1_2026|q1_2026_tool,,word_reading,literacy,175.0,stack,,,pct_students_b5_75plus,76.57142857142857,11.0,student_level_scores (top band = >=75%)
mastery_bands,quarter,Q1_2026,q1_2026_tool,Q1_2026|q1_2026_tool,,word_reading,literacy,175.0,stack,,,pct_students_tier_critical,0.0,11.0,student_level_scores (top band = >=75%)
mastery_bands,quarter,Q1_2026,q1_2026_tool,Q1_2026|q1_2026_tool,,word_reading,literacy,175.0,stack,,,pct_students_tier_developing,23.428571428571427,11.0,student_level_scores (top band = >=75%)
mastery_bands,quarter,Q1_2026,q1_2026_tool,Q1_2026|q1_2026_tool,,word_reading,literacy,175.0,stack,,,pct_students_tier_cleared,76.57142857142857,11.0,student_level_scores (top band = >=75%)
mastery_bands,quarter,Q1_2026,q1_2026_tool,Q1_2026|q1_2026_tool,,word_writing,literacy,175.0,stack,,,pct_students_b1_0,14.285714285714286,5.0,student_level_scores (top band = >=75%)
mastery_bands,quarter,Q1_2026,q1_2026_tool,Q1_2026|q1_2026_tool,,word_writing,literacy,175.0,stack,,,pct_students_b2_lt25,0.0,5.0,student_level_scores (top band = >=75%)
mastery_bands,quarter,Q1_2026,q1_2026_tool,Q1_2026|q1_2026_tool,,word_writing,literacy,175.0,stack,,,pct_students_b3_25_50,8.571428571428571,5.0,student_level_scores (top band = >=75%)
mastery_bands,quarter,Q1_2026,q1_2026_tool,Q1_2026|q1_2026_tool,,word_writing,literacy,175.0,stack,,,pct_students_b4_50_75,17.142857142857142,5.0,student_level_scores (top band = >=75%)
mastery_bands,quarter,Q1_2026,q1_2026_tool,Q1_2026|q1_2026_tool,,word_writing,literacy,175.0,stack,,,pct_students_b5_75plus,60.0,5.0,student_level_scores (top band = >=75%)
mastery_bands,quarter,Q1_2026,q1_2026_tool,Q1_2026|q1_2026_tool,,word_writing,literacy,175.0,stack,,,pct_students_tier_critical,14.285714285714286,5.0,student_level_scores (top band = >=75%)
mastery_bands,quarter,Q1_2026,q1_2026_tool,Q1_2026|q1_2026_tool,,word_writing,literacy,175.0,stack,,,pct_students_tier_developing,25.714285714285715,5.0,student_level_scores (top band = >=75%)
mastery_bands,quarter,Q1_2026,q1_2026_tool,Q1_2026|q1_2026_tool,,word_writing,literacy,175.0,stack,,,pct_students_tier_cleared,60.0,5.0,student_level_scores (top band = >=75%)
mastery_bands,quarter,Q2_2025,aug_tool,Q2_2025|aug_tool,,addition_1digit,numeracy,81.0,stack_with_caveat,,,pct_students_b1_0,3.7037037037037037,5.0,student_level_scores (top band = >=75%)
mastery_bands,quarter,Q2_2025,aug_tool,Q2_2025|aug_tool,,addition_1digit,numeracy,81.0,stack_with_caveat,,,pct_students_b2_lt25,0.0,5.0,student_level_scores (top band = >=75%)
mastery_bands,quarter,Q2_2025,aug_tool,Q2_2025|aug_tool,,addition_1digit,numeracy,81.0,stack_with_caveat,,,pct_students_b3_25_50,4.938271604938271,5.0,student_level_scores (top band = >=75%)
mastery_bands,quarter,Q2_2025,aug_tool,Q2_2025|aug_tool,,addition_1digit,numeracy,81.0,stack_with_caveat,,,pct_students_b4_50_75,6.172839506172839,5.0,student_level_scores (top band = >=75%)
mastery_bands,quarter,Q2_2025,aug_tool,Q2_2025|aug_tool,,addition_1digit,numeracy,81.0,stack_with_caveat,,,pct_students_b5_75plus,85.18518518518519,5.0,student_level_scores (top band = >=75%)
mastery_bands,quarter,Q2_2025,aug_tool,Q2_2025|aug_tool,,addition_1digit,numeracy,81.0,stack_with_caveat,,,pct_students_tier_critical,3.7037037037037037,5.0,student_level_scores (top band = >=75%)
mastery_bands,quarter,Q2_2025,aug_tool,Q2_2025|aug_tool,,addition_1digit,numeracy,81.0,stack_with_caveat,,,pct_students_tier_developing,11.11111111111111,5.0,student_level_scores (top band = >=75%)
mastery_bands,quarter,Q2_2025,aug_tool,Q2_2025|aug_tool,,addition_1digit,numeracy,81.0,stack_with_caveat,,,pct_students_tier_cleared,85.18518518518519,5.0,student_level_scores (top band = >=75%)
mastery_bands,quarter,Q2_2025,aug_tool,Q2_2025|aug_tool,,letter_recognition,literacy,81.0,stack_with_caveat,,,pct_students_b1_0,0.0,7.0,student_level_scores (top band = >=75%)
mastery_bands,quarter,Q2_2025,aug_tool,Q2_2025|aug_tool,,letter_recognition,literacy,81.0,stack_with_caveat,,,pct_students_b2_lt25,3.7037037037037037,7.0,student_level_scores (top band = >=75%)
mastery_bands,quarter,Q2_2025,aug_tool,Q2_2025|aug_tool,,letter_recognition,literacy,81.0,stack_with_caveat,,,pct_students_b3_25_50,2.4691358024691357,7.0,student_level_scores (top band = >=75%)
mastery_bands,quarter,Q2_2025,aug_tool,Q2_2025|aug_tool,,letter_recognition,literacy,81.0,stack_with_caveat,,,pct_students_b4_50_75,12.345679012345679,7.0,student_level_scores (top band = >=75%)
mastery_bands,quarter,Q2_2025,aug_tool,Q2_2025|aug_tool,,letter_recognition,literacy,81.0,stack_with_caveat,,,pct_students_b5_75plus,81.48148148148148,7.0,student_level_scores (top band = >=75%)
mastery_bands,quarter,Q2_2025,aug_tool,Q2_2025|aug_tool,,letter_recognition,literacy,81.0,stack_with_caveat,,,pct_students_tier_critical,3.7037037037037037,7.0,student_level_scores (top band = >=75%)
mastery_bands,quarter,Q2_2025,aug_tool,Q2_2025|aug_tool,,letter_recognition,literacy,81.0,stack_with_caveat,,,pct_students_tier_developing,14.814814814814815,7.0,student_level_scores (top band = >=75%)
mastery_bands,quarter,Q2_2025,aug_tool,Q2_2025|aug_tool,,letter_recognition,literacy,81.0,stack_with_caveat,,,pct_students_tier_cleared,81.48148148148148,7.0,student_level_scores (top band = >=75%)
mastery_bands,quarter,Q2_2025,aug_tool,Q2_2025|aug_tool,,number_comparison,numeracy,81.0,stack_with_caveat,,,pct_students_b1_0,2.4691358024691357,4.0,student_level_scores (top band = >=75%)
mastery_bands,quarter,Q2_2025,aug_tool,Q2_2025|aug_tool,,number_comparison,numeracy,81.0,stack_with_caveat,,,pct_students_b2_lt25,0.0,4.0,student_level_scores (top band = >=75%)
mastery_bands,quarter,Q2_2025,aug_tool,Q2_2025|aug_tool,,number_comparison,numeracy,81.0,stack_with_caveat,,,pct_students_b3_25_50,0.0,4.0,student_level_scores (top band = >=75%)
mastery_bands,quarter,Q2_2025,aug_tool,Q2_2025|aug_tool,,number_comparison,numeracy,81.0,stack_with_caveat,,,pct_students_b4_50_75,3.7037037037037037,4.0,student_level_scores (top band = >=75%)
mastery_bands,quarter,Q2_2025,aug_tool,Q2_2025|aug_tool,,number_comparison,numeracy,81.0,stack_with_caveat,,,pct_students_b5_75plus,93.82716049382717,4.0,student_level_scores (top band = >=75%)
mastery_bands,quarter,Q2_2025,aug_tool,Q2_2025|aug_tool,,number_comparison,numeracy,81.0,stack_with_caveat,,,pct_students_tier_critical,2.4691358024691357,4.0,student_level_scores (top band = >=75%)
mastery_bands,quarter,Q2_2025,aug_tool,Q2_2025|aug_tool,,number_comparison,numeracy,81.0,stack_with_caveat,,,pct_students_tier_developing,3.7037037037037037,4.0,student_level_scores (top band = >=75%)
mastery_bands,quarter,Q2_2025,aug_tool,Q2_2025|aug_tool,,number_comparison,numeracy,81.0,stack_with_caveat,,,pct_students_tier_cleared,93.82716049382717,4.0,student_level_scores (top band = >=75%)
mastery_bands,quarter,Q2_2025,aug_tool,Q2_2025|aug_tool,,oral_language_dev,literacy,81.0,stack_with_caveat,,,pct_students_b1_0,0.0,2.0,student_level_scores (top band = >=75%)
mastery_bands,quarter,Q2_2025,aug_tool,Q2_2025|aug_tool,,oral_language_dev,literacy,81.0,stack_with_caveat,,,pct_students_b2_lt25,0.0,2.0,student_level_scores (top band = >=75%)
mastery_bands,quarter,Q2_2025,aug_tool,Q2_2025|aug_tool,,oral_language_dev,literacy,81.0,stack_with_caveat,,,pct_students_b3_25_50,0.0,2.0,student_level_scores (top band = >=75%)
mastery_bands,quarter,Q2_2025,aug_tool,Q2_2025|aug_tool,,oral_language_dev,literacy,81.0,stack_with_caveat,,,pct_students_b4_50_75,0.0,2.0,student_level_scores (top band = >=75%)
mastery_bands,quarter,Q2_2025,aug_tool,Q2_2025|aug_tool,,oral_language_dev,literacy,81.0,stack_with_caveat,,,pct_students_b5_75plus,100.0,2.0,student_level_scores (top band = >=75%)
mastery_bands,quarter,Q2_2025,aug_tool,Q2_2025|aug_tool,,oral_language_dev,literacy,81.0,stack_with_caveat,,,pct_students_tier_critical,0.0,2.0,student_level_scores (top band = >=75%)
mastery_bands,quarter,Q2_2025,aug_tool,Q2_2025|aug_tool,,oral_language_dev,literacy,81.0,stack_with_caveat,,,pct_students_tier_developing,0.0,2.0,student_level_scores (top band = >=75%)
mastery_bands,quarter,Q2_2025,aug_tool,Q2_2025|aug_tool,,oral_language_dev,literacy,81.0,stack_with_caveat,,,pct_students_tier_cleared,100.0,2.0,student_level_scores (top band = >=75%)
mastery_bands,quarter,Q2_2025,aug_tool,Q2_2025|aug_tool,,place_value_bundles,numeracy,81.0,stack_with_caveat,,,pct_students_b1_0,30.864197530864196,3.0,student_level_scores (top band = >=75%)
mastery_bands,quarter,Q2_2025,aug_tool,Q2_2025|aug_tool,,place_value_bundles,numeracy,81.0,stack_with_caveat,,,pct_students_b2_lt25,0.0,3.0,student_level_scores (top band = >=75%)
mastery_bands,quarter,Q2_2025,aug_tool,Q2_2025|aug_tool,,place_value_bundles,numeracy,81.0,stack_with_caveat,,,pct_students_b3_25_50,0.0,3.0,student_level_scores (top band = >=75%)
mastery_bands,quarter,Q2_2025,aug_tool,Q2_2025|aug_tool,,place_value_bundles,numeracy,81.0,stack_with_caveat,,,pct_students_b4_50_75,13.580246913580247,3.0,student_level_scores (top band = >=75%)
mastery_bands,quarter,Q2_2025,aug_tool,Q2_2025|aug_tool,,place_value_bundles,numeracy,81.0,stack_with_caveat,,,pct_students_b5_75plus,55.55555555555556,3.0,student_level_scores (top band = >=75%)
mastery_bands,quarter,Q2_2025,aug_tool,Q2_2025|aug_tool,,place_value_bundles,numeracy,81.0,stack_with_caveat,,,pct_students_tier_critical,30.864197530864196,3.0,student_level_scores (top band = >=75%)
mastery_bands,quarter,Q2_2025,aug_tool,Q2_2025|aug_tool,,place_value_bundles,numeracy,81.0,stack_with_caveat,,,pct_students_tier_developing,13.580246913580247,3.0,student_level_scores (top band = >=75%)
mastery_bands,quarter,Q2_2025,aug_tool,Q2_2025|aug_tool,,place_value_bundles,numeracy,81.0,stack_with_caveat,,,pct_students_tier_cleared,55.55555555555556,3.0,student_level_scores (top band = >=75%)
mastery_bands,quarter,Q2_2025,aug_tool,Q2_2025|aug_tool,,subtraction_1digit,numeracy,81.0,stack_with_caveat,,,pct_students_b1_0,11.11111111111111,5.0,student_level_scores (top band = >=75%)
mastery_bands,quarter,Q2_2025,aug_tool,Q2_2025|aug_tool,,subtraction_1digit,numeracy,81.0,stack_with_caveat,,,pct_students_b2_lt25,0.0,5.0,student_level_scores (top band = >=75%)
mastery_bands,quarter,Q2_2025,aug_tool,Q2_2025|aug_tool,,subtraction_1digit,numeracy,81.0,stack_with_caveat,,,pct_students_b3_25_50,3.7037037037037037,5.0,student_level_scores (top band = >=75%)
mastery_bands,quarter,Q2_2025,aug_tool,Q2_2025|aug_tool,,subtraction_1digit,numeracy,81.0,stack_with_caveat,,,pct_students_b4_50_75,8.641975308641975,5.0,student_level_scores (top band = >=75%)
mastery_bands,quarter,Q2_2025,aug_tool,Q2_2025|aug_tool,,subtraction_1digit,numeracy,81.0,stack_with_caveat,,,pct_students_b5_75plus,76.54320987654322,5.0,student_level_scores (top band = >=75%)
mastery_bands,quarter,Q2_2025,aug_tool,Q2_2025|aug_tool,,subtraction_1digit,numeracy,81.0,stack_with_caveat,,,pct_students_tier_critical,11.11111111111111,5.0,student_level_scores (top band = >=75%)
mastery_bands,quarter,Q2_2025,aug_tool,Q2_2025|aug_tool,,subtraction_1digit,numeracy,81.0,stack_with_caveat,,,pct_students_tier_developing,12.345679012345679,5.0,student_level_scores (top band = >=75%)
mastery_bands,quarter,Q2_2025,aug_tool,Q2_2025|aug_tool,,subtraction_1digit,numeracy,81.0,stack_with_caveat,,,pct_students_tier_cleared,76.54320987654322,5.0,student_level_scores (top band = >=75%)
mastery_bands,quarter,Q2_2025,aug_tool,Q2_2025|aug_tool,,word_writing,literacy,81.0,stack_with_caveat,,,pct_students_b1_0,11.11111111111111,3.0,student_level_scores (top band = >=75%)
mastery_bands,quarter,Q2_2025,aug_tool,Q2_2025|aug_tool,,word_writing,literacy,81.0,stack_with_caveat,,,pct_students_b2_lt25,0.0,3.0,student_level_scores (top band = >=75%)
mastery_bands,quarter,Q2_2025,aug_tool,Q2_2025|aug_tool,,word_writing,literacy,81.0,stack_with_caveat,,,pct_students_b3_25_50,0.0,3.0,student_level_scores (top band = >=75%)
mastery_bands,quarter,Q2_2025,aug_tool,Q2_2025|aug_tool,,word_writing,literacy,81.0,stack_with_caveat,,,pct_students_b4_50_75,33.333333333333336,3.0,student_level_scores (top band = >=75%)
mastery_bands,quarter,Q2_2025,aug_tool,Q2_2025|aug_tool,,word_writing,literacy,81.0,stack_with_caveat,,,pct_students_b5_75plus,55.55555555555556,3.0,student_level_scores (top band = >=75%)
mastery_bands,quarter,Q2_2025,aug_tool,Q2_2025|aug_tool,,word_writing,literacy,81.0,stack_with_caveat,,,pct_students_tier_critical,11.11111111111111,3.0,student_level_scores (top band = >=75%)
mastery_bands,quarter,Q2_2025,aug_tool,Q2_2025|aug_tool,,word_writing,literacy,81.0,stack_with_caveat,,,pct_students_tier_developing,33.333333333333336,3.0,student_level_scores (top band = >=75%)
mastery_bands,quarter,Q2_2025,aug_tool,Q2_2025|aug_tool,,word_writing,literacy,81.0,stack_with_caveat,,,pct_students_tier_cleared,55.55555555555556,3.0,student_level_scores (top band = >=75%)
mastery_bands,quarter,Q2_2025,july_tool,Q2_2025|july_tool,,add_sub_1digit_combined,numeracy,29.0,single_source,,,pct_students_b1_0,10.344827586206897,3.0,student_level_scores (top band = >=75%)
mastery_bands,quarter,Q2_2025,july_tool,Q2_2025|july_tool,,add_sub_1digit_combined,numeracy,29.0,single_source,,,pct_students_b2_lt25,0.0,3.0,student_level_scores (top band = >=75%)
mastery_bands,quarter,Q2_2025,july_tool,Q2_2025|july_tool,,add_sub_1digit_combined,numeracy,29.0,single_source,,,pct_students_b3_25_50,0.0,3.0,student_level_scores (top band = >=75%)
mastery_bands,quarter,Q2_2025,july_tool,Q2_2025|july_tool,,add_sub_1digit_combined,numeracy,29.0,single_source,,,pct_students_b4_50_75,20.689655172413794,3.0,student_level_scores (top band = >=75%)
mastery_bands,quarter,Q2_2025,july_tool,Q2_2025|july_tool,,add_sub_1digit_combined,numeracy,29.0,single_source,,,pct_students_b5_75plus,68.96551724137932,3.0,student_level_scores (top band = >=75%)
mastery_bands,quarter,Q2_2025,july_tool,Q2_2025|july_tool,,add_sub_1digit_combined,numeracy,29.0,single_source,,,pct_students_tier_critical,10.344827586206897,3.0,student_level_scores (top band = >=75%)
mastery_bands,quarter,Q2_2025,july_tool,Q2_2025|july_tool,,add_sub_1digit_combined,numeracy,29.0,single_source,,,pct_students_tier_developing,20.689655172413794,3.0,student_level_scores (top band = >=75%)
mastery_bands,quarter,Q2_2025,july_tool,Q2_2025|july_tool,,add_sub_1digit_combined,numeracy,29.0,single_source,,,pct_students_tier_cleared,68.96551724137932,3.0,student_level_scores (top band = >=75%)
mastery_bands,quarter,Q2_2025,july_tool,Q2_2025|july_tool,,number_comparison,numeracy,29.0,stack_with_caveat,,,pct_students_b1_0,27.586206896551722,2.0,student_level_scores (top band = >=75%)
mastery_bands,quarter,Q2_2025,july_tool,Q2_2025|july_tool,,number_comparison,numeracy,29.0,stack_with_caveat,,,pct_students_b2_lt25,0.0,2.0,student_level_scores (top band = >=75%)
mastery_bands,quarter,Q2_2025,july_tool,Q2_2025|july_tool,,number_comparison,numeracy,29.0,stack_with_caveat,,,pct_students_b3_25_50,0.0,2.0,student_level_scores (top band = >=75%)
mastery_bands,quarter,Q2_2025,july_tool,Q2_2025|july_tool,,number_comparison,numeracy,29.0,stack_with_caveat,,,pct_students_b4_50_75,0.0,2.0,student_level_scores (top band = >=75%)
mastery_bands,quarter,Q2_2025,july_tool,Q2_2025|july_tool,,number_comparison,numeracy,29.0,stack_with_caveat,,,pct_students_b5_75plus,72.41379310344827,2.0,student_level_scores (top band = >=75%)
mastery_bands,quarter,Q2_2025,july_tool,Q2_2025|july_tool,,number_comparison,numeracy,29.0,stack_with_caveat,,,pct_students_tier_critical,27.586206896551722,2.0,student_level_scores (top band = >=75%)
mastery_bands,quarter,Q2_2025,july_tool,Q2_2025|july_tool,,number_comparison,numeracy,29.0,stack_with_caveat,,,pct_students_tier_developing,0.0,2.0,student_level_scores (top band = >=75%)
mastery_bands,quarter,Q2_2025,july_tool,Q2_2025|july_tool,,number_comparison,numeracy,29.0,stack_with_caveat,,,pct_students_tier_cleared,72.41379310344827,2.0,student_level_scores (top band = >=75%)
mastery_bands,quarter,Q2_2025,july_tool,Q2_2025|july_tool,,oral_language_dev,literacy,29.0,stack_with_caveat,,,pct_students_b1_0,0.0,2.0,student_level_scores (top band = >=75%)
mastery_bands,quarter,Q2_2025,july_tool,Q2_2025|july_tool,,oral_language_dev,literacy,29.0,stack_with_caveat,,,pct_students_b2_lt25,0.0,2.0,student_level_scores (top band = >=75%)
mastery_bands,quarter,Q2_2025,july_tool,Q2_2025|july_tool,,oral_language_dev,literacy,29.0,stack_with_caveat,,,pct_students_b3_25_50,0.0,2.0,student_level_scores (top band = >=75%)
mastery_bands,quarter,Q2_2025,july_tool,Q2_2025|july_tool,,oral_language_dev,literacy,29.0,stack_with_caveat,,,pct_students_b4_50_75,3.4482758620689653,2.0,student_level_scores (top band = >=75%)
mastery_bands,quarter,Q2_2025,july_tool,Q2_2025|july_tool,,oral_language_dev,literacy,29.0,stack_with_caveat,,,pct_students_b5_75plus,96.55172413793103,2.0,student_level_scores (top band = >=75%)
mastery_bands,quarter,Q2_2025,july_tool,Q2_2025|july_tool,,oral_language_dev,literacy,29.0,stack_with_caveat,,,pct_students_tier_critical,0.0,2.0,student_level_scores (top band = >=75%)
mastery_bands,quarter,Q2_2025,july_tool,Q2_2025|july_tool,,oral_language_dev,literacy,29.0,stack_with_caveat,,,pct_students_tier_developing,3.4482758620689653,2.0,student_level_scores (top band = >=75%)
mastery_bands,quarter,Q2_2025,july_tool,Q2_2025|july_tool,,oral_language_dev,literacy,29.0,stack_with_caveat,,,pct_students_tier_cleared,96.55172413793103,2.0,student_level_scores (top band = >=75%)
mastery_bands,quarter,Q2_2025,july_tool,Q2_2025|july_tool,,pattern,numeracy,29.0,stack_with_caveat,,,pct_students_b1_0,34.48275862068966,3.0,student_level_scores (top band = >=75%)
mastery_bands,quarter,Q2_2025,july_tool,Q2_2025|july_tool,,pattern,numeracy,29.0,stack_with_caveat,,,pct_students_b2_lt25,0.0,3.0,student_level_scores (top band = >=75%)
mastery_bands,quarter,Q2_2025,july_tool,Q2_2025|july_tool,,pattern,numeracy,29.0,stack_with_caveat,,,pct_students_b3_25_50,0.0,3.0,student_level_scores (top band = >=75%)
mastery_bands,quarter,Q2_2025,july_tool,Q2_2025|july_tool,,pattern,numeracy,29.0,stack_with_caveat,,,pct_students_b4_50_75,27.586206896551722,3.0,student_level_scores (top band = >=75%)
mastery_bands,quarter,Q2_2025,july_tool,Q2_2025|july_tool,,pattern,numeracy,29.0,stack_with_caveat,,,pct_students_b5_75plus,37.93103448275862,3.0,student_level_scores (top band = >=75%)
mastery_bands,quarter,Q2_2025,july_tool,Q2_2025|july_tool,,pattern,numeracy,29.0,stack_with_caveat,,,pct_students_tier_critical,34.48275862068966,3.0,student_level_scores (top band = >=75%)
mastery_bands,quarter,Q2_2025,july_tool,Q2_2025|july_tool,,pattern,numeracy,29.0,stack_with_caveat,,,pct_students_tier_developing,27.586206896551722,3.0,student_level_scores (top band = >=75%)
mastery_bands,quarter,Q2_2025,july_tool,Q2_2025|july_tool,,pattern,numeracy,29.0,stack_with_caveat,,,pct_students_tier_cleared,37.93103448275862,3.0,student_level_scores (top band = >=75%)
mastery_bands,quarter,Q2_2025,july_tool,Q2_2025|july_tool,,place_value_bundles,numeracy,29.0,stack_with_caveat,,,pct_students_b1_0,44.827586206896555,2.0,student_level_scores (top band = >=75%)
mastery_bands,quarter,Q2_2025,july_tool,Q2_2025|july_tool,,place_value_bundles,numeracy,29.0,stack_with_caveat,,,pct_students_b2_lt25,0.0,2.0,student_level_scores (top band = >=75%)
mastery_bands,quarter,Q2_2025,july_tool,Q2_2025|july_tool,,place_value_bundles,numeracy,29.0,stack_with_caveat,,,pct_students_b3_25_50,0.0,2.0,student_level_scores (top band = >=75%)
mastery_bands,quarter,Q2_2025,july_tool,Q2_2025|july_tool,,place_value_bundles,numeracy,29.0,stack_with_caveat,,,pct_students_b4_50_75,0.0,2.0,student_level_scores (top band = >=75%)
mastery_bands,quarter,Q2_2025,july_tool,Q2_2025|july_tool,,place_value_bundles,numeracy,29.0,stack_with_caveat,,,pct_students_b5_75plus,55.172413793103445,2.0,student_level_scores (top band = >=75%)
mastery_bands,quarter,Q2_2025,july_tool,Q2_2025|july_tool,,place_value_bundles,numeracy,29.0,stack_with_caveat,,,pct_students_tier_critical,44.827586206896555,2.0,student_level_scores (top band = >=75%)
mastery_bands,quarter,Q2_2025,july_tool,Q2_2025|july_tool,,place_value_bundles,numeracy,29.0,stack_with_caveat,,,pct_students_tier_developing,0.0,2.0,student_level_scores (top band = >=75%)
mastery_bands,quarter,Q2_2025,july_tool,Q2_2025|july_tool,,place_value_bundles,numeracy,29.0,stack_with_caveat,,,pct_students_tier_cleared,55.172413793103445,2.0,student_level_scores (top band = >=75%)
mastery_bands,quarter,Q2_2025,july_tool,Q2_2025|july_tool,,shapes_2d,numeracy,29.0,single_source,,,pct_students_b1_0,0.0,2.0,student_level_scores (top band = >=75%)
mastery_bands,quarter,Q2_2025,july_tool,Q2_2025|july_tool,,shapes_2d,numeracy,29.0,single_source,,,pct_students_b2_lt25,0.0,2.0,student_level_scores (top band = >=75%)
mastery_bands,quarter,Q2_2025,july_tool,Q2_2025|july_tool,,shapes_2d,numeracy,29.0,single_source,,,pct_students_b3_25_50,0.0,2.0,student_level_scores (top band = >=75%)
mastery_bands,quarter,Q2_2025,july_tool,Q2_2025|july_tool,,shapes_2d,numeracy,29.0,single_source,,,pct_students_b4_50_75,17.24137931034483,2.0,student_level_scores (top band = >=75%)
mastery_bands,quarter,Q2_2025,july_tool,Q2_2025|july_tool,,shapes_2d,numeracy,29.0,single_source,,,pct_students_b5_75plus,82.75862068965517,2.0,student_level_scores (top band = >=75%)
mastery_bands,quarter,Q2_2025,july_tool,Q2_2025|july_tool,,shapes_2d,numeracy,29.0,single_source,,,pct_students_tier_critical,0.0,2.0,student_level_scores (top band = >=75%)
mastery_bands,quarter,Q2_2025,july_tool,Q2_2025|july_tool,,shapes_2d,numeracy,29.0,single_source,,,pct_students_tier_developing,17.24137931034483,2.0,student_level_scores (top band = >=75%)
mastery_bands,quarter,Q2_2025,july_tool,Q2_2025|july_tool,,shapes_2d,numeracy,29.0,single_source,,,pct_students_tier_cleared,82.75862068965517,2.0,student_level_scores (top band = >=75%)
mastery_bands,quarter,Q2_2025,july_tool,Q2_2025|july_tool,,word_writing,literacy,29.0,stack_with_caveat,,,pct_students_b1_0,13.793103448275861,3.0,student_level_scores (top band = >=75%)
mastery_bands,quarter,Q2_2025,july_tool,Q2_2025|july_tool,,word_writing,literacy,29.0,stack_with_caveat,,,pct_students_b2_lt25,0.0,3.0,student_level_scores (top band = >=75%)
mastery_bands,quarter,Q2_2025,july_tool,Q2_2025|july_tool,,word_writing,literacy,29.0,stack_with_caveat,,,pct_students_b3_25_50,0.0,3.0,student_level_scores (top band = >=75%)
mastery_bands,quarter,Q2_2025,july_tool,Q2_2025|july_tool,,word_writing,literacy,29.0,stack_with_caveat,,,pct_students_b4_50_75,31.03448275862069,3.0,student_level_scores (top band = >=75%)
mastery_bands,quarter,Q2_2025,july_tool,Q2_2025|july_tool,,word_writing,literacy,29.0,stack_with_caveat,,,pct_students_b5_75plus,55.172413793103445,3.0,student_level_scores (top band = >=75%)
mastery_bands,quarter,Q2_2025,july_tool,Q2_2025|july_tool,,word_writing,literacy,29.0,stack_with_caveat,,,pct_students_tier_critical,13.793103448275861,3.0,student_level_scores (top band = >=75%)
mastery_bands,quarter,Q2_2025,july_tool,Q2_2025|july_tool,,word_writing,literacy,29.0,stack_with_caveat,,,pct_students_tier_developing,31.03448275862069,3.0,student_level_scores (top band = >=75%)
mastery_bands,quarter,Q2_2025,july_tool,Q2_2025|july_tool,,word_writing,literacy,29.0,stack_with_caveat,,,pct_students_tier_cleared,55.172413793103445,3.0,student_level_scores (top band = >=75%)
mastery_bands,quarter,Q2_2026,q2_2026_tool,Q2_2026|q2_2026_tool,,addition,numeracy,1361.0,stack_with_caveat,,,pct_students_b1_0,14.842027920646583,5.0,student_level_scores (top band = >=75%)
mastery_bands,quarter,Q2_2026,q2_2026_tool,Q2_2026|q2_2026_tool,,addition,numeracy,1361.0,stack_with_caveat,,,pct_students_b2_lt25,0.0,5.0,student_level_scores (top band = >=75%)
mastery_bands,quarter,Q2_2026,q2_2026_tool,Q2_2026|q2_2026_tool,,addition,numeracy,1361.0,stack_with_caveat,,,pct_students_b3_25_50,1.9838354151359294,5.0,student_level_scores (top band = >=75%)
mastery_bands,quarter,Q2_2026,q2_2026_tool,Q2_2026|q2_2026_tool,,addition,numeracy,1361.0,stack_with_caveat,,,pct_students_b4_50_75,3.894195444526084,5.0,student_level_scores (top band = >=75%)
mastery_bands,quarter,Q2_2026,q2_2026_tool,Q2_2026|q2_2026_tool,,addition,numeracy,1361.0,stack_with_caveat,,,pct_students_b5_75plus,79.27994121969141,5.0,student_level_scores (top band = >=75%)
mastery_bands,quarter,Q2_2026,q2_2026_tool,Q2_2026|q2_2026_tool,,addition,numeracy,1361.0,stack_with_caveat,,,pct_students_tier_critical,14.842027920646583,5.0,student_level_scores (top band = >=75%)
mastery_bands,quarter,Q2_2026,q2_2026_tool,Q2_2026|q2_2026_tool,,addition,numeracy,1361.0,stack_with_caveat,,,pct_students_tier_developing,5.878030859662013,5.0,student_level_scores (top band = >=75%)
mastery_bands,quarter,Q2_2026,q2_2026_tool,Q2_2026|q2_2026_tool,,addition,numeracy,1361.0,stack_with_caveat,,,pct_students_tier_cleared,79.27994121969141,5.0,student_level_scores (top band = >=75%)
mastery_bands,quarter,Q2_2026,q2_2026_tool,Q2_2026|q2_2026_tool,,letter_recognition,literacy,1361.0,stack,,,pct_students_b1_0,1.0286554004408524,21.0,student_level_scores (top band = >=75%)
mastery_bands,quarter,Q2_2026,q2_2026_tool,Q2_2026|q2_2026_tool,,letter_recognition,literacy,1361.0,stack,,,pct_students_b2_lt25,1.396032329169728,21.0,student_level_scores (top band = >=75%)
mastery_bands,quarter,Q2_2026,q2_2026_tool,Q2_2026|q2_2026_tool,,letter_recognition,literacy,1361.0,stack,,,pct_students_b3_25_50,3.159441587068332,21.0,student_level_scores (top band = >=75%)
mastery_bands,quarter,Q2_2026,q2_2026_tool,Q2_2026|q2_2026_tool,,letter_recognition,literacy,1361.0,stack,,,pct_students_b4_50_75,18.515797207935343,21.0,student_level_scores (top band = >=75%)
mastery_bands,quarter,Q2_2026,q2_2026_tool,Q2_2026|q2_2026_tool,,letter_recognition,literacy,1361.0,stack,,,pct_students_b5_75plus,75.90007347538574,21.0,student_level_scores (top band = >=75%)
mastery_bands,quarter,Q2_2026,q2_2026_tool,Q2_2026|q2_2026_tool,,letter_recognition,literacy,1361.0,stack,,,pct_students_tier_critical,2.4246877296105804,21.0,student_level_scores (top band = >=75%)
mastery_bands,quarter,Q2_2026,q2_2026_tool,Q2_2026|q2_2026_tool,,letter_recognition,literacy,1361.0,stack,,,pct_students_tier_developing,21.675238795003672,21.0,student_level_scores (top band = >=75%)
mastery_bands,quarter,Q2_2026,q2_2026_tool,Q2_2026|q2_2026_tool,,letter_recognition,literacy,1361.0,stack,,,pct_students_tier_cleared,75.90007347538574,21.0,student_level_scores (top band = >=75%)
mastery_bands,quarter,Q2_2026,q2_2026_tool,Q2_2026|q2_2026_tool,,number_recognition,numeracy,1361.0,stack,,,pct_students_b1_0,0.5878030859662013,13.0,student_level_scores (top band = >=75%)
mastery_bands,quarter,Q2_2026,q2_2026_tool,Q2_2026|q2_2026_tool,,number_recognition,numeracy,1361.0,stack,,,pct_students_b2_lt25,0.7347538574577517,13.0,student_level_scores (top band = >=75%)
mastery_bands,quarter,Q2_2026,q2_2026_tool,Q2_2026|q2_2026_tool,,number_recognition,numeracy,1361.0,stack,,,pct_students_b3_25_50,8.229243203526819,13.0,student_level_scores (top band = >=75%)
mastery_bands,quarter,Q2_2026,q2_2026_tool,Q2_2026|q2_2026_tool,,number_recognition,numeracy,1361.0,stack,,,pct_students_b4_50_75,33.06392358559882,13.0,student_level_scores (top band = >=75%)
mastery_bands,quarter,Q2_2026,q2_2026_tool,Q2_2026|q2_2026_tool,,number_recognition,numeracy,1361.0,stack,,,pct_students_b5_75plus,57.3842762674504,13.0,student_level_scores (top band = >=75%)
mastery_bands,quarter,Q2_2026,q2_2026_tool,Q2_2026|q2_2026_tool,,number_recognition,numeracy,1361.0,stack,,,pct_students_tier_critical,1.322556943423953,13.0,student_level_scores (top band = >=75%)
mastery_bands,quarter,Q2_2026,q2_2026_tool,Q2_2026|q2_2026_tool,,number_recognition,numeracy,1361.0,stack,,,pct_students_tier_developing,41.29316678912564,13.0,student_level_scores (top band = >=75%)
mastery_bands,quarter,Q2_2026,q2_2026_tool,Q2_2026|q2_2026_tool,,number_recognition,numeracy,1361.0,stack,,,pct_students_tier_cleared,57.3842762674504,13.0,student_level_scores (top band = >=75%)
mastery_bands,quarter,Q2_2026,q2_2026_tool,Q2_2026|q2_2026_tool,,pattern,numeracy,1361.0,stack_with_caveat,,,pct_students_b1_0,21.3078618662748,4.0,student_level_scores (top band = >=75%)
mastery_bands,quarter,Q2_2026,q2_2026_tool,Q2_2026|q2_2026_tool,,pattern,numeracy,1361.0,stack_with_caveat,,,pct_students_b2_lt25,0.0,4.0,student_level_scores (top band = >=75%)
mastery_bands,quarter,Q2_2026,q2_2026_tool,Q2_2026|q2_2026_tool,,pattern,numeracy,1361.0,stack_with_caveat,,,pct_students_b3_25_50,12.417340191036002,4.0,student_level_scores (top band = >=75%)
mastery_bands,quarter,Q2_2026,q2_2026_tool,Q2_2026|q2_2026_tool,,pattern,numeracy,1361.0,stack_with_caveat,,,pct_students_b4_50_75,28.949301983835415,4.0,student_level_scores (top band = >=75%)
mastery_bands,quarter,Q2_2026,q2_2026_tool,Q2_2026|q2_2026_tool,,pattern,numeracy,1361.0,stack_with_caveat,,,pct_students_b5_75plus,37.325495958853786,4.0,student_level_scores (top band = >=75%)
mastery_bands,quarter,Q2_2026,q2_2026_tool,Q2_2026|q2_2026_tool,,pattern,numeracy,1361.0,stack_with_caveat,,,pct_students_tier_critical,21.3078618662748,4.0,student_level_scores (top band = >=75%)
mastery_bands,quarter,Q2_2026,q2_2026_tool,Q2_2026|q2_2026_tool,,pattern,numeracy,1361.0,stack_with_caveat,,,pct_students_tier_developing,41.366642174871416,4.0,student_level_scores (top band = >=75%)
mastery_bands,quarter,Q2_2026,q2_2026_tool,Q2_2026|q2_2026_tool,,pattern,numeracy,1361.0,stack_with_caveat,,,pct_students_tier_cleared,37.325495958853786,4.0,student_level_scores (top band = >=75%)
mastery_bands,quarter,Q2_2026,q2_2026_tool,Q2_2026|q2_2026_tool,,place_value_bundles,numeracy,1361.0,stack_with_caveat,,,pct_students_b1_0,7.7149155033063925,5.0,student_level_scores (top band = >=75%)
mastery_bands,quarter,Q2_2026,q2_2026_tool,Q2_2026|q2_2026_tool,,place_value_bundles,numeracy,1361.0,stack_with_caveat,,,pct_students_b2_lt25,0.0,5.0,student_level_scores (top band = >=75%)
mastery_bands,quarter,Q2_2026,q2_2026_tool,Q2_2026|q2_2026_tool,,place_value_bundles,numeracy,1361.0,stack_with_caveat,,,pct_students_b3_25_50,30.345334313005143,5.0,student_level_scores (top band = >=75%)
mastery_bands,quarter,Q2_2026,q2_2026_tool,Q2_2026|q2_2026_tool,,place_value_bundles,numeracy,1361.0,stack_with_caveat,,,pct_students_b4_50_75,16.752387950036738,5.0,student_level_scores (top band = >=75%)
mastery_bands,quarter,Q2_2026,q2_2026_tool,Q2_2026|q2_2026_tool,,place_value_bundles,numeracy,1361.0,stack_with_caveat,,,pct_students_b5_75plus,45.187362233651726,5.0,student_level_scores (top band = >=75%)
mastery_bands,quarter,Q2_2026,q2_2026_tool,Q2_2026|q2_2026_tool,,place_value_bundles,numeracy,1361.0,stack_with_caveat,,,pct_students_tier_critical,7.7149155033063925,5.0,student_level_scores (top band = >=75%)
mastery_bands,quarter,Q2_2026,q2_2026_tool,Q2_2026|q2_2026_tool,,place_value_bundles,numeracy,1361.0,stack_with_caveat,,,pct_students_tier_developing,47.09772226304188,5.0,student_level_scores (top band = >=75%)
mastery_bands,quarter,Q2_2026,q2_2026_tool,Q2_2026|q2_2026_tool,,place_value_bundles,numeracy,1361.0,stack_with_caveat,,,pct_students_tier_cleared,45.187362233651726,5.0,student_level_scores (top band = >=75%)
mastery_bands,quarter,Q2_2026,q2_2026_tool,Q2_2026|q2_2026_tool,,sentence_reading,literacy,1361.0,stack,,,pct_students_b1_0,48.93460690668626,3.0,student_level_scores (top band = >=75%)
mastery_bands,quarter,Q2_2026,q2_2026_tool,Q2_2026|q2_2026_tool,,sentence_reading,literacy,1361.0,stack,,,pct_students_b2_lt25,0.0,3.0,student_level_scores (top band = >=75%)
mastery_bands,quarter,Q2_2026,q2_2026_tool,Q2_2026|q2_2026_tool,,sentence_reading,literacy,1361.0,stack,,,pct_students_b3_25_50,0.0,3.0,student_level_scores (top band = >=75%)
mastery_bands,quarter,Q2_2026,q2_2026_tool,Q2_2026|q2_2026_tool,,sentence_reading,literacy,1361.0,stack,,,pct_students_b4_50_75,19.61792799412197,3.0,student_level_scores (top band = >=75%)
mastery_bands,quarter,Q2_2026,q2_2026_tool,Q2_2026|q2_2026_tool,,sentence_reading,literacy,1361.0,stack,,,pct_students_b5_75plus,31.44746509919177,3.0,student_level_scores (top band = >=75%)
mastery_bands,quarter,Q2_2026,q2_2026_tool,Q2_2026|q2_2026_tool,,sentence_reading,literacy,1361.0,stack,,,pct_students_tier_critical,48.93460690668626,3.0,student_level_scores (top band = >=75%)
mastery_bands,quarter,Q2_2026,q2_2026_tool,Q2_2026|q2_2026_tool,,sentence_reading,literacy,1361.0,stack,,,pct_students_tier_developing,19.61792799412197,3.0,student_level_scores (top band = >=75%)
mastery_bands,quarter,Q2_2026,q2_2026_tool,Q2_2026|q2_2026_tool,,sentence_reading,literacy,1361.0,stack,,,pct_students_tier_cleared,31.44746509919177,3.0,student_level_scores (top band = >=75%)
mastery_bands,quarter,Q2_2026,q2_2026_tool,Q2_2026|q2_2026_tool,,subtraction,numeracy,1361.0,stack_with_caveat,,,pct_students_b1_0,28.214548126377665,5.0,student_level_scores (top band = >=75%)
mastery_bands,quarter,Q2_2026,q2_2026_tool,Q2_2026|q2_2026_tool,,subtraction,numeracy,1361.0,stack_with_caveat,,,pct_students_b2_lt25,0.0,5.0,student_level_scores (top band = >=75%)
mastery_bands,quarter,Q2_2026,q2_2026_tool,Q2_2026|q2_2026_tool,,subtraction,numeracy,1361.0,stack_with_caveat,,,pct_students_b3_25_50,2.718589272593681,5.0,student_level_scores (top band = >=75%)
mastery_bands,quarter,Q2_2026,q2_2026_tool,Q2_2026|q2_2026_tool,,subtraction,numeracy,1361.0,stack_with_caveat,,,pct_students_b4_50_75,4.2615723732549595,5.0,student_level_scores (top band = >=75%)
mastery_bands,quarter,Q2_2026,q2_2026_tool,Q2_2026|q2_2026_tool,,subtraction,numeracy,1361.0,stack_with_caveat,,,pct_students_b5_75plus,64.8052902277737,5.0,student_level_scores (top band = >=75%)
mastery_bands,quarter,Q2_2026,q2_2026_tool,Q2_2026|q2_2026_tool,,subtraction,numeracy,1361.0,stack_with_caveat,,,pct_students_tier_critical,28.214548126377665,5.0,student_level_scores (top band = >=75%)
mastery_bands,quarter,Q2_2026,q2_2026_tool,Q2_2026|q2_2026_tool,,subtraction,numeracy,1361.0,stack_with_caveat,,,pct_students_tier_developing,6.980161645848641,5.0,student_level_scores (top band = >=75%)
mastery_bands,quarter,Q2_2026,q2_2026_tool,Q2_2026|q2_2026_tool,,subtraction,numeracy,1361.0,stack_with_caveat,,,pct_students_tier_cleared,64.8052902277737,5.0,student_level_scores (top band = >=75%)
mastery_bands,quarter,Q2_2026,q2_2026_tool,Q2_2026|q2_2026_tool,,word_reading,literacy,1361.0,stack,,,pct_students_b1_0,3.8207200587803087,17.0,student_level_scores (top band = >=75%)
mastery_bands,quarter,Q2_2026,q2_2026_tool,Q2_2026|q2_2026_tool,,word_reading,literacy,1361.0,stack,,,pct_students_b2_lt25,2.792064658339456,17.0,student_level_scores (top band = >=75%)
mastery_bands,quarter,Q2_2026,q2_2026_tool,Q2_2026|q2_2026_tool,,word_reading,literacy,1361.0,stack,,,pct_students_b3_25_50,3.526818515797208,17.0,student_level_scores (top band = >=75%)
mastery_bands,quarter,Q2_2026,q2_2026_tool,Q2_2026|q2_2026_tool,,word_reading,literacy,1361.0,stack,,,pct_students_b4_50_75,24.61425422483468,17.0,student_level_scores (top band = >=75%)
mastery_bands,quarter,Q2_2026,q2_2026_tool,Q2_2026|q2_2026_tool,,word_reading,literacy,1361.0,stack,,,pct_students_b5_75plus,65.24614254224835,17.0,student_level_scores (top band = >=75%)
mastery_bands,quarter,Q2_2026,q2_2026_tool,Q2_2026|q2_2026_tool,,word_reading,literacy,1361.0,stack,,,pct_students_tier_critical,6.612784717119765,17.0,student_level_scores (top band = >=75%)
mastery_bands,quarter,Q2_2026,q2_2026_tool,Q2_2026|q2_2026_tool,,word_reading,literacy,1361.0,stack,,,pct_students_tier_developing,28.141072740631888,17.0,student_level_scores (top band = >=75%)
mastery_bands,quarter,Q2_2026,q2_2026_tool,Q2_2026|q2_2026_tool,,word_reading,literacy,1361.0,stack,,,pct_students_tier_cleared,65.24614254224835,17.0,student_level_scores (top band = >=75%)
mastery_bands,quarter,Q2_2026,q2_2026_tool,Q2_2026|q2_2026_tool,,word_writing,literacy,1361.0,stack,,,pct_students_b1_0,19.76487876561352,5.0,student_level_scores (top band = >=75%)
mastery_bands,quarter,Q2_2026,q2_2026_tool,Q2_2026|q2_2026_tool,,word_writing,literacy,1361.0,stack,,,pct_students_b2_lt25,0.0,5.0,student_level_scores (top band = >=75%)
mastery_bands,quarter,Q2_2026,q2_2026_tool,Q2_2026|q2_2026_tool,,word_writing,literacy,1361.0,stack,,,pct_students_b3_25_50,4.775900073475386,5.0,student_level_scores (top band = >=75%)
mastery_bands,quarter,Q2_2026,q2_2026_tool,Q2_2026|q2_2026_tool,,word_writing,literacy,1361.0,stack,,,pct_students_b4_50_75,18.809698750918443,5.0,student_level_scores (top band = >=75%)
mastery_bands,quarter,Q2_2026,q2_2026_tool,Q2_2026|q2_2026_tool,,word_writing,literacy,1361.0,stack,,,pct_students_b5_75plus,56.649522409992656,5.0,student_level_scores (top band = >=75%)
mastery_bands,quarter,Q2_2026,q2_2026_tool,Q2_2026|q2_2026_tool,,word_writing,literacy,1361.0,stack,,,pct_students_tier_critical,19.76487876561352,5.0,student_level_scores (top band = >=75%)
mastery_bands,quarter,Q2_2026,q2_2026_tool,Q2_2026|q2_2026_tool,,word_writing,literacy,1361.0,stack,,,pct_students_tier_developing,23.585598824393827,5.0,student_level_scores (top band = >=75%)
mastery_bands,quarter,Q2_2026,q2_2026_tool,Q2_2026|q2_2026_tool,,word_writing,literacy,1361.0,stack,,,pct_students_tier_cleared,56.649522409992656,5.0,student_level_scores (top band = >=75%)
mastery_bands,quarter,Q3_2025,q3_2025_tool,Q3_2025|q3_2025_tool,,addition,numeracy,123.0,stack_with_caveat,,,pct_students_b1_0,6.504065040650406,4.0,student_level_scores (top band = >=75%)
mastery_bands,quarter,Q3_2025,q3_2025_tool,Q3_2025|q3_2025_tool,,addition,numeracy,123.0,stack_with_caveat,,,pct_students_b2_lt25,0.0,4.0,student_level_scores (top band = >=75%)
mastery_bands,quarter,Q3_2025,q3_2025_tool,Q3_2025|q3_2025_tool,,addition,numeracy,123.0,stack_with_caveat,,,pct_students_b3_25_50,6.504065040650406,4.0,student_level_scores (top band = >=75%)
mastery_bands,quarter,Q3_2025,q3_2025_tool,Q3_2025|q3_2025_tool,,addition,numeracy,123.0,stack_with_caveat,,,pct_students_b4_50_75,12.195121951219512,4.0,student_level_scores (top band = >=75%)
mastery_bands,quarter,Q3_2025,q3_2025_tool,Q3_2025|q3_2025_tool,,addition,numeracy,123.0,stack_with_caveat,,,pct_students_b5_75plus,74.79674796747967,4.0,student_level_scores (top band = >=75%)
mastery_bands,quarter,Q3_2025,q3_2025_tool,Q3_2025|q3_2025_tool,,addition,numeracy,123.0,stack_with_caveat,,,pct_students_tier_critical,6.504065040650406,4.0,student_level_scores (top band = >=75%)
mastery_bands,quarter,Q3_2025,q3_2025_tool,Q3_2025|q3_2025_tool,,addition,numeracy,123.0,stack_with_caveat,,,pct_students_tier_developing,6.504065040650406,4.0,student_level_scores (top band = >=75%)
mastery_bands,quarter,Q3_2025,q3_2025_tool,Q3_2025|q3_2025_tool,,addition,numeracy,123.0,stack_with_caveat,,,pct_students_tier_cleared,86.99186991869918,4.0,student_level_scores (top band = >=75%)
mastery_bands,quarter,Q3_2025,q3_2025_tool,Q3_2025|q3_2025_tool,,letter_recognition,literacy,123.0,stack_with_caveat,,,pct_students_b1_0,3.252032520325203,9.0,student_level_scores (top band = >=75%)
mastery_bands,quarter,Q3_2025,q3_2025_tool,Q3_2025|q3_2025_tool,,letter_recognition,literacy,123.0,stack_with_caveat,,,pct_students_b2_lt25,2.4390243902439024,9.0,student_level_scores (top band = >=75%)
mastery_bands,quarter,Q3_2025,q3_2025_tool,Q3_2025|q3_2025_tool,,letter_recognition,literacy,123.0,stack_with_caveat,,,pct_students_b3_25_50,11.382113821138212,9.0,student_level_scores (top band = >=75%)
mastery_bands,quarter,Q3_2025,q3_2025_tool,Q3_2025|q3_2025_tool,,letter_recognition,literacy,123.0,stack_with_caveat,,,pct_students_b4_50_75,10.56910569105691,9.0,student_level_scores (top band = >=75%)
mastery_bands,quarter,Q3_2025,q3_2025_tool,Q3_2025|q3_2025_tool,,letter_recognition,literacy,123.0,stack_with_caveat,,,pct_students_b5_75plus,72.35772357723577,9.0,student_level_scores (top band = >=75%)
mastery_bands,quarter,Q3_2025,q3_2025_tool,Q3_2025|q3_2025_tool,,letter_recognition,literacy,123.0,stack_with_caveat,,,pct_students_tier_critical,5.691056910569106,9.0,student_level_scores (top band = >=75%)
mastery_bands,quarter,Q3_2025,q3_2025_tool,Q3_2025|q3_2025_tool,,letter_recognition,literacy,123.0,stack_with_caveat,,,pct_students_tier_developing,21.951219512195124,9.0,student_level_scores (top band = >=75%)
mastery_bands,quarter,Q3_2025,q3_2025_tool,Q3_2025|q3_2025_tool,,letter_recognition,literacy,123.0,stack_with_caveat,,,pct_students_tier_cleared,72.35772357723577,9.0,student_level_scores (top band = >=75%)
mastery_bands,quarter,Q3_2025,q3_2025_tool,Q3_2025|q3_2025_tool,,number_recognition,numeracy,123.0,stack_with_caveat,,,pct_students_b1_0,20.32520325203252,5.0,student_level_scores (top band = >=75%)
mastery_bands,quarter,Q3_2025,q3_2025_tool,Q3_2025|q3_2025_tool,,number_recognition,numeracy,123.0,stack_with_caveat,,,pct_students_b2_lt25,0.0,5.0,student_level_scores (top band = >=75%)
mastery_bands,quarter,Q3_2025,q3_2025_tool,Q3_2025|q3_2025_tool,,number_recognition,numeracy,123.0,stack_with_caveat,,,pct_students_b3_25_50,8.94308943089431,5.0,student_level_scores (top band = >=75%)
mastery_bands,quarter,Q3_2025,q3_2025_tool,Q3_2025|q3_2025_tool,,number_recognition,numeracy,123.0,stack_with_caveat,,,pct_students_b4_50_75,15.447154471544716,5.0,student_level_scores (top band = >=75%)
mastery_bands,quarter,Q3_2025,q3_2025_tool,Q3_2025|q3_2025_tool,,number_recognition,numeracy,123.0,stack_with_caveat,,,pct_students_b5_75plus,55.28455284552845,5.0,student_level_scores (top band = >=75%)
mastery_bands,quarter,Q3_2025,q3_2025_tool,Q3_2025|q3_2025_tool,,number_recognition,numeracy,123.0,stack_with_caveat,,,pct_students_tier_critical,20.32520325203252,5.0,student_level_scores (top band = >=75%)
mastery_bands,quarter,Q3_2025,q3_2025_tool,Q3_2025|q3_2025_tool,,number_recognition,numeracy,123.0,stack_with_caveat,,,pct_students_tier_developing,24.390243902439025,5.0,student_level_scores (top band = >=75%)
mastery_bands,quarter,Q3_2025,q3_2025_tool,Q3_2025|q3_2025_tool,,number_recognition,numeracy,123.0,stack_with_caveat,,,pct_students_tier_cleared,55.28455284552845,5.0,student_level_scores (top band = >=75%)
mastery_bands,quarter,Q3_2025,q3_2025_tool,Q3_2025|q3_2025_tool,,pattern,numeracy,123.0,stack_with_caveat,,,pct_students_b1_0,12.195121951219512,4.0,student_level_scores (top band = >=75%)
mastery_bands,quarter,Q3_2025,q3_2025_tool,Q3_2025|q3_2025_tool,,pattern,numeracy,123.0,stack_with_caveat,,,pct_students_b2_lt25,0.0,4.0,student_level_scores (top band = >=75%)
mastery_bands,quarter,Q3_2025,q3_2025_tool,Q3_2025|q3_2025_tool,,pattern,numeracy,123.0,stack_with_caveat,,,pct_students_b3_25_50,30.08130081300813,4.0,student_level_scores (top band = >=75%)
mastery_bands,quarter,Q3_2025,q3_2025_tool,Q3_2025|q3_2025_tool,,pattern,numeracy,123.0,stack_with_caveat,,,pct_students_b4_50_75,30.89430894308943,4.0,student_level_scores (top band = >=75%)
mastery_bands,quarter,Q3_2025,q3_2025_tool,Q3_2025|q3_2025_tool,,pattern,numeracy,123.0,stack_with_caveat,,,pct_students_b5_75plus,26.829268292682926,4.0,student_level_scores (top band = >=75%)
mastery_bands,quarter,Q3_2025,q3_2025_tool,Q3_2025|q3_2025_tool,,pattern,numeracy,123.0,stack_with_caveat,,,pct_students_tier_critical,12.195121951219512,4.0,student_level_scores (top band = >=75%)
mastery_bands,quarter,Q3_2025,q3_2025_tool,Q3_2025|q3_2025_tool,,pattern,numeracy,123.0,stack_with_caveat,,,pct_students_tier_developing,30.08130081300813,4.0,student_level_scores (top band = >=75%)
mastery_bands,quarter,Q3_2025,q3_2025_tool,Q3_2025|q3_2025_tool,,pattern,numeracy,123.0,stack_with_caveat,,,pct_students_tier_cleared,57.72357723577236,4.0,student_level_scores (top band = >=75%)
mastery_bands,quarter,Q3_2025,q3_2025_tool,Q3_2025|q3_2025_tool,,place_value_bundles,numeracy,123.0,stack_with_caveat,,,pct_students_b1_0,48.78048780487805,4.0,student_level_scores (top band = >=75%)
mastery_bands,quarter,Q3_2025,q3_2025_tool,Q3_2025|q3_2025_tool,,place_value_bundles,numeracy,123.0,stack_with_caveat,,,pct_students_b2_lt25,0.0,4.0,student_level_scores (top band = >=75%)
mastery_bands,quarter,Q3_2025,q3_2025_tool,Q3_2025|q3_2025_tool,,place_value_bundles,numeracy,123.0,stack_with_caveat,,,pct_students_b3_25_50,10.56910569105691,4.0,student_level_scores (top band = >=75%)
mastery_bands,quarter,Q3_2025,q3_2025_tool,Q3_2025|q3_2025_tool,,place_value_bundles,numeracy,123.0,stack_with_caveat,,,pct_students_b4_50_75,14.634146341463415,4.0,student_level_scores (top band = >=75%)
mastery_bands,quarter,Q3_2025,q3_2025_tool,Q3_2025|q3_2025_tool,,place_value_bundles,numeracy,123.0,stack_with_caveat,,,pct_students_b5_75plus,26.016260162601625,4.0,student_level_scores (top band = >=75%)
mastery_bands,quarter,Q3_2025,q3_2025_tool,Q3_2025|q3_2025_tool,,place_value_bundles,numeracy,123.0,stack_with_caveat,,,pct_students_tier_critical,48.78048780487805,4.0,student_level_scores (top band = >=75%)
mastery_bands,quarter,Q3_2025,q3_2025_tool,Q3_2025|q3_2025_tool,,place_value_bundles,numeracy,123.0,stack_with_caveat,,,pct_students_tier_developing,10.56910569105691,4.0,student_level_scores (top band = >=75%)
mastery_bands,quarter,Q3_2025,q3_2025_tool,Q3_2025|q3_2025_tool,,place_value_bundles,numeracy,123.0,stack_with_caveat,,,pct_students_tier_cleared,40.65040650406504,4.0,student_level_scores (top band = >=75%)
mastery_bands,quarter,Q3_2025,q3_2025_tool,Q3_2025|q3_2025_tool,,reading_comprehension,literacy,123.0,stack_with_caveat,,,pct_students_b1_0,32.520325203252035,5.0,student_level_scores (top band = >=75%)
mastery_bands,quarter,Q3_2025,q3_2025_tool,Q3_2025|q3_2025_tool,,reading_comprehension,literacy,123.0,stack_with_caveat,,,pct_students_b2_lt25,0.0,5.0,student_level_scores (top band = >=75%)
mastery_bands,quarter,Q3_2025,q3_2025_tool,Q3_2025|q3_2025_tool,,reading_comprehension,literacy,123.0,stack_with_caveat,,,pct_students_b3_25_50,6.504065040650406,5.0,student_level_scores (top band = >=75%)
mastery_bands,quarter,Q3_2025,q3_2025_tool,Q3_2025|q3_2025_tool,,reading_comprehension,literacy,123.0,stack_with_caveat,,,pct_students_b4_50_75,14.634146341463415,5.0,student_level_scores (top band = >=75%)
mastery_bands,quarter,Q3_2025,q3_2025_tool,Q3_2025|q3_2025_tool,,reading_comprehension,literacy,123.0,stack_with_caveat,,,pct_students_b5_75plus,46.34146341463415,5.0,student_level_scores (top band = >=75%)
mastery_bands,quarter,Q3_2025,q3_2025_tool,Q3_2025|q3_2025_tool,,reading_comprehension,literacy,123.0,stack_with_caveat,,,pct_students_tier_critical,32.520325203252035,5.0,student_level_scores (top band = >=75%)
mastery_bands,quarter,Q3_2025,q3_2025_tool,Q3_2025|q3_2025_tool,,reading_comprehension,literacy,123.0,stack_with_caveat,,,pct_students_tier_developing,21.13821138211382,5.0,student_level_scores (top band = >=75%)
mastery_bands,quarter,Q3_2025,q3_2025_tool,Q3_2025|q3_2025_tool,,reading_comprehension,literacy,123.0,stack_with_caveat,,,pct_students_tier_cleared,46.34146341463415,5.0,student_level_scores (top band = >=75%)
mastery_bands,quarter,Q3_2025,q3_2025_tool,Q3_2025|q3_2025_tool,,subtraction,numeracy,123.0,stack_with_caveat,,,pct_students_b1_0,10.56910569105691,4.0,student_level_scores (top band = >=75%)
mastery_bands,quarter,Q3_2025,q3_2025_tool,Q3_2025|q3_2025_tool,,subtraction,numeracy,123.0,stack_with_caveat,,,pct_students_b2_lt25,0.0,4.0,student_level_scores (top band = >=75%)
mastery_bands,quarter,Q3_2025,q3_2025_tool,Q3_2025|q3_2025_tool,,subtraction,numeracy,123.0,stack_with_caveat,,,pct_students_b3_25_50,15.447154471544716,4.0,student_level_scores (top band = >=75%)
mastery_bands,quarter,Q3_2025,q3_2025_tool,Q3_2025|q3_2025_tool,,subtraction,numeracy,123.0,stack_with_caveat,,,pct_students_b4_50_75,23.577235772357724,4.0,student_level_scores (top band = >=75%)
mastery_bands,quarter,Q3_2025,q3_2025_tool,Q3_2025|q3_2025_tool,,subtraction,numeracy,123.0,stack_with_caveat,,,pct_students_b5_75plus,50.40650406504065,4.0,student_level_scores (top band = >=75%)
mastery_bands,quarter,Q3_2025,q3_2025_tool,Q3_2025|q3_2025_tool,,subtraction,numeracy,123.0,stack_with_caveat,,,pct_students_tier_critical,10.56910569105691,4.0,student_level_scores (top band = >=75%)
mastery_bands,quarter,Q3_2025,q3_2025_tool,Q3_2025|q3_2025_tool,,subtraction,numeracy,123.0,stack_with_caveat,,,pct_students_tier_developing,15.447154471544716,4.0,student_level_scores (top band = >=75%)
mastery_bands,quarter,Q3_2025,q3_2025_tool,Q3_2025|q3_2025_tool,,subtraction,numeracy,123.0,stack_with_caveat,,,pct_students_tier_cleared,73.98373983739837,4.0,student_level_scores (top band = >=75%)
mastery_bands,quarter,Q3_2025,q3_2025_tool,Q3_2025|q3_2025_tool,,word_reading,literacy,123.0,stack_with_caveat,,,pct_students_b1_0,10.56910569105691,5.0,student_level_scores (top band = >=75%)
mastery_bands,quarter,Q3_2025,q3_2025_tool,Q3_2025|q3_2025_tool,,word_reading,literacy,123.0,stack_with_caveat,,,pct_students_b2_lt25,0.0,5.0,student_level_scores (top band = >=75%)
mastery_bands,quarter,Q3_2025,q3_2025_tool,Q3_2025|q3_2025_tool,,word_reading,literacy,123.0,stack_with_caveat,,,pct_students_b3_25_50,7.317073170731708,5.0,student_level_scores (top band = >=75%)
mastery_bands,quarter,Q3_2025,q3_2025_tool,Q3_2025|q3_2025_tool,,word_reading,literacy,123.0,stack_with_caveat,,,pct_students_b4_50_75,10.56910569105691,5.0,student_level_scores (top band = >=75%)
mastery_bands,quarter,Q3_2025,q3_2025_tool,Q3_2025|q3_2025_tool,,word_reading,literacy,123.0,stack_with_caveat,,,pct_students_b5_75plus,71.54471544715447,5.0,student_level_scores (top band = >=75%)
mastery_bands,quarter,Q3_2025,q3_2025_tool,Q3_2025|q3_2025_tool,,word_reading,literacy,123.0,stack_with_caveat,,,pct_students_tier_critical,10.56910569105691,5.0,student_level_scores (top band = >=75%)
mastery_bands,quarter,Q3_2025,q3_2025_tool,Q3_2025|q3_2025_tool,,word_reading,literacy,123.0,stack_with_caveat,,,pct_students_tier_developing,17.88617886178862,5.0,student_level_scores (top band = >=75%)
mastery_bands,quarter,Q3_2025,q3_2025_tool,Q3_2025|q3_2025_tool,,word_reading,literacy,123.0,stack_with_caveat,,,pct_students_tier_cleared,71.54471544715447,5.0,student_level_scores (top band = >=75%)
mastery_bands,quarter,Q3_2025,q3_2025_tool,Q3_2025|q3_2025_tool,,word_writing,literacy,123.0,stack_with_caveat,,,pct_students_b1_0,23.577235772357724,5.0,student_level_scores (top band = >=75%)
mastery_bands,quarter,Q3_2025,q3_2025_tool,Q3_2025|q3_2025_tool,,word_writing,literacy,123.0,stack_with_caveat,,,pct_students_b2_lt25,0.0,5.0,student_level_scores (top band = >=75%)
mastery_bands,quarter,Q3_2025,q3_2025_tool,Q3_2025|q3_2025_tool,,word_writing,literacy,123.0,stack_with_caveat,,,pct_students_b3_25_50,15.447154471544716,5.0,student_level_scores (top band = >=75%)
mastery_bands,quarter,Q3_2025,q3_2025_tool,Q3_2025|q3_2025_tool,,word_writing,literacy,123.0,stack_with_caveat,,,pct_students_b4_50_75,18.69918699186992,5.0,student_level_scores (top band = >=75%)
mastery_bands,quarter,Q3_2025,q3_2025_tool,Q3_2025|q3_2025_tool,,word_writing,literacy,123.0,stack_with_caveat,,,pct_students_b5_75plus,42.27642276422764,5.0,student_level_scores (top band = >=75%)
mastery_bands,quarter,Q3_2025,q3_2025_tool,Q3_2025|q3_2025_tool,,word_writing,literacy,123.0,stack_with_caveat,,,pct_students_tier_critical,23.577235772357724,5.0,student_level_scores (top band = >=75%)
mastery_bands,quarter,Q3_2025,q3_2025_tool,Q3_2025|q3_2025_tool,,word_writing,literacy,123.0,stack_with_caveat,,,pct_students_tier_developing,34.146341463414636,5.0,student_level_scores (top band = >=75%)
mastery_bands,quarter,Q3_2025,q3_2025_tool,Q3_2025|q3_2025_tool,,word_writing,literacy,123.0,stack_with_caveat,,,pct_students_tier_cleared,42.27642276422764,5.0,student_level_scores (top band = >=75%)
mastery_bands,quarter,Q2_2025,aug_tool,Q2_2025|aug_tool,,oral_reading_fluency,literacy,80.0,,,,pct_students_cpm_0,6.25,,student_level_cpm
mastery_bands,quarter,Q2_2025,aug_tool,Q2_2025|aug_tool,,oral_reading_fluency,literacy,80.0,,,,pct_students_cpm_1-15,10.0,,student_level_cpm
mastery_bands,quarter,Q2_2025,aug_tool,Q2_2025|aug_tool,,oral_reading_fluency,literacy,80.0,,,,pct_students_cpm_16-29,16.25,,student_level_cpm
mastery_bands,quarter,Q2_2025,aug_tool,Q2_2025|aug_tool,,oral_reading_fluency,literacy,80.0,,,,pct_students_cpm_30-44,21.25,,student_level_cpm
mastery_bands,quarter,Q2_2025,aug_tool,Q2_2025|aug_tool,,oral_reading_fluency,literacy,80.0,,,,pct_students_cpm_45-59,10.0,,student_level_cpm
mastery_bands,quarter,Q2_2025,aug_tool,Q2_2025|aug_tool,,oral_reading_fluency,literacy,80.0,,,,pct_students_cpm_60+,36.25,,student_level_cpm
mastery_bands,quarter,Q2_2025,july_tool,Q2_2025|july_tool,,oral_reading_fluency,literacy,29.0,,,,pct_students_cpm_0,3.4482758620689653,,student_level_cpm
mastery_bands,quarter,Q2_2025,july_tool,Q2_2025|july_tool,,oral_reading_fluency,literacy,29.0,,,,pct_students_cpm_1-15,24.137931034482758,,student_level_cpm
mastery_bands,quarter,Q2_2025,july_tool,Q2_2025|july_tool,,oral_reading_fluency,literacy,29.0,,,,pct_students_cpm_16-29,20.689655172413794,,student_level_cpm
mastery_bands,quarter,Q2_2025,july_tool,Q2_2025|july_tool,,oral_reading_fluency,literacy,29.0,,,,pct_students_cpm_30-44,17.24137931034483,,student_level_cpm
mastery_bands,quarter,Q2_2025,july_tool,Q2_2025|july_tool,,oral_reading_fluency,literacy,29.0,,,,pct_students_cpm_45-59,13.793103448275861,,student_level_cpm
mastery_bands,quarter,Q2_2025,july_tool,Q2_2025|july_tool,,oral_reading_fluency,literacy,29.0,,,,pct_students_cpm_60+,20.689655172413794,,student_level_cpm
mastery_bands,quarter,Q3_2025,q3_2025_tool,Q3_2025|q3_2025_tool,,oral_reading_fluency,literacy,123.0,,,,pct_students_cpm_0,13.008130081300813,,student_level_cpm
mastery_bands,quarter,Q3_2025,q3_2025_tool,Q3_2025|q3_2025_tool,,oral_reading_fluency,literacy,123.0,,,,pct_students_cpm_1-15,21.951219512195124,,student_level_cpm
mastery_bands,quarter,Q3_2025,q3_2025_tool,Q3_2025|q3_2025_tool,,oral_reading_fluency,literacy,123.0,,,,pct_students_cpm_16-29,22.764227642276424,,student_level_cpm
mastery_bands,quarter,Q3_2025,q3_2025_tool,Q3_2025|q3_2025_tool,,oral_reading_fluency,literacy,123.0,,,,pct_students_cpm_30-44,18.69918699186992,,student_level_cpm
mastery_bands,quarter,Q3_2025,q3_2025_tool,Q3_2025|q3_2025_tool,,oral_reading_fluency,literacy,123.0,,,,pct_students_cpm_45-59,8.94308943089431,,student_level_cpm
mastery_bands,quarter,Q3_2025,q3_2025_tool,Q3_2025|q3_2025_tool,,oral_reading_fluency,literacy,123.0,,,,pct_students_cpm_60+,14.634146341463415,,student_level_cpm
mastery_bands,month,2025-08,aug_tool,2025-08|aug_tool,,addition_1digit,numeracy,22.0,stack_with_caveat,,,pct_students_b1_0,4.545454545454546,5.0,student_level_scores (top band = >=75%)
mastery_bands,month,2025-08,aug_tool,2025-08|aug_tool,,addition_1digit,numeracy,22.0,stack_with_caveat,,,pct_students_b2_lt25,0.0,5.0,student_level_scores (top band = >=75%)
mastery_bands,month,2025-08,aug_tool,2025-08|aug_tool,,addition_1digit,numeracy,22.0,stack_with_caveat,,,pct_students_b3_25_50,4.545454545454546,5.0,student_level_scores (top band = >=75%)
mastery_bands,month,2025-08,aug_tool,2025-08|aug_tool,,addition_1digit,numeracy,22.0,stack_with_caveat,,,pct_students_b4_50_75,13.636363636363637,5.0,student_level_scores (top band = >=75%)
mastery_bands,month,2025-08,aug_tool,2025-08|aug_tool,,addition_1digit,numeracy,22.0,stack_with_caveat,,,pct_students_b5_75plus,77.27272727272727,5.0,student_level_scores (top band = >=75%)
mastery_bands,month,2025-08,aug_tool,2025-08|aug_tool,,addition_1digit,numeracy,22.0,stack_with_caveat,,,pct_students_tier_critical,4.545454545454546,5.0,student_level_scores (top band = >=75%)
mastery_bands,month,2025-08,aug_tool,2025-08|aug_tool,,addition_1digit,numeracy,22.0,stack_with_caveat,,,pct_students_tier_developing,18.181818181818183,5.0,student_level_scores (top band = >=75%)
mastery_bands,month,2025-08,aug_tool,2025-08|aug_tool,,addition_1digit,numeracy,22.0,stack_with_caveat,,,pct_students_tier_cleared,77.27272727272727,5.0,student_level_scores (top band = >=75%)
mastery_bands,month,2025-08,aug_tool,2025-08|aug_tool,,letter_recognition,literacy,22.0,stack_with_caveat,,,pct_students_b1_0,0.0,6.0,student_level_scores (top band = >=75%)
mastery_bands,month,2025-08,aug_tool,2025-08|aug_tool,,letter_recognition,literacy,22.0,stack_with_caveat,,,pct_students_b2_lt25,4.545454545454546,6.0,student_level_scores (top band = >=75%)
mastery_bands,month,2025-08,aug_tool,2025-08|aug_tool,,letter_recognition,literacy,22.0,stack_with_caveat,,,pct_students_b3_25_50,4.545454545454546,6.0,student_level_scores (top band = >=75%)
mastery_bands,month,2025-08,aug_tool,2025-08|aug_tool,,letter_recognition,literacy,22.0,stack_with_caveat,,,pct_students_b4_50_75,9.090909090909092,6.0,student_level_scores (top band = >=75%)
mastery_bands,month,2025-08,aug_tool,2025-08|aug_tool,,letter_recognition,literacy,22.0,stack_with_caveat,,,pct_students_b5_75plus,81.81818181818181,6.0,student_level_scores (top band = >=75%)
mastery_bands,month,2025-08,aug_tool,2025-08|aug_tool,,letter_recognition,literacy,22.0,stack_with_caveat,,,pct_students_tier_critical,4.545454545454546,6.0,student_level_scores (top band = >=75%)
mastery_bands,month,2025-08,aug_tool,2025-08|aug_tool,,letter_recognition,literacy,22.0,stack_with_caveat,,,pct_students_tier_developing,13.636363636363637,6.0,student_level_scores (top band = >=75%)
mastery_bands,month,2025-08,aug_tool,2025-08|aug_tool,,letter_recognition,literacy,22.0,stack_with_caveat,,,pct_students_tier_cleared,81.81818181818181,6.0,student_level_scores (top band = >=75%)
mastery_bands,month,2025-08,aug_tool,2025-08|aug_tool,,number_comparison,numeracy,22.0,stack_with_caveat,,,pct_students_b1_0,0.0,3.0,student_level_scores (top band = >=75%)
mastery_bands,month,2025-08,aug_tool,2025-08|aug_tool,,number_comparison,numeracy,22.0,stack_with_caveat,,,pct_students_b2_lt25,0.0,3.0,student_level_scores (top band = >=75%)
mastery_bands,month,2025-08,aug_tool,2025-08|aug_tool,,number_comparison,numeracy,22.0,stack_with_caveat,,,pct_students_b3_25_50,0.0,3.0,student_level_scores (top band = >=75%)
mastery_bands,month,2025-08,aug_tool,2025-08|aug_tool,,number_comparison,numeracy,22.0,stack_with_caveat,,,pct_students_b4_50_75,4.545454545454546,3.0,student_level_scores (top band = >=75%)
mastery_bands,month,2025-08,aug_tool,2025-08|aug_tool,,number_comparison,numeracy,22.0,stack_with_caveat,,,pct_students_b5_75plus,95.45454545454545,3.0,student_level_scores (top band = >=75%)
mastery_bands,month,2025-08,aug_tool,2025-08|aug_tool,,number_comparison,numeracy,22.0,stack_with_caveat,,,pct_students_tier_critical,0.0,3.0,student_level_scores (top band = >=75%)
mastery_bands,month,2025-08,aug_tool,2025-08|aug_tool,,number_comparison,numeracy,22.0,stack_with_caveat,,,pct_students_tier_developing,4.545454545454546,3.0,student_level_scores (top band = >=75%)
mastery_bands,month,2025-08,aug_tool,2025-08|aug_tool,,number_comparison,numeracy,22.0,stack_with_caveat,,,pct_students_tier_cleared,95.45454545454545,3.0,student_level_scores (top band = >=75%)
mastery_bands,month,2025-08,aug_tool,2025-08|aug_tool,,oral_language_dev,literacy,22.0,stack_with_caveat,,,pct_students_b1_0,0.0,2.0,student_level_scores (top band = >=75%)
mastery_bands,month,2025-08,aug_tool,2025-08|aug_tool,,oral_language_dev,literacy,22.0,stack_with_caveat,,,pct_students_b2_lt25,0.0,2.0,student_level_scores (top band = >=75%)
mastery_bands,month,2025-08,aug_tool,2025-08|aug_tool,,oral_language_dev,literacy,22.0,stack_with_caveat,,,pct_students_b3_25_50,0.0,2.0,student_level_scores (top band = >=75%)
mastery_bands,month,2025-08,aug_tool,2025-08|aug_tool,,oral_language_dev,literacy,22.0,stack_with_caveat,,,pct_students_b4_50_75,0.0,2.0,student_level_scores (top band = >=75%)
mastery_bands,month,2025-08,aug_tool,2025-08|aug_tool,,oral_language_dev,literacy,22.0,stack_with_caveat,,,pct_students_b5_75plus,100.0,2.0,student_level_scores (top band = >=75%)
mastery_bands,month,2025-08,aug_tool,2025-08|aug_tool,,oral_language_dev,literacy,22.0,stack_with_caveat,,,pct_students_tier_critical,0.0,2.0,student_level_scores (top band = >=75%)
mastery_bands,month,2025-08,aug_tool,2025-08|aug_tool,,oral_language_dev,literacy,22.0,stack_with_caveat,,,pct_students_tier_developing,0.0,2.0,student_level_scores (top band = >=75%)
mastery_bands,month,2025-08,aug_tool,2025-08|aug_tool,,oral_language_dev,literacy,22.0,stack_with_caveat,,,pct_students_tier_cleared,100.0,2.0,student_level_scores (top band = >=75%)
mastery_bands,month,2025-08,aug_tool,2025-08|aug_tool,,place_value_bundles,numeracy,22.0,stack_with_caveat,,,pct_students_b1_0,31.818181818181817,3.0,student_level_scores (top band = >=75%)
mastery_bands,month,2025-08,aug_tool,2025-08|aug_tool,,place_value_bundles,numeracy,22.0,stack_with_caveat,,,pct_students_b2_lt25,0.0,3.0,student_level_scores (top band = >=75%)
mastery_bands,month,2025-08,aug_tool,2025-08|aug_tool,,place_value_bundles,numeracy,22.0,stack_with_caveat,,,pct_students_b3_25_50,0.0,3.0,student_level_scores (top band = >=75%)
mastery_bands,month,2025-08,aug_tool,2025-08|aug_tool,,place_value_bundles,numeracy,22.0,stack_with_caveat,,,pct_students_b4_50_75,18.181818181818183,3.0,student_level_scores (top band = >=75%)
mastery_bands,month,2025-08,aug_tool,2025-08|aug_tool,,place_value_bundles,numeracy,22.0,stack_with_caveat,,,pct_students_b5_75plus,50.0,3.0,student_level_scores (top band = >=75%)
mastery_bands,month,2025-08,aug_tool,2025-08|aug_tool,,place_value_bundles,numeracy,22.0,stack_with_caveat,,,pct_students_tier_critical,31.818181818181817,3.0,student_level_scores (top band = >=75%)
mastery_bands,month,2025-08,aug_tool,2025-08|aug_tool,,place_value_bundles,numeracy,22.0,stack_with_caveat,,,pct_students_tier_developing,18.181818181818183,3.0,student_level_scores (top band = >=75%)
mastery_bands,month,2025-08,aug_tool,2025-08|aug_tool,,place_value_bundles,numeracy,22.0,stack_with_caveat,,,pct_students_tier_cleared,50.0,3.0,student_level_scores (top band = >=75%)
mastery_bands,month,2025-08,aug_tool,2025-08|aug_tool,,subtraction_1digit,numeracy,22.0,stack_with_caveat,,,pct_students_b1_0,13.636363636363637,5.0,student_level_scores (top band = >=75%)
mastery_bands,month,2025-08,aug_tool,2025-08|aug_tool,,subtraction_1digit,numeracy,22.0,stack_with_caveat,,,pct_students_b2_lt25,0.0,5.0,student_level_scores (top band = >=75%)
mastery_bands,month,2025-08,aug_tool,2025-08|aug_tool,,subtraction_1digit,numeracy,22.0,stack_with_caveat,,,pct_students_b3_25_50,4.545454545454546,5.0,student_level_scores (top band = >=75%)
mastery_bands,month,2025-08,aug_tool,2025-08|aug_tool,,subtraction_1digit,numeracy,22.0,stack_with_caveat,,,pct_students_b4_50_75,4.545454545454546,5.0,student_level_scores (top band = >=75%)
mastery_bands,month,2025-08,aug_tool,2025-08|aug_tool,,subtraction_1digit,numeracy,22.0,stack_with_caveat,,,pct_students_b5_75plus,77.27272727272727,5.0,student_level_scores (top band = >=75%)
mastery_bands,month,2025-08,aug_tool,2025-08|aug_tool,,subtraction_1digit,numeracy,22.0,stack_with_caveat,,,pct_students_tier_critical,13.636363636363637,5.0,student_level_scores (top band = >=75%)
mastery_bands,month,2025-08,aug_tool,2025-08|aug_tool,,subtraction_1digit,numeracy,22.0,stack_with_caveat,,,pct_students_tier_developing,9.090909090909092,5.0,student_level_scores (top band = >=75%)
mastery_bands,month,2025-08,aug_tool,2025-08|aug_tool,,subtraction_1digit,numeracy,22.0,stack_with_caveat,,,pct_students_tier_cleared,77.27272727272727,5.0,student_level_scores (top band = >=75%)
mastery_bands,month,2025-08,aug_tool,2025-08|aug_tool,,word_writing,literacy,22.0,stack_with_caveat,,,pct_students_b1_0,13.636363636363637,3.0,student_level_scores (top band = >=75%)
mastery_bands,month,2025-08,aug_tool,2025-08|aug_tool,,word_writing,literacy,22.0,stack_with_caveat,,,pct_students_b2_lt25,0.0,3.0,student_level_scores (top band = >=75%)
mastery_bands,month,2025-08,aug_tool,2025-08|aug_tool,,word_writing,literacy,22.0,stack_with_caveat,,,pct_students_b3_25_50,0.0,3.0,student_level_scores (top band = >=75%)
mastery_bands,month,2025-08,aug_tool,2025-08|aug_tool,,word_writing,literacy,22.0,stack_with_caveat,,,pct_students_b4_50_75,45.45454545454545,3.0,student_level_scores (top band = >=75%)
mastery_bands,month,2025-08,aug_tool,2025-08|aug_tool,,word_writing,literacy,22.0,stack_with_caveat,,,pct_students_b5_75plus,40.90909090909091,3.0,student_level_scores (top band = >=75%)
mastery_bands,month,2025-08,aug_tool,2025-08|aug_tool,,word_writing,literacy,22.0,stack_with_caveat,,,pct_students_tier_critical,13.636363636363637,3.0,student_level_scores (top band = >=75%)
mastery_bands,month,2025-08,aug_tool,2025-08|aug_tool,,word_writing,literacy,22.0,stack_with_caveat,,,pct_students_tier_developing,45.45454545454545,3.0,student_level_scores (top band = >=75%)
mastery_bands,month,2025-08,aug_tool,2025-08|aug_tool,,word_writing,literacy,22.0,stack_with_caveat,,,pct_students_tier_cleared,40.90909090909091,3.0,student_level_scores (top band = >=75%)
mastery_bands,month,2025-08,july_tool,2025-08|july_tool,,add_sub_1digit_combined,numeracy,29.0,single_source,,,pct_students_b1_0,10.344827586206897,3.0,student_level_scores (top band = >=75%)
mastery_bands,month,2025-08,july_tool,2025-08|july_tool,,add_sub_1digit_combined,numeracy,29.0,single_source,,,pct_students_b2_lt25,0.0,3.0,student_level_scores (top band = >=75%)
mastery_bands,month,2025-08,july_tool,2025-08|july_tool,,add_sub_1digit_combined,numeracy,29.0,single_source,,,pct_students_b3_25_50,0.0,3.0,student_level_scores (top band = >=75%)
mastery_bands,month,2025-08,july_tool,2025-08|july_tool,,add_sub_1digit_combined,numeracy,29.0,single_source,,,pct_students_b4_50_75,20.689655172413794,3.0,student_level_scores (top band = >=75%)
mastery_bands,month,2025-08,july_tool,2025-08|july_tool,,add_sub_1digit_combined,numeracy,29.0,single_source,,,pct_students_b5_75plus,68.96551724137932,3.0,student_level_scores (top band = >=75%)
mastery_bands,month,2025-08,july_tool,2025-08|july_tool,,add_sub_1digit_combined,numeracy,29.0,single_source,,,pct_students_tier_critical,10.344827586206897,3.0,student_level_scores (top band = >=75%)
mastery_bands,month,2025-08,july_tool,2025-08|july_tool,,add_sub_1digit_combined,numeracy,29.0,single_source,,,pct_students_tier_developing,20.689655172413794,3.0,student_level_scores (top band = >=75%)
mastery_bands,month,2025-08,july_tool,2025-08|july_tool,,add_sub_1digit_combined,numeracy,29.0,single_source,,,pct_students_tier_cleared,68.96551724137932,3.0,student_level_scores (top band = >=75%)
mastery_bands,month,2025-08,july_tool,2025-08|july_tool,,number_comparison,numeracy,29.0,stack_with_caveat,,,pct_students_b1_0,27.586206896551722,2.0,student_level_scores (top band = >=75%)
mastery_bands,month,2025-08,july_tool,2025-08|july_tool,,number_comparison,numeracy,29.0,stack_with_caveat,,,pct_students_b2_lt25,0.0,2.0,student_level_scores (top band = >=75%)
mastery_bands,month,2025-08,july_tool,2025-08|july_tool,,number_comparison,numeracy,29.0,stack_with_caveat,,,pct_students_b3_25_50,0.0,2.0,student_level_scores (top band = >=75%)
mastery_bands,month,2025-08,july_tool,2025-08|july_tool,,number_comparison,numeracy,29.0,stack_with_caveat,,,pct_students_b4_50_75,0.0,2.0,student_level_scores (top band = >=75%)
mastery_bands,month,2025-08,july_tool,2025-08|july_tool,,number_comparison,numeracy,29.0,stack_with_caveat,,,pct_students_b5_75plus,72.41379310344827,2.0,student_level_scores (top band = >=75%)
mastery_bands,month,2025-08,july_tool,2025-08|july_tool,,number_comparison,numeracy,29.0,stack_with_caveat,,,pct_students_tier_critical,27.586206896551722,2.0,student_level_scores (top band = >=75%)
mastery_bands,month,2025-08,july_tool,2025-08|july_tool,,number_comparison,numeracy,29.0,stack_with_caveat,,,pct_students_tier_developing,0.0,2.0,student_level_scores (top band = >=75%)
mastery_bands,month,2025-08,july_tool,2025-08|july_tool,,number_comparison,numeracy,29.0,stack_with_caveat,,,pct_students_tier_cleared,72.41379310344827,2.0,student_level_scores (top band = >=75%)
mastery_bands,month,2025-08,july_tool,2025-08|july_tool,,oral_language_dev,literacy,29.0,stack_with_caveat,,,pct_students_b1_0,0.0,2.0,student_level_scores (top band = >=75%)
mastery_bands,month,2025-08,july_tool,2025-08|july_tool,,oral_language_dev,literacy,29.0,stack_with_caveat,,,pct_students_b2_lt25,0.0,2.0,student_level_scores (top band = >=75%)
mastery_bands,month,2025-08,july_tool,2025-08|july_tool,,oral_language_dev,literacy,29.0,stack_with_caveat,,,pct_students_b3_25_50,0.0,2.0,student_level_scores (top band = >=75%)
mastery_bands,month,2025-08,july_tool,2025-08|july_tool,,oral_language_dev,literacy,29.0,stack_with_caveat,,,pct_students_b4_50_75,3.4482758620689653,2.0,student_level_scores (top band = >=75%)
mastery_bands,month,2025-08,july_tool,2025-08|july_tool,,oral_language_dev,literacy,29.0,stack_with_caveat,,,pct_students_b5_75plus,96.55172413793103,2.0,student_level_scores (top band = >=75%)
mastery_bands,month,2025-08,july_tool,2025-08|july_tool,,oral_language_dev,literacy,29.0,stack_with_caveat,,,pct_students_tier_critical,0.0,2.0,student_level_scores (top band = >=75%)
mastery_bands,month,2025-08,july_tool,2025-08|july_tool,,oral_language_dev,literacy,29.0,stack_with_caveat,,,pct_students_tier_developing,3.4482758620689653,2.0,student_level_scores (top band = >=75%)
mastery_bands,month,2025-08,july_tool,2025-08|july_tool,,oral_language_dev,literacy,29.0,stack_with_caveat,,,pct_students_tier_cleared,96.55172413793103,2.0,student_level_scores (top band = >=75%)
mastery_bands,month,2025-08,july_tool,2025-08|july_tool,,pattern,numeracy,29.0,stack_with_caveat,,,pct_students_b1_0,34.48275862068966,3.0,student_level_scores (top band = >=75%)
mastery_bands,month,2025-08,july_tool,2025-08|july_tool,,pattern,numeracy,29.0,stack_with_caveat,,,pct_students_b2_lt25,0.0,3.0,student_level_scores (top band = >=75%)
mastery_bands,month,2025-08,july_tool,2025-08|july_tool,,pattern,numeracy,29.0,stack_with_caveat,,,pct_students_b3_25_50,0.0,3.0,student_level_scores (top band = >=75%)
mastery_bands,month,2025-08,july_tool,2025-08|july_tool,,pattern,numeracy,29.0,stack_with_caveat,,,pct_students_b4_50_75,27.586206896551722,3.0,student_level_scores (top band = >=75%)
mastery_bands,month,2025-08,july_tool,2025-08|july_tool,,pattern,numeracy,29.0,stack_with_caveat,,,pct_students_b5_75plus,37.93103448275862,3.0,student_level_scores (top band = >=75%)
mastery_bands,month,2025-08,july_tool,2025-08|july_tool,,pattern,numeracy,29.0,stack_with_caveat,,,pct_students_tier_critical,34.48275862068966,3.0,student_level_scores (top band = >=75%)
mastery_bands,month,2025-08,july_tool,2025-08|july_tool,,pattern,numeracy,29.0,stack_with_caveat,,,pct_students_tier_developing,27.586206896551722,3.0,student_level_scores (top band = >=75%)
mastery_bands,month,2025-08,july_tool,2025-08|july_tool,,pattern,numeracy,29.0,stack_with_caveat,,,pct_students_tier_cleared,37.93103448275862,3.0,student_level_scores (top band = >=75%)
mastery_bands,month,2025-08,july_tool,2025-08|july_tool,,place_value_bundles,numeracy,29.0,stack_with_caveat,,,pct_students_b1_0,44.827586206896555,2.0,student_level_scores (top band = >=75%)
mastery_bands,month,2025-08,july_tool,2025-08|july_tool,,place_value_bundles,numeracy,29.0,stack_with_caveat,,,pct_students_b2_lt25,0.0,2.0,student_level_scores (top band = >=75%)
mastery_bands,month,2025-08,july_tool,2025-08|july_tool,,place_value_bundles,numeracy,29.0,stack_with_caveat,,,pct_students_b3_25_50,0.0,2.0,student_level_scores (top band = >=75%)
mastery_bands,month,2025-08,july_tool,2025-08|july_tool,,place_value_bundles,numeracy,29.0,stack_with_caveat,,,pct_students_b4_50_75,0.0,2.0,student_level_scores (top band = >=75%)
mastery_bands,month,2025-08,july_tool,2025-08|july_tool,,place_value_bundles,numeracy,29.0,stack_with_caveat,,,pct_students_b5_75plus,55.172413793103445,2.0,student_level_scores (top band = >=75%)
mastery_bands,month,2025-08,july_tool,2025-08|july_tool,,place_value_bundles,numeracy,29.0,stack_with_caveat,,,pct_students_tier_critical,44.827586206896555,2.0,student_level_scores (top band = >=75%)
mastery_bands,month,2025-08,july_tool,2025-08|july_tool,,place_value_bundles,numeracy,29.0,stack_with_caveat,,,pct_students_tier_developing,0.0,2.0,student_level_scores (top band = >=75%)
mastery_bands,month,2025-08,july_tool,2025-08|july_tool,,place_value_bundles,numeracy,29.0,stack_with_caveat,,,pct_students_tier_cleared,55.172413793103445,2.0,student_level_scores (top band = >=75%)
mastery_bands,month,2025-08,july_tool,2025-08|july_tool,,shapes_2d,numeracy,29.0,single_source,,,pct_students_b1_0,0.0,2.0,student_level_scores (top band = >=75%)
mastery_bands,month,2025-08,july_tool,2025-08|july_tool,,shapes_2d,numeracy,29.0,single_source,,,pct_students_b2_lt25,0.0,2.0,student_level_scores (top band = >=75%)
mastery_bands,month,2025-08,july_tool,2025-08|july_tool,,shapes_2d,numeracy,29.0,single_source,,,pct_students_b3_25_50,0.0,2.0,student_level_scores (top band = >=75%)
mastery_bands,month,2025-08,july_tool,2025-08|july_tool,,shapes_2d,numeracy,29.0,single_source,,,pct_students_b4_50_75,17.24137931034483,2.0,student_level_scores (top band = >=75%)
mastery_bands,month,2025-08,july_tool,2025-08|july_tool,,shapes_2d,numeracy,29.0,single_source,,,pct_students_b5_75plus,82.75862068965517,2.0,student_level_scores (top band = >=75%)
mastery_bands,month,2025-08,july_tool,2025-08|july_tool,,shapes_2d,numeracy,29.0,single_source,,,pct_students_tier_critical,0.0,2.0,student_level_scores (top band = >=75%)
mastery_bands,month,2025-08,july_tool,2025-08|july_tool,,shapes_2d,numeracy,29.0,single_source,,,pct_students_tier_developing,17.24137931034483,2.0,student_level_scores (top band = >=75%)
mastery_bands,month,2025-08,july_tool,2025-08|july_tool,,shapes_2d,numeracy,29.0,single_source,,,pct_students_tier_cleared,82.75862068965517,2.0,student_level_scores (top band = >=75%)
mastery_bands,month,2025-08,july_tool,2025-08|july_tool,,word_writing,literacy,29.0,stack_with_caveat,,,pct_students_b1_0,13.793103448275861,3.0,student_level_scores (top band = >=75%)
mastery_bands,month,2025-08,july_tool,2025-08|july_tool,,word_writing,literacy,29.0,stack_with_caveat,,,pct_students_b2_lt25,0.0,3.0,student_level_scores (top band = >=75%)
mastery_bands,month,2025-08,july_tool,2025-08|july_tool,,word_writing,literacy,29.0,stack_with_caveat,,,pct_students_b3_25_50,0.0,3.0,student_level_scores (top band = >=75%)
mastery_bands,month,2025-08,july_tool,2025-08|july_tool,,word_writing,literacy,29.0,stack_with_caveat,,,pct_students_b4_50_75,31.03448275862069,3.0,student_level_scores (top band = >=75%)
mastery_bands,month,2025-08,july_tool,2025-08|july_tool,,word_writing,literacy,29.0,stack_with_caveat,,,pct_students_b5_75plus,55.172413793103445,3.0,student_level_scores (top band = >=75%)
mastery_bands,month,2025-08,july_tool,2025-08|july_tool,,word_writing,literacy,29.0,stack_with_caveat,,,pct_students_tier_critical,13.793103448275861,3.0,student_level_scores (top band = >=75%)
mastery_bands,month,2025-08,july_tool,2025-08|july_tool,,word_writing,literacy,29.0,stack_with_caveat,,,pct_students_tier_developing,31.03448275862069,3.0,student_level_scores (top band = >=75%)
mastery_bands,month,2025-08,july_tool,2025-08|july_tool,,word_writing,literacy,29.0,stack_with_caveat,,,pct_students_tier_cleared,55.172413793103445,3.0,student_level_scores (top band = >=75%)
mastery_bands,month,2025-09,aug_tool,2025-09|aug_tool,,addition_1digit,numeracy,59.0,stack_with_caveat,,,pct_students_b1_0,3.389830508474576,5.0,student_level_scores (top band = >=75%)
mastery_bands,month,2025-09,aug_tool,2025-09|aug_tool,,addition_1digit,numeracy,59.0,stack_with_caveat,,,pct_students_b2_lt25,0.0,5.0,student_level_scores (top band = >=75%)
mastery_bands,month,2025-09,aug_tool,2025-09|aug_tool,,addition_1digit,numeracy,59.0,stack_with_caveat,,,pct_students_b3_25_50,5.084745762711864,5.0,student_level_scores (top band = >=75%)
mastery_bands,month,2025-09,aug_tool,2025-09|aug_tool,,addition_1digit,numeracy,59.0,stack_with_caveat,,,pct_students_b4_50_75,3.389830508474576,5.0,student_level_scores (top band = >=75%)
mastery_bands,month,2025-09,aug_tool,2025-09|aug_tool,,addition_1digit,numeracy,59.0,stack_with_caveat,,,pct_students_b5_75plus,88.13559322033899,5.0,student_level_scores (top band = >=75%)
mastery_bands,month,2025-09,aug_tool,2025-09|aug_tool,,addition_1digit,numeracy,59.0,stack_with_caveat,,,pct_students_tier_critical,3.389830508474576,5.0,student_level_scores (top band = >=75%)
mastery_bands,month,2025-09,aug_tool,2025-09|aug_tool,,addition_1digit,numeracy,59.0,stack_with_caveat,,,pct_students_tier_developing,8.474576271186441,5.0,student_level_scores (top band = >=75%)
mastery_bands,month,2025-09,aug_tool,2025-09|aug_tool,,addition_1digit,numeracy,59.0,stack_with_caveat,,,pct_students_tier_cleared,88.13559322033899,5.0,student_level_scores (top band = >=75%)
mastery_bands,month,2025-09,aug_tool,2025-09|aug_tool,,letter_recognition,literacy,59.0,stack_with_caveat,,,pct_students_b1_0,0.0,7.0,student_level_scores (top band = >=75%)
mastery_bands,month,2025-09,aug_tool,2025-09|aug_tool,,letter_recognition,literacy,59.0,stack_with_caveat,,,pct_students_b2_lt25,3.389830508474576,7.0,student_level_scores (top band = >=75%)
mastery_bands,month,2025-09,aug_tool,2025-09|aug_tool,,letter_recognition,literacy,59.0,stack_with_caveat,,,pct_students_b3_25_50,1.694915254237288,7.0,student_level_scores (top band = >=75%)
mastery_bands,month,2025-09,aug_tool,2025-09|aug_tool,,letter_recognition,literacy,59.0,stack_with_caveat,,,pct_students_b4_50_75,13.559322033898304,7.0,student_level_scores (top band = >=75%)
mastery_bands,month,2025-09,aug_tool,2025-09|aug_tool,,letter_recognition,literacy,59.0,stack_with_caveat,,,pct_students_b5_75plus,81.35593220338983,7.0,student_level_scores (top band = >=75%)
mastery_bands,month,2025-09,aug_tool,2025-09|aug_tool,,letter_recognition,literacy,59.0,stack_with_caveat,,,pct_students_tier_critical,3.389830508474576,7.0,student_level_scores (top band = >=75%)
mastery_bands,month,2025-09,aug_tool,2025-09|aug_tool,,letter_recognition,literacy,59.0,stack_with_caveat,,,pct_students_tier_developing,15.254237288135593,7.0,student_level_scores (top band = >=75%)
mastery_bands,month,2025-09,aug_tool,2025-09|aug_tool,,letter_recognition,literacy,59.0,stack_with_caveat,,,pct_students_tier_cleared,81.35593220338983,7.0,student_level_scores (top band = >=75%)
mastery_bands,month,2025-09,aug_tool,2025-09|aug_tool,,number_comparison,numeracy,59.0,stack_with_caveat,,,pct_students_b1_0,3.389830508474576,4.0,student_level_scores (top band = >=75%)
mastery_bands,month,2025-09,aug_tool,2025-09|aug_tool,,number_comparison,numeracy,59.0,stack_with_caveat,,,pct_students_b2_lt25,0.0,4.0,student_level_scores (top band = >=75%)
mastery_bands,month,2025-09,aug_tool,2025-09|aug_tool,,number_comparison,numeracy,59.0,stack_with_caveat,,,pct_students_b3_25_50,0.0,4.0,student_level_scores (top band = >=75%)
mastery_bands,month,2025-09,aug_tool,2025-09|aug_tool,,number_comparison,numeracy,59.0,stack_with_caveat,,,pct_students_b4_50_75,3.389830508474576,4.0,student_level_scores (top band = >=75%)
mastery_bands,month,2025-09,aug_tool,2025-09|aug_tool,,number_comparison,numeracy,59.0,stack_with_caveat,,,pct_students_b5_75plus,93.22033898305085,4.0,student_level_scores (top band = >=75%)
mastery_bands,month,2025-09,aug_tool,2025-09|aug_tool,,number_comparison,numeracy,59.0,stack_with_caveat,,,pct_students_tier_critical,3.389830508474576,4.0,student_level_scores (top band = >=75%)
mastery_bands,month,2025-09,aug_tool,2025-09|aug_tool,,number_comparison,numeracy,59.0,stack_with_caveat,,,pct_students_tier_developing,3.389830508474576,4.0,student_level_scores (top band = >=75%)
mastery_bands,month,2025-09,aug_tool,2025-09|aug_tool,,number_comparison,numeracy,59.0,stack_with_caveat,,,pct_students_tier_cleared,93.22033898305085,4.0,student_level_scores (top band = >=75%)
mastery_bands,month,2025-09,aug_tool,2025-09|aug_tool,,oral_language_dev,literacy,59.0,stack_with_caveat,,,pct_students_b1_0,0.0,2.0,student_level_scores (top band = >=75%)
mastery_bands,month,2025-09,aug_tool,2025-09|aug_tool,,oral_language_dev,literacy,59.0,stack_with_caveat,,,pct_students_b2_lt25,0.0,2.0,student_level_scores (top band = >=75%)
mastery_bands,month,2025-09,aug_tool,2025-09|aug_tool,,oral_language_dev,literacy,59.0,stack_with_caveat,,,pct_students_b3_25_50,0.0,2.0,student_level_scores (top band = >=75%)
mastery_bands,month,2025-09,aug_tool,2025-09|aug_tool,,oral_language_dev,literacy,59.0,stack_with_caveat,,,pct_students_b4_50_75,0.0,2.0,student_level_scores (top band = >=75%)
mastery_bands,month,2025-09,aug_tool,2025-09|aug_tool,,oral_language_dev,literacy,59.0,stack_with_caveat,,,pct_students_b5_75plus,100.0,2.0,student_level_scores (top band = >=75%)
mastery_bands,month,2025-09,aug_tool,2025-09|aug_tool,,oral_language_dev,literacy,59.0,stack_with_caveat,,,pct_students_tier_critical,0.0,2.0,student_level_scores (top band = >=75%)
mastery_bands,month,2025-09,aug_tool,2025-09|aug_tool,,oral_language_dev,literacy,59.0,stack_with_caveat,,,pct_students_tier_developing,0.0,2.0,student_level_scores (top band = >=75%)
mastery_bands,month,2025-09,aug_tool,2025-09|aug_tool,,oral_language_dev,literacy,59.0,stack_with_caveat,,,pct_students_tier_cleared,100.0,2.0,student_level_scores (top band = >=75%)
mastery_bands,month,2025-09,aug_tool,2025-09|aug_tool,,place_value_bundles,numeracy,59.0,stack_with_caveat,,,pct_students_b1_0,30.508474576271187,3.0,student_level_scores (top band = >=75%)
mastery_bands,month,2025-09,aug_tool,2025-09|aug_tool,,place_value_bundles,numeracy,59.0,stack_with_caveat,,,pct_students_b2_lt25,0.0,3.0,student_level_scores (top band = >=75%)
mastery_bands,month,2025-09,aug_tool,2025-09|aug_tool,,place_value_bundles,numeracy,59.0,stack_with_caveat,,,pct_students_b3_25_50,0.0,3.0,student_level_scores (top band = >=75%)
mastery_bands,month,2025-09,aug_tool,2025-09|aug_tool,,place_value_bundles,numeracy,59.0,stack_with_caveat,,,pct_students_b4_50_75,11.864406779661017,3.0,student_level_scores (top band = >=75%)
mastery_bands,month,2025-09,aug_tool,2025-09|aug_tool,,place_value_bundles,numeracy,59.0,stack_with_caveat,,,pct_students_b5_75plus,57.6271186440678,3.0,student_level_scores (top band = >=75%)
mastery_bands,month,2025-09,aug_tool,2025-09|aug_tool,,place_value_bundles,numeracy,59.0,stack_with_caveat,,,pct_students_tier_critical,30.508474576271187,3.0,student_level_scores (top band = >=75%)
mastery_bands,month,2025-09,aug_tool,2025-09|aug_tool,,place_value_bundles,numeracy,59.0,stack_with_caveat,,,pct_students_tier_developing,11.864406779661017,3.0,student_level_scores (top band = >=75%)
mastery_bands,month,2025-09,aug_tool,2025-09|aug_tool,,place_value_bundles,numeracy,59.0,stack_with_caveat,,,pct_students_tier_cleared,57.6271186440678,3.0,student_level_scores (top band = >=75%)
mastery_bands,month,2025-09,aug_tool,2025-09|aug_tool,,subtraction_1digit,numeracy,59.0,stack_with_caveat,,,pct_students_b1_0,10.169491525423728,5.0,student_level_scores (top band = >=75%)
mastery_bands,month,2025-09,aug_tool,2025-09|aug_tool,,subtraction_1digit,numeracy,59.0,stack_with_caveat,,,pct_students_b2_lt25,0.0,5.0,student_level_scores (top band = >=75%)
mastery_bands,month,2025-09,aug_tool,2025-09|aug_tool,,subtraction_1digit,numeracy,59.0,stack_with_caveat,,,pct_students_b3_25_50,3.389830508474576,5.0,student_level_scores (top band = >=75%)
mastery_bands,month,2025-09,aug_tool,2025-09|aug_tool,,subtraction_1digit,numeracy,59.0,stack_with_caveat,,,pct_students_b4_50_75,10.169491525423728,5.0,student_level_scores (top band = >=75%)
mastery_bands,month,2025-09,aug_tool,2025-09|aug_tool,,subtraction_1digit,numeracy,59.0,stack_with_caveat,,,pct_students_b5_75plus,76.27118644067797,5.0,student_level_scores (top band = >=75%)
mastery_bands,month,2025-09,aug_tool,2025-09|aug_tool,,subtraction_1digit,numeracy,59.0,stack_with_caveat,,,pct_students_tier_critical,10.169491525423728,5.0,student_level_scores (top band = >=75%)
mastery_bands,month,2025-09,aug_tool,2025-09|aug_tool,,subtraction_1digit,numeracy,59.0,stack_with_caveat,,,pct_students_tier_developing,13.559322033898304,5.0,student_level_scores (top band = >=75%)
mastery_bands,month,2025-09,aug_tool,2025-09|aug_tool,,subtraction_1digit,numeracy,59.0,stack_with_caveat,,,pct_students_tier_cleared,76.27118644067797,5.0,student_level_scores (top band = >=75%)
mastery_bands,month,2025-09,aug_tool,2025-09|aug_tool,,word_writing,literacy,59.0,stack_with_caveat,,,pct_students_b1_0,10.169491525423728,3.0,student_level_scores (top band = >=75%)
mastery_bands,month,2025-09,aug_tool,2025-09|aug_tool,,word_writing,literacy,59.0,stack_with_caveat,,,pct_students_b2_lt25,0.0,3.0,student_level_scores (top band = >=75%)
mastery_bands,month,2025-09,aug_tool,2025-09|aug_tool,,word_writing,literacy,59.0,stack_with_caveat,,,pct_students_b3_25_50,0.0,3.0,student_level_scores (top band = >=75%)
mastery_bands,month,2025-09,aug_tool,2025-09|aug_tool,,word_writing,literacy,59.0,stack_with_caveat,,,pct_students_b4_50_75,28.8135593220339,3.0,student_level_scores (top band = >=75%)
mastery_bands,month,2025-09,aug_tool,2025-09|aug_tool,,word_writing,literacy,59.0,stack_with_caveat,,,pct_students_b5_75plus,61.016949152542374,3.0,student_level_scores (top band = >=75%)
mastery_bands,month,2025-09,aug_tool,2025-09|aug_tool,,word_writing,literacy,59.0,stack_with_caveat,,,pct_students_tier_critical,10.169491525423728,3.0,student_level_scores (top band = >=75%)
mastery_bands,month,2025-09,aug_tool,2025-09|aug_tool,,word_writing,literacy,59.0,stack_with_caveat,,,pct_students_tier_developing,28.8135593220339,3.0,student_level_scores (top band = >=75%)
mastery_bands,month,2025-09,aug_tool,2025-09|aug_tool,,word_writing,literacy,59.0,stack_with_caveat,,,pct_students_tier_cleared,61.016949152542374,3.0,student_level_scores (top band = >=75%)
mastery_bands,month,2025-10,q3_2025_tool,2025-10|q3_2025_tool,,addition,numeracy,20.0,stack_with_caveat,,,pct_students_b1_0,5.0,4.0,student_level_scores (top band = >=75%)
mastery_bands,month,2025-10,q3_2025_tool,2025-10|q3_2025_tool,,addition,numeracy,20.0,stack_with_caveat,,,pct_students_b2_lt25,0.0,4.0,student_level_scores (top band = >=75%)
mastery_bands,month,2025-10,q3_2025_tool,2025-10|q3_2025_tool,,addition,numeracy,20.0,stack_with_caveat,,,pct_students_b3_25_50,5.0,4.0,student_level_scores (top band = >=75%)
mastery_bands,month,2025-10,q3_2025_tool,2025-10|q3_2025_tool,,addition,numeracy,20.0,stack_with_caveat,,,pct_students_b4_50_75,5.0,4.0,student_level_scores (top band = >=75%)
mastery_bands,month,2025-10,q3_2025_tool,2025-10|q3_2025_tool,,addition,numeracy,20.0,stack_with_caveat,,,pct_students_b5_75plus,85.0,4.0,student_level_scores (top band = >=75%)
mastery_bands,month,2025-10,q3_2025_tool,2025-10|q3_2025_tool,,addition,numeracy,20.0,stack_with_caveat,,,pct_students_tier_critical,5.0,4.0,student_level_scores (top band = >=75%)
mastery_bands,month,2025-10,q3_2025_tool,2025-10|q3_2025_tool,,addition,numeracy,20.0,stack_with_caveat,,,pct_students_tier_developing,5.0,4.0,student_level_scores (top band = >=75%)
mastery_bands,month,2025-10,q3_2025_tool,2025-10|q3_2025_tool,,addition,numeracy,20.0,stack_with_caveat,,,pct_students_tier_cleared,90.0,4.0,student_level_scores (top band = >=75%)
mastery_bands,month,2025-10,q3_2025_tool,2025-10|q3_2025_tool,,letter_recognition,literacy,20.0,stack_with_caveat,,,pct_students_b1_0,0.0,5.0,student_level_scores (top band = >=75%)
mastery_bands,month,2025-10,q3_2025_tool,2025-10|q3_2025_tool,,letter_recognition,literacy,20.0,stack_with_caveat,,,pct_students_b2_lt25,0.0,5.0,student_level_scores (top band = >=75%)
mastery_bands,month,2025-10,q3_2025_tool,2025-10|q3_2025_tool,,letter_recognition,literacy,20.0,stack_with_caveat,,,pct_students_b3_25_50,10.0,5.0,student_level_scores (top band = >=75%)
mastery_bands,month,2025-10,q3_2025_tool,2025-10|q3_2025_tool,,letter_recognition,literacy,20.0,stack_with_caveat,,,pct_students_b4_50_75,5.0,5.0,student_level_scores (top band = >=75%)
mastery_bands,month,2025-10,q3_2025_tool,2025-10|q3_2025_tool,,letter_recognition,literacy,20.0,stack_with_caveat,,,pct_students_b5_75plus,85.0,5.0,student_level_scores (top band = >=75%)
mastery_bands,month,2025-10,q3_2025_tool,2025-10|q3_2025_tool,,letter_recognition,literacy,20.0,stack_with_caveat,,,pct_students_tier_critical,0.0,5.0,student_level_scores (top band = >=75%)
mastery_bands,month,2025-10,q3_2025_tool,2025-10|q3_2025_tool,,letter_recognition,literacy,20.0,stack_with_caveat,,,pct_students_tier_developing,15.0,5.0,student_level_scores (top band = >=75%)
mastery_bands,month,2025-10,q3_2025_tool,2025-10|q3_2025_tool,,letter_recognition,literacy,20.0,stack_with_caveat,,,pct_students_tier_cleared,85.0,5.0,student_level_scores (top band = >=75%)
mastery_bands,month,2025-10,q3_2025_tool,2025-10|q3_2025_tool,,number_recognition,numeracy,20.0,stack_with_caveat,,,pct_students_b1_0,10.0,5.0,student_level_scores (top band = >=75%)
mastery_bands,month,2025-10,q3_2025_tool,2025-10|q3_2025_tool,,number_recognition,numeracy,20.0,stack_with_caveat,,,pct_students_b2_lt25,0.0,5.0,student_level_scores (top band = >=75%)
mastery_bands,month,2025-10,q3_2025_tool,2025-10|q3_2025_tool,,number_recognition,numeracy,20.0,stack_with_caveat,,,pct_students_b3_25_50,20.0,5.0,student_level_scores (top band = >=75%)
mastery_bands,month,2025-10,q3_2025_tool,2025-10|q3_2025_tool,,number_recognition,numeracy,20.0,stack_with_caveat,,,pct_students_b4_50_75,10.0,5.0,student_level_scores (top band = >=75%)
mastery_bands,month,2025-10,q3_2025_tool,2025-10|q3_2025_tool,,number_recognition,numeracy,20.0,stack_with_caveat,,,pct_students_b5_75plus,60.0,5.0,student_level_scores (top band = >=75%)
mastery_bands,month,2025-10,q3_2025_tool,2025-10|q3_2025_tool,,number_recognition,numeracy,20.0,stack_with_caveat,,,pct_students_tier_critical,10.0,5.0,student_level_scores (top band = >=75%)
mastery_bands,month,2025-10,q3_2025_tool,2025-10|q3_2025_tool,,number_recognition,numeracy,20.0,stack_with_caveat,,,pct_students_tier_developing,30.0,5.0,student_level_scores (top band = >=75%)
mastery_bands,month,2025-10,q3_2025_tool,2025-10|q3_2025_tool,,number_recognition,numeracy,20.0,stack_with_caveat,,,pct_students_tier_cleared,60.0,5.0,student_level_scores (top band = >=75%)
mastery_bands,month,2025-10,q3_2025_tool,2025-10|q3_2025_tool,,pattern,numeracy,20.0,stack_with_caveat,,,pct_students_b1_0,15.0,4.0,student_level_scores (top band = >=75%)
mastery_bands,month,2025-10,q3_2025_tool,2025-10|q3_2025_tool,,pattern,numeracy,20.0,stack_with_caveat,,,pct_students_b2_lt25,0.0,4.0,student_level_scores (top band = >=75%)
mastery_bands,month,2025-10,q3_2025_tool,2025-10|q3_2025_tool,,pattern,numeracy,20.0,stack_with_caveat,,,pct_students_b3_25_50,30.0,4.0,student_level_scores (top band = >=75%)
mastery_bands,month,2025-10,q3_2025_tool,2025-10|q3_2025_tool,,pattern,numeracy,20.0,stack_with_caveat,,,pct_students_b4_50_75,30.0,4.0,student_level_scores (top band = >=75%)
mastery_bands,month,2025-10,q3_2025_tool,2025-10|q3_2025_tool,,pattern,numeracy,20.0,stack_with_caveat,,,pct_students_b5_75plus,25.0,4.0,student_level_scores (top band = >=75%)
mastery_bands,month,2025-10,q3_2025_tool,2025-10|q3_2025_tool,,pattern,numeracy,20.0,stack_with_caveat,,,pct_students_tier_critical,15.0,4.0,student_level_scores (top band = >=75%)
mastery_bands,month,2025-10,q3_2025_tool,2025-10|q3_2025_tool,,pattern,numeracy,20.0,stack_with_caveat,,,pct_students_tier_developing,30.0,4.0,student_level_scores (top band = >=75%)
mastery_bands,month,2025-10,q3_2025_tool,2025-10|q3_2025_tool,,pattern,numeracy,20.0,stack_with_caveat,,,pct_students_tier_cleared,55.0,4.0,student_level_scores (top band = >=75%)
mastery_bands,month,2025-10,q3_2025_tool,2025-10|q3_2025_tool,,place_value_bundles,numeracy,20.0,stack_with_caveat,,,pct_students_b1_0,40.0,4.0,student_level_scores (top band = >=75%)
mastery_bands,month,2025-10,q3_2025_tool,2025-10|q3_2025_tool,,place_value_bundles,numeracy,20.0,stack_with_caveat,,,pct_students_b2_lt25,0.0,4.0,student_level_scores (top band = >=75%)
mastery_bands,month,2025-10,q3_2025_tool,2025-10|q3_2025_tool,,place_value_bundles,numeracy,20.0,stack_with_caveat,,,pct_students_b3_25_50,15.0,4.0,student_level_scores (top band = >=75%)
mastery_bands,month,2025-10,q3_2025_tool,2025-10|q3_2025_tool,,place_value_bundles,numeracy,20.0,stack_with_caveat,,,pct_students_b4_50_75,25.0,4.0,student_level_scores (top band = >=75%)
mastery_bands,month,2025-10,q3_2025_tool,2025-10|q3_2025_tool,,place_value_bundles,numeracy,20.0,stack_with_caveat,,,pct_students_b5_75plus,20.0,4.0,student_level_scores (top band = >=75%)
mastery_bands,month,2025-10,q3_2025_tool,2025-10|q3_2025_tool,,place_value_bundles,numeracy,20.0,stack_with_caveat,,,pct_students_tier_critical,40.0,4.0,student_level_scores (top band = >=75%)
mastery_bands,month,2025-10,q3_2025_tool,2025-10|q3_2025_tool,,place_value_bundles,numeracy,20.0,stack_with_caveat,,,pct_students_tier_developing,15.0,4.0,student_level_scores (top band = >=75%)
mastery_bands,month,2025-10,q3_2025_tool,2025-10|q3_2025_tool,,place_value_bundles,numeracy,20.0,stack_with_caveat,,,pct_students_tier_cleared,45.0,4.0,student_level_scores (top band = >=75%)
mastery_bands,month,2025-10,q3_2025_tool,2025-10|q3_2025_tool,,reading_comprehension,literacy,20.0,stack_with_caveat,,,pct_students_b1_0,30.0,5.0,student_level_scores (top band = >=75%)
mastery_bands,month,2025-10,q3_2025_tool,2025-10|q3_2025_tool,,reading_comprehension,literacy,20.0,stack_with_caveat,,,pct_students_b2_lt25,0.0,5.0,student_level_scores (top band = >=75%)
mastery_bands,month,2025-10,q3_2025_tool,2025-10|q3_2025_tool,,reading_comprehension,literacy,20.0,stack_with_caveat,,,pct_students_b3_25_50,5.0,5.0,student_level_scores (top band = >=75%)
mastery_bands,month,2025-10,q3_2025_tool,2025-10|q3_2025_tool,,reading_comprehension,literacy,20.0,stack_with_caveat,,,pct_students_b4_50_75,5.0,5.0,student_level_scores (top band = >=75%)
mastery_bands,month,2025-10,q3_2025_tool,2025-10|q3_2025_tool,,reading_comprehension,literacy,20.0,stack_with_caveat,,,pct_students_b5_75plus,60.0,5.0,student_level_scores (top band = >=75%)
mastery_bands,month,2025-10,q3_2025_tool,2025-10|q3_2025_tool,,reading_comprehension,literacy,20.0,stack_with_caveat,,,pct_students_tier_critical,30.0,5.0,student_level_scores (top band = >=75%)
mastery_bands,month,2025-10,q3_2025_tool,2025-10|q3_2025_tool,,reading_comprehension,literacy,20.0,stack_with_caveat,,,pct_students_tier_developing,10.0,5.0,student_level_scores (top band = >=75%)
mastery_bands,month,2025-10,q3_2025_tool,2025-10|q3_2025_tool,,reading_comprehension,literacy,20.0,stack_with_caveat,,,pct_students_tier_cleared,60.0,5.0,student_level_scores (top band = >=75%)
mastery_bands,month,2025-10,q3_2025_tool,2025-10|q3_2025_tool,,subtraction,numeracy,20.0,stack_with_caveat,,,pct_students_b1_0,5.0,4.0,student_level_scores (top band = >=75%)
mastery_bands,month,2025-10,q3_2025_tool,2025-10|q3_2025_tool,,subtraction,numeracy,20.0,stack_with_caveat,,,pct_students_b2_lt25,0.0,4.0,student_level_scores (top band = >=75%)
mastery_bands,month,2025-10,q3_2025_tool,2025-10|q3_2025_tool,,subtraction,numeracy,20.0,stack_with_caveat,,,pct_students_b3_25_50,10.0,4.0,student_level_scores (top band = >=75%)
mastery_bands,month,2025-10,q3_2025_tool,2025-10|q3_2025_tool,,subtraction,numeracy,20.0,stack_with_caveat,,,pct_students_b4_50_75,25.0,4.0,student_level_scores (top band = >=75%)
mastery_bands,month,2025-10,q3_2025_tool,2025-10|q3_2025_tool,,subtraction,numeracy,20.0,stack_with_caveat,,,pct_students_b5_75plus,60.0,4.0,student_level_scores (top band = >=75%)
mastery_bands,month,2025-10,q3_2025_tool,2025-10|q3_2025_tool,,subtraction,numeracy,20.0,stack_with_caveat,,,pct_students_tier_critical,5.0,4.0,student_level_scores (top band = >=75%)
mastery_bands,month,2025-10,q3_2025_tool,2025-10|q3_2025_tool,,subtraction,numeracy,20.0,stack_with_caveat,,,pct_students_tier_developing,10.0,4.0,student_level_scores (top band = >=75%)
mastery_bands,month,2025-10,q3_2025_tool,2025-10|q3_2025_tool,,subtraction,numeracy,20.0,stack_with_caveat,,,pct_students_tier_cleared,85.0,4.0,student_level_scores (top band = >=75%)
mastery_bands,month,2025-10,q3_2025_tool,2025-10|q3_2025_tool,,word_reading,literacy,20.0,stack_with_caveat,,,pct_students_b1_0,10.0,5.0,student_level_scores (top band = >=75%)
mastery_bands,month,2025-10,q3_2025_tool,2025-10|q3_2025_tool,,word_reading,literacy,20.0,stack_with_caveat,,,pct_students_b2_lt25,0.0,5.0,student_level_scores (top band = >=75%)
mastery_bands,month,2025-10,q3_2025_tool,2025-10|q3_2025_tool,,word_reading,literacy,20.0,stack_with_caveat,,,pct_students_b3_25_50,5.0,5.0,student_level_scores (top band = >=75%)
mastery_bands,month,2025-10,q3_2025_tool,2025-10|q3_2025_tool,,word_reading,literacy,20.0,stack_with_caveat,,,pct_students_b4_50_75,10.0,5.0,student_level_scores (top band = >=75%)
mastery_bands,month,2025-10,q3_2025_tool,2025-10|q3_2025_tool,,word_reading,literacy,20.0,stack_with_caveat,,,pct_students_b5_75plus,75.0,5.0,student_level_scores (top band = >=75%)
mastery_bands,month,2025-10,q3_2025_tool,2025-10|q3_2025_tool,,word_reading,literacy,20.0,stack_with_caveat,,,pct_students_tier_critical,10.0,5.0,student_level_scores (top band = >=75%)
mastery_bands,month,2025-10,q3_2025_tool,2025-10|q3_2025_tool,,word_reading,literacy,20.0,stack_with_caveat,,,pct_students_tier_developing,15.0,5.0,student_level_scores (top band = >=75%)
mastery_bands,month,2025-10,q3_2025_tool,2025-10|q3_2025_tool,,word_reading,literacy,20.0,stack_with_caveat,,,pct_students_tier_cleared,75.0,5.0,student_level_scores (top band = >=75%)
mastery_bands,month,2025-10,q3_2025_tool,2025-10|q3_2025_tool,,word_writing,literacy,20.0,stack_with_caveat,,,pct_students_b1_0,25.0,5.0,student_level_scores (top band = >=75%)
mastery_bands,month,2025-10,q3_2025_tool,2025-10|q3_2025_tool,,word_writing,literacy,20.0,stack_with_caveat,,,pct_students_b2_lt25,0.0,5.0,student_level_scores (top band = >=75%)
mastery_bands,month,2025-10,q3_2025_tool,2025-10|q3_2025_tool,,word_writing,literacy,20.0,stack_with_caveat,,,pct_students_b3_25_50,5.0,5.0,student_level_scores (top band = >=75%)
mastery_bands,month,2025-10,q3_2025_tool,2025-10|q3_2025_tool,,word_writing,literacy,20.0,stack_with_caveat,,,pct_students_b4_50_75,30.0,5.0,student_level_scores (top band = >=75%)
mastery_bands,month,2025-10,q3_2025_tool,2025-10|q3_2025_tool,,word_writing,literacy,20.0,stack_with_caveat,,,pct_students_b5_75plus,40.0,5.0,student_level_scores (top band = >=75%)
mastery_bands,month,2025-10,q3_2025_tool,2025-10|q3_2025_tool,,word_writing,literacy,20.0,stack_with_caveat,,,pct_students_tier_critical,25.0,5.0,student_level_scores (top band = >=75%)
mastery_bands,month,2025-10,q3_2025_tool,2025-10|q3_2025_tool,,word_writing,literacy,20.0,stack_with_caveat,,,pct_students_tier_developing,35.0,5.0,student_level_scores (top band = >=75%)
mastery_bands,month,2025-10,q3_2025_tool,2025-10|q3_2025_tool,,word_writing,literacy,20.0,stack_with_caveat,,,pct_students_tier_cleared,40.0,5.0,student_level_scores (top band = >=75%)
mastery_bands,month,2025-11,q3_2025_tool,2025-11|q3_2025_tool,,addition,numeracy,66.0,stack_with_caveat,,,pct_students_b1_0,1.5151515151515151,4.0,student_level_scores (top band = >=75%)
mastery_bands,month,2025-11,q3_2025_tool,2025-11|q3_2025_tool,,addition,numeracy,66.0,stack_with_caveat,,,pct_students_b2_lt25,0.0,4.0,student_level_scores (top band = >=75%)
mastery_bands,month,2025-11,q3_2025_tool,2025-11|q3_2025_tool,,addition,numeracy,66.0,stack_with_caveat,,,pct_students_b3_25_50,7.575757575757576,4.0,student_level_scores (top band = >=75%)
mastery_bands,month,2025-11,q3_2025_tool,2025-11|q3_2025_tool,,addition,numeracy,66.0,stack_with_caveat,,,pct_students_b4_50_75,16.666666666666668,4.0,student_level_scores (top band = >=75%)
mastery_bands,month,2025-11,q3_2025_tool,2025-11|q3_2025_tool,,addition,numeracy,66.0,stack_with_caveat,,,pct_students_b5_75plus,74.24242424242425,4.0,student_level_scores (top band = >=75%)
mastery_bands,month,2025-11,q3_2025_tool,2025-11|q3_2025_tool,,addition,numeracy,66.0,stack_with_caveat,,,pct_students_tier_critical,1.5151515151515151,4.0,student_level_scores (top band = >=75%)
mastery_bands,month,2025-11,q3_2025_tool,2025-11|q3_2025_tool,,addition,numeracy,66.0,stack_with_caveat,,,pct_students_tier_developing,7.575757575757576,4.0,student_level_scores (top band = >=75%)
mastery_bands,month,2025-11,q3_2025_tool,2025-11|q3_2025_tool,,addition,numeracy,66.0,stack_with_caveat,,,pct_students_tier_cleared,90.9090909090909,4.0,student_level_scores (top band = >=75%)
mastery_bands,month,2025-11,q3_2025_tool,2025-11|q3_2025_tool,,letter_recognition,literacy,66.0,stack_with_caveat,,,pct_students_b1_0,3.0303030303030303,8.0,student_level_scores (top band = >=75%)
mastery_bands,month,2025-11,q3_2025_tool,2025-11|q3_2025_tool,,letter_recognition,literacy,66.0,stack_with_caveat,,,pct_students_b2_lt25,4.545454545454546,8.0,student_level_scores (top band = >=75%)
mastery_bands,month,2025-11,q3_2025_tool,2025-11|q3_2025_tool,,letter_recognition,literacy,66.0,stack_with_caveat,,,pct_students_b3_25_50,6.0606060606060606,8.0,student_level_scores (top band = >=75%)
mastery_bands,month,2025-11,q3_2025_tool,2025-11|q3_2025_tool,,letter_recognition,literacy,66.0,stack_with_caveat,,,pct_students_b4_50_75,9.090909090909092,8.0,student_level_scores (top band = >=75%)
mastery_bands,month,2025-11,q3_2025_tool,2025-11|q3_2025_tool,,letter_recognition,literacy,66.0,stack_with_caveat,,,pct_students_b5_75plus,77.27272727272727,8.0,student_level_scores (top band = >=75%)
mastery_bands,month,2025-11,q3_2025_tool,2025-11|q3_2025_tool,,letter_recognition,literacy,66.0,stack_with_caveat,,,pct_students_tier_critical,7.575757575757576,8.0,student_level_scores (top band = >=75%)
mastery_bands,month,2025-11,q3_2025_tool,2025-11|q3_2025_tool,,letter_recognition,literacy,66.0,stack_with_caveat,,,pct_students_tier_developing,15.151515151515152,8.0,student_level_scores (top band = >=75%)
mastery_bands,month,2025-11,q3_2025_tool,2025-11|q3_2025_tool,,letter_recognition,literacy,66.0,stack_with_caveat,,,pct_students_tier_cleared,77.27272727272727,8.0,student_level_scores (top band = >=75%)
mastery_bands,month,2025-11,q3_2025_tool,2025-11|q3_2025_tool,,number_recognition,numeracy,66.0,stack_with_caveat,,,pct_students_b1_0,16.666666666666668,5.0,student_level_scores (top band = >=75%)
mastery_bands,month,2025-11,q3_2025_tool,2025-11|q3_2025_tool,,number_recognition,numeracy,66.0,stack_with_caveat,,,pct_students_b2_lt25,0.0,5.0,student_level_scores (top band = >=75%)
mastery_bands,month,2025-11,q3_2025_tool,2025-11|q3_2025_tool,,number_recognition,numeracy,66.0,stack_with_caveat,,,pct_students_b3_25_50,7.575757575757576,5.0,student_level_scores (top band = >=75%)
mastery_bands,month,2025-11,q3_2025_tool,2025-11|q3_2025_tool,,number_recognition,numeracy,66.0,stack_with_caveat,,,pct_students_b4_50_75,16.666666666666668,5.0,student_level_scores (top band = >=75%)
mastery_bands,month,2025-11,q3_2025_tool,2025-11|q3_2025_tool,,number_recognition,numeracy,66.0,stack_with_caveat,,,pct_students_b5_75plus,59.09090909090909,5.0,student_level_scores (top band = >=75%)
mastery_bands,month,2025-11,q3_2025_tool,2025-11|q3_2025_tool,,number_recognition,numeracy,66.0,stack_with_caveat,,,pct_students_tier_critical,16.666666666666668,5.0,student_level_scores (top band = >=75%)
mastery_bands,month,2025-11,q3_2025_tool,2025-11|q3_2025_tool,,number_recognition,numeracy,66.0,stack_with_caveat,,,pct_students_tier_developing,24.242424242424242,5.0,student_level_scores (top band = >=75%)
mastery_bands,month,2025-11,q3_2025_tool,2025-11|q3_2025_tool,,number_recognition,numeracy,66.0,stack_with_caveat,,,pct_students_tier_cleared,59.09090909090909,5.0,student_level_scores (top band = >=75%)
mastery_bands,month,2025-11,q3_2025_tool,2025-11|q3_2025_tool,,pattern,numeracy,66.0,stack_with_caveat,,,pct_students_b1_0,7.575757575757576,4.0,student_level_scores (top band = >=75%)
mastery_bands,month,2025-11,q3_2025_tool,2025-11|q3_2025_tool,,pattern,numeracy,66.0,stack_with_caveat,,,pct_students_b2_lt25,0.0,4.0,student_level_scores (top band = >=75%)
mastery_bands,month,2025-11,q3_2025_tool,2025-11|q3_2025_tool,,pattern,numeracy,66.0,stack_with_caveat,,,pct_students_b3_25_50,28.78787878787879,4.0,student_level_scores (top band = >=75%)
mastery_bands,month,2025-11,q3_2025_tool,2025-11|q3_2025_tool,,pattern,numeracy,66.0,stack_with_caveat,,,pct_students_b4_50_75,31.818181818181817,4.0,student_level_scores (top band = >=75%)
mastery_bands,month,2025-11,q3_2025_tool,2025-11|q3_2025_tool,,pattern,numeracy,66.0,stack_with_caveat,,,pct_students_b5_75plus,31.818181818181817,4.0,student_level_scores (top band = >=75%)
mastery_bands,month,2025-11,q3_2025_tool,2025-11|q3_2025_tool,,pattern,numeracy,66.0,stack_with_caveat,,,pct_students_tier_critical,7.575757575757576,4.0,student_level_scores (top band = >=75%)
mastery_bands,month,2025-11,q3_2025_tool,2025-11|q3_2025_tool,,pattern,numeracy,66.0,stack_with_caveat,,,pct_students_tier_developing,28.78787878787879,4.0,student_level_scores (top band = >=75%)
mastery_bands,month,2025-11,q3_2025_tool,2025-11|q3_2025_tool,,pattern,numeracy,66.0,stack_with_caveat,,,pct_students_tier_cleared,63.63636363636363,4.0,student_level_scores (top band = >=75%)
mastery_bands,month,2025-11,q3_2025_tool,2025-11|q3_2025_tool,,place_value_bundles,numeracy,66.0,stack_with_caveat,,,pct_students_b1_0,48.484848484848484,4.0,student_level_scores (top band = >=75%)
mastery_bands,month,2025-11,q3_2025_tool,2025-11|q3_2025_tool,,place_value_bundles,numeracy,66.0,stack_with_caveat,,,pct_students_b2_lt25,0.0,4.0,student_level_scores (top band = >=75%)
mastery_bands,month,2025-11,q3_2025_tool,2025-11|q3_2025_tool,,place_value_bundles,numeracy,66.0,stack_with_caveat,,,pct_students_b3_25_50,13.636363636363637,4.0,student_level_scores (top band = >=75%)
mastery_bands,month,2025-11,q3_2025_tool,2025-11|q3_2025_tool,,place_value_bundles,numeracy,66.0,stack_with_caveat,,,pct_students_b4_50_75,12.121212121212121,4.0,student_level_scores (top band = >=75%)
mastery_bands,month,2025-11,q3_2025_tool,2025-11|q3_2025_tool,,place_value_bundles,numeracy,66.0,stack_with_caveat,,,pct_students_b5_75plus,25.757575757575758,4.0,student_level_scores (top band = >=75%)
mastery_bands,month,2025-11,q3_2025_tool,2025-11|q3_2025_tool,,place_value_bundles,numeracy,66.0,stack_with_caveat,,,pct_students_tier_critical,48.484848484848484,4.0,student_level_scores (top band = >=75%)
mastery_bands,month,2025-11,q3_2025_tool,2025-11|q3_2025_tool,,place_value_bundles,numeracy,66.0,stack_with_caveat,,,pct_students_tier_developing,13.636363636363637,4.0,student_level_scores (top band = >=75%)
mastery_bands,month,2025-11,q3_2025_tool,2025-11|q3_2025_tool,,place_value_bundles,numeracy,66.0,stack_with_caveat,,,pct_students_tier_cleared,37.878787878787875,4.0,student_level_scores (top band = >=75%)
mastery_bands,month,2025-11,q3_2025_tool,2025-11|q3_2025_tool,,reading_comprehension,literacy,66.0,stack_with_caveat,,,pct_students_b1_0,30.303030303030305,5.0,student_level_scores (top band = >=75%)
mastery_bands,month,2025-11,q3_2025_tool,2025-11|q3_2025_tool,,reading_comprehension,literacy,66.0,stack_with_caveat,,,pct_students_b2_lt25,0.0,5.0,student_level_scores (top band = >=75%)
mastery_bands,month,2025-11,q3_2025_tool,2025-11|q3_2025_tool,,reading_comprehension,literacy,66.0,stack_with_caveat,,,pct_students_b3_25_50,9.090909090909092,5.0,student_level_scores (top band = >=75%)
mastery_bands,month,2025-11,q3_2025_tool,2025-11|q3_2025_tool,,reading_comprehension,literacy,66.0,stack_with_caveat,,,pct_students_b4_50_75,15.151515151515152,5.0,student_level_scores (top band = >=75%)
mastery_bands,month,2025-11,q3_2025_tool,2025-11|q3_2025_tool,,reading_comprehension,literacy,66.0,stack_with_caveat,,,pct_students_b5_75plus,45.45454545454545,5.0,student_level_scores (top band = >=75%)
mastery_bands,month,2025-11,q3_2025_tool,2025-11|q3_2025_tool,,reading_comprehension,literacy,66.0,stack_with_caveat,,,pct_students_tier_critical,30.303030303030305,5.0,student_level_scores (top band = >=75%)
mastery_bands,month,2025-11,q3_2025_tool,2025-11|q3_2025_tool,,reading_comprehension,literacy,66.0,stack_with_caveat,,,pct_students_tier_developing,24.242424242424242,5.0,student_level_scores (top band = >=75%)
mastery_bands,month,2025-11,q3_2025_tool,2025-11|q3_2025_tool,,reading_comprehension,literacy,66.0,stack_with_caveat,,,pct_students_tier_cleared,45.45454545454545,5.0,student_level_scores (top band = >=75%)
mastery_bands,month,2025-11,q3_2025_tool,2025-11|q3_2025_tool,,subtraction,numeracy,66.0,stack_with_caveat,,,pct_students_b1_0,6.0606060606060606,4.0,student_level_scores (top band = >=75%)
mastery_bands,month,2025-11,q3_2025_tool,2025-11|q3_2025_tool,,subtraction,numeracy,66.0,stack_with_caveat,,,pct_students_b2_lt25,0.0,4.0,student_level_scores (top band = >=75%)
mastery_bands,month,2025-11,q3_2025_tool,2025-11|q3_2025_tool,,subtraction,numeracy,66.0,stack_with_caveat,,,pct_students_b3_25_50,19.696969696969695,4.0,student_level_scores (top band = >=75%)
mastery_bands,month,2025-11,q3_2025_tool,2025-11|q3_2025_tool,,subtraction,numeracy,66.0,stack_with_caveat,,,pct_students_b4_50_75,24.242424242424242,4.0,student_level_scores (top band = >=75%)
mastery_bands,month,2025-11,q3_2025_tool,2025-11|q3_2025_tool,,subtraction,numeracy,66.0,stack_with_caveat,,,pct_students_b5_75plus,50.0,4.0,student_level_scores (top band = >=75%)
mastery_bands,month,2025-11,q3_2025_tool,2025-11|q3_2025_tool,,subtraction,numeracy,66.0,stack_with_caveat,,,pct_students_tier_critical,6.0606060606060606,4.0,student_level_scores (top band = >=75%)
mastery_bands,month,2025-11,q3_2025_tool,2025-11|q3_2025_tool,,subtraction,numeracy,66.0,stack_with_caveat,,,pct_students_tier_developing,19.696969696969695,4.0,student_level_scores (top band = >=75%)
mastery_bands,month,2025-11,q3_2025_tool,2025-11|q3_2025_tool,,subtraction,numeracy,66.0,stack_with_caveat,,,pct_students_tier_cleared,74.24242424242425,4.0,student_level_scores (top band = >=75%)
mastery_bands,month,2025-11,q3_2025_tool,2025-11|q3_2025_tool,,word_reading,literacy,66.0,stack_with_caveat,,,pct_students_b1_0,7.575757575757576,5.0,student_level_scores (top band = >=75%)
mastery_bands,month,2025-11,q3_2025_tool,2025-11|q3_2025_tool,,word_reading,literacy,66.0,stack_with_caveat,,,pct_students_b2_lt25,0.0,5.0,student_level_scores (top band = >=75%)
mastery_bands,month,2025-11,q3_2025_tool,2025-11|q3_2025_tool,,word_reading,literacy,66.0,stack_with_caveat,,,pct_students_b3_25_50,4.545454545454546,5.0,student_level_scores (top band = >=75%)
mastery_bands,month,2025-11,q3_2025_tool,2025-11|q3_2025_tool,,word_reading,literacy,66.0,stack_with_caveat,,,pct_students_b4_50_75,7.575757575757576,5.0,student_level_scores (top band = >=75%)
mastery_bands,month,2025-11,q3_2025_tool,2025-11|q3_2025_tool,,word_reading,literacy,66.0,stack_with_caveat,,,pct_students_b5_75plus,80.3030303030303,5.0,student_level_scores (top band = >=75%)
mastery_bands,month,2025-11,q3_2025_tool,2025-11|q3_2025_tool,,word_reading,literacy,66.0,stack_with_caveat,,,pct_students_tier_critical,7.575757575757576,5.0,student_level_scores (top band = >=75%)
mastery_bands,month,2025-11,q3_2025_tool,2025-11|q3_2025_tool,,word_reading,literacy,66.0,stack_with_caveat,,,pct_students_tier_developing,12.121212121212121,5.0,student_level_scores (top band = >=75%)
mastery_bands,month,2025-11,q3_2025_tool,2025-11|q3_2025_tool,,word_reading,literacy,66.0,stack_with_caveat,,,pct_students_tier_cleared,80.3030303030303,5.0,student_level_scores (top band = >=75%)
mastery_bands,month,2025-11,q3_2025_tool,2025-11|q3_2025_tool,,word_writing,literacy,66.0,stack_with_caveat,,,pct_students_b1_0,15.151515151515152,5.0,student_level_scores (top band = >=75%)
mastery_bands,month,2025-11,q3_2025_tool,2025-11|q3_2025_tool,,word_writing,literacy,66.0,stack_with_caveat,,,pct_students_b2_lt25,0.0,5.0,student_level_scores (top band = >=75%)
mastery_bands,month,2025-11,q3_2025_tool,2025-11|q3_2025_tool,,word_writing,literacy,66.0,stack_with_caveat,,,pct_students_b3_25_50,19.696969696969695,5.0,student_level_scores (top band = >=75%)
mastery_bands,month,2025-11,q3_2025_tool,2025-11|q3_2025_tool,,word_writing,literacy,66.0,stack_with_caveat,,,pct_students_b4_50_75,18.181818181818183,5.0,student_level_scores (top band = >=75%)
mastery_bands,month,2025-11,q3_2025_tool,2025-11|q3_2025_tool,,word_writing,literacy,66.0,stack_with_caveat,,,pct_students_b5_75plus,46.96969696969697,5.0,student_level_scores (top band = >=75%)
mastery_bands,month,2025-11,q3_2025_tool,2025-11|q3_2025_tool,,word_writing,literacy,66.0,stack_with_caveat,,,pct_students_tier_critical,15.151515151515152,5.0,student_level_scores (top band = >=75%)
mastery_bands,month,2025-11,q3_2025_tool,2025-11|q3_2025_tool,,word_writing,literacy,66.0,stack_with_caveat,,,pct_students_tier_developing,37.878787878787875,5.0,student_level_scores (top band = >=75%)
mastery_bands,month,2025-11,q3_2025_tool,2025-11|q3_2025_tool,,word_writing,literacy,66.0,stack_with_caveat,,,pct_students_tier_cleared,46.96969696969697,5.0,student_level_scores (top band = >=75%)
mastery_bands,month,2025-12,q3_2025_tool,2025-12|q3_2025_tool,,addition,numeracy,37.0,stack_with_caveat,,,pct_students_b1_0,16.216216216216218,4.0,student_level_scores (top band = >=75%)
mastery_bands,month,2025-12,q3_2025_tool,2025-12|q3_2025_tool,,addition,numeracy,37.0,stack_with_caveat,,,pct_students_b2_lt25,0.0,4.0,student_level_scores (top band = >=75%)
mastery_bands,month,2025-12,q3_2025_tool,2025-12|q3_2025_tool,,addition,numeracy,37.0,stack_with_caveat,,,pct_students_b3_25_50,5.405405405405405,4.0,student_level_scores (top band = >=75%)
mastery_bands,month,2025-12,q3_2025_tool,2025-12|q3_2025_tool,,addition,numeracy,37.0,stack_with_caveat,,,pct_students_b4_50_75,8.108108108108109,4.0,student_level_scores (top band = >=75%)
mastery_bands,month,2025-12,q3_2025_tool,2025-12|q3_2025_tool,,addition,numeracy,37.0,stack_with_caveat,,,pct_students_b5_75plus,70.27027027027027,4.0,student_level_scores (top band = >=75%)
mastery_bands,month,2025-12,q3_2025_tool,2025-12|q3_2025_tool,,addition,numeracy,37.0,stack_with_caveat,,,pct_students_tier_critical,16.216216216216218,4.0,student_level_scores (top band = >=75%)
mastery_bands,month,2025-12,q3_2025_tool,2025-12|q3_2025_tool,,addition,numeracy,37.0,stack_with_caveat,,,pct_students_tier_developing,5.405405405405405,4.0,student_level_scores (top band = >=75%)
mastery_bands,month,2025-12,q3_2025_tool,2025-12|q3_2025_tool,,addition,numeracy,37.0,stack_with_caveat,,,pct_students_tier_cleared,78.37837837837837,4.0,student_level_scores (top band = >=75%)
mastery_bands,month,2025-12,q3_2025_tool,2025-12|q3_2025_tool,,letter_recognition,literacy,37.0,stack_with_caveat,,,pct_students_b1_0,5.405405405405405,8.0,student_level_scores (top band = >=75%)
mastery_bands,month,2025-12,q3_2025_tool,2025-12|q3_2025_tool,,letter_recognition,literacy,37.0,stack_with_caveat,,,pct_students_b2_lt25,0.0,8.0,student_level_scores (top band = >=75%)
mastery_bands,month,2025-12,q3_2025_tool,2025-12|q3_2025_tool,,letter_recognition,literacy,37.0,stack_with_caveat,,,pct_students_b3_25_50,21.62162162162162,8.0,student_level_scores (top band = >=75%)
mastery_bands,month,2025-12,q3_2025_tool,2025-12|q3_2025_tool,,letter_recognition,literacy,37.0,stack_with_caveat,,,pct_students_b4_50_75,16.216216216216218,8.0,student_level_scores (top band = >=75%)
mastery_bands,month,2025-12,q3_2025_tool,2025-12|q3_2025_tool,,letter_recognition,literacy,37.0,stack_with_caveat,,,pct_students_b5_75plus,56.75675675675676,8.0,student_level_scores (top band = >=75%)
mastery_bands,month,2025-12,q3_2025_tool,2025-12|q3_2025_tool,,letter_recognition,literacy,37.0,stack_with_caveat,,,pct_students_tier_critical,5.405405405405405,8.0,student_level_scores (top band = >=75%)
mastery_bands,month,2025-12,q3_2025_tool,2025-12|q3_2025_tool,,letter_recognition,literacy,37.0,stack_with_caveat,,,pct_students_tier_developing,37.83783783783784,8.0,student_level_scores (top band = >=75%)
mastery_bands,month,2025-12,q3_2025_tool,2025-12|q3_2025_tool,,letter_recognition,literacy,37.0,stack_with_caveat,,,pct_students_tier_cleared,56.75675675675676,8.0,student_level_scores (top band = >=75%)
mastery_bands,month,2025-12,q3_2025_tool,2025-12|q3_2025_tool,,number_recognition,numeracy,37.0,stack_with_caveat,,,pct_students_b1_0,32.432432432432435,5.0,student_level_scores (top band = >=75%)
mastery_bands,month,2025-12,q3_2025_tool,2025-12|q3_2025_tool,,number_recognition,numeracy,37.0,stack_with_caveat,,,pct_students_b2_lt25,0.0,5.0,student_level_scores (top band = >=75%)
mastery_bands,month,2025-12,q3_2025_tool,2025-12|q3_2025_tool,,number_recognition,numeracy,37.0,stack_with_caveat,,,pct_students_b3_25_50,5.405405405405405,5.0,student_level_scores (top band = >=75%)
mastery_bands,month,2025-12,q3_2025_tool,2025-12|q3_2025_tool,,number_recognition,numeracy,37.0,stack_with_caveat,,,pct_students_b4_50_75,16.216216216216218,5.0,student_level_scores (top band = >=75%)
mastery_bands,month,2025-12,q3_2025_tool,2025-12|q3_2025_tool,,number_recognition,numeracy,37.0,stack_with_caveat,,,pct_students_b5_75plus,45.945945945945944,5.0,student_level_scores (top band = >=75%)
mastery_bands,month,2025-12,q3_2025_tool,2025-12|q3_2025_tool,,number_recognition,numeracy,37.0,stack_with_caveat,,,pct_students_tier_critical,32.432432432432435,5.0,student_level_scores (top band = >=75%)
mastery_bands,month,2025-12,q3_2025_tool,2025-12|q3_2025_tool,,number_recognition,numeracy,37.0,stack_with_caveat,,,pct_students_tier_developing,21.62162162162162,5.0,student_level_scores (top band = >=75%)
mastery_bands,month,2025-12,q3_2025_tool,2025-12|q3_2025_tool,,number_recognition,numeracy,37.0,stack_with_caveat,,,pct_students_tier_cleared,45.945945945945944,5.0,student_level_scores (top band = >=75%)
mastery_bands,month,2025-12,q3_2025_tool,2025-12|q3_2025_tool,,pattern,numeracy,37.0,stack_with_caveat,,,pct_students_b1_0,18.91891891891892,4.0,student_level_scores (top band = >=75%)
mastery_bands,month,2025-12,q3_2025_tool,2025-12|q3_2025_tool,,pattern,numeracy,37.0,stack_with_caveat,,,pct_students_b2_lt25,0.0,4.0,student_level_scores (top band = >=75%)
mastery_bands,month,2025-12,q3_2025_tool,2025-12|q3_2025_tool,,pattern,numeracy,37.0,stack_with_caveat,,,pct_students_b3_25_50,32.432432432432435,4.0,student_level_scores (top band = >=75%)
mastery_bands,month,2025-12,q3_2025_tool,2025-12|q3_2025_tool,,pattern,numeracy,37.0,stack_with_caveat,,,pct_students_b4_50_75,29.72972972972973,4.0,student_level_scores (top band = >=75%)
mastery_bands,month,2025-12,q3_2025_tool,2025-12|q3_2025_tool,,pattern,numeracy,37.0,stack_with_caveat,,,pct_students_b5_75plus,18.91891891891892,4.0,student_level_scores (top band = >=75%)
mastery_bands,month,2025-12,q3_2025_tool,2025-12|q3_2025_tool,,pattern,numeracy,37.0,stack_with_caveat,,,pct_students_tier_critical,18.91891891891892,4.0,student_level_scores (top band = >=75%)
mastery_bands,month,2025-12,q3_2025_tool,2025-12|q3_2025_tool,,pattern,numeracy,37.0,stack_with_caveat,,,pct_students_tier_developing,32.432432432432435,4.0,student_level_scores (top band = >=75%)
mastery_bands,month,2025-12,q3_2025_tool,2025-12|q3_2025_tool,,pattern,numeracy,37.0,stack_with_caveat,,,pct_students_tier_cleared,48.648648648648646,4.0,student_level_scores (top band = >=75%)
mastery_bands,month,2025-12,q3_2025_tool,2025-12|q3_2025_tool,,place_value_bundles,numeracy,37.0,stack_with_caveat,,,pct_students_b1_0,54.054054054054056,4.0,student_level_scores (top band = >=75%)
mastery_bands,month,2025-12,q3_2025_tool,2025-12|q3_2025_tool,,place_value_bundles,numeracy,37.0,stack_with_caveat,,,pct_students_b2_lt25,0.0,4.0,student_level_scores (top band = >=75%)
mastery_bands,month,2025-12,q3_2025_tool,2025-12|q3_2025_tool,,place_value_bundles,numeracy,37.0,stack_with_caveat,,,pct_students_b3_25_50,2.7027027027027026,4.0,student_level_scores (top band = >=75%)
mastery_bands,month,2025-12,q3_2025_tool,2025-12|q3_2025_tool,,place_value_bundles,numeracy,37.0,stack_with_caveat,,,pct_students_b4_50_75,13.513513513513514,4.0,student_level_scores (top band = >=75%)
mastery_bands,month,2025-12,q3_2025_tool,2025-12|q3_2025_tool,,place_value_bundles,numeracy,37.0,stack_with_caveat,,,pct_students_b5_75plus,29.72972972972973,4.0,student_level_scores (top band = >=75%)
mastery_bands,month,2025-12,q3_2025_tool,2025-12|q3_2025_tool,,place_value_bundles,numeracy,37.0,stack_with_caveat,,,pct_students_tier_critical,54.054054054054056,4.0,student_level_scores (top band = >=75%)
mastery_bands,month,2025-12,q3_2025_tool,2025-12|q3_2025_tool,,place_value_bundles,numeracy,37.0,stack_with_caveat,,,pct_students_tier_developing,2.7027027027027026,4.0,student_level_scores (top band = >=75%)
mastery_bands,month,2025-12,q3_2025_tool,2025-12|q3_2025_tool,,place_value_bundles,numeracy,37.0,stack_with_caveat,,,pct_students_tier_cleared,43.24324324324324,4.0,student_level_scores (top band = >=75%)
mastery_bands,month,2025-12,q3_2025_tool,2025-12|q3_2025_tool,,reading_comprehension,literacy,37.0,stack_with_caveat,,,pct_students_b1_0,37.83783783783784,5.0,student_level_scores (top band = >=75%)
mastery_bands,month,2025-12,q3_2025_tool,2025-12|q3_2025_tool,,reading_comprehension,literacy,37.0,stack_with_caveat,,,pct_students_b2_lt25,0.0,5.0,student_level_scores (top band = >=75%)
mastery_bands,month,2025-12,q3_2025_tool,2025-12|q3_2025_tool,,reading_comprehension,literacy,37.0,stack_with_caveat,,,pct_students_b3_25_50,2.7027027027027026,5.0,student_level_scores (top band = >=75%)
mastery_bands,month,2025-12,q3_2025_tool,2025-12|q3_2025_tool,,reading_comprehension,literacy,37.0,stack_with_caveat,,,pct_students_b4_50_75,18.91891891891892,5.0,student_level_scores (top band = >=75%)
mastery_bands,month,2025-12,q3_2025_tool,2025-12|q3_2025_tool,,reading_comprehension,literacy,37.0,stack_with_caveat,,,pct_students_b5_75plus,40.54054054054054,5.0,student_level_scores (top band = >=75%)
mastery_bands,month,2025-12,q3_2025_tool,2025-12|q3_2025_tool,,reading_comprehension,literacy,37.0,stack_with_caveat,,,pct_students_tier_critical,37.83783783783784,5.0,student_level_scores (top band = >=75%)
mastery_bands,month,2025-12,q3_2025_tool,2025-12|q3_2025_tool,,reading_comprehension,literacy,37.0,stack_with_caveat,,,pct_students_tier_developing,21.62162162162162,5.0,student_level_scores (top band = >=75%)
mastery_bands,month,2025-12,q3_2025_tool,2025-12|q3_2025_tool,,reading_comprehension,literacy,37.0,stack_with_caveat,,,pct_students_tier_cleared,40.54054054054054,5.0,student_level_scores (top band = >=75%)
mastery_bands,month,2025-12,q3_2025_tool,2025-12|q3_2025_tool,,subtraction,numeracy,37.0,stack_with_caveat,,,pct_students_b1_0,21.62162162162162,4.0,student_level_scores (top band = >=75%)
mastery_bands,month,2025-12,q3_2025_tool,2025-12|q3_2025_tool,,subtraction,numeracy,37.0,stack_with_caveat,,,pct_students_b2_lt25,0.0,4.0,student_level_scores (top band = >=75%)
mastery_bands,month,2025-12,q3_2025_tool,2025-12|q3_2025_tool,,subtraction,numeracy,37.0,stack_with_caveat,,,pct_students_b3_25_50,10.81081081081081,4.0,student_level_scores (top band = >=75%)
mastery_bands,month,2025-12,q3_2025_tool,2025-12|q3_2025_tool,,subtraction,numeracy,37.0,stack_with_caveat,,,pct_students_b4_50_75,21.62162162162162,4.0,student_level_scores (top band = >=75%)
mastery_bands,month,2025-12,q3_2025_tool,2025-12|q3_2025_tool,,subtraction,numeracy,37.0,stack_with_caveat,,,pct_students_b5_75plus,45.945945945945944,4.0,student_level_scores (top band = >=75%)
mastery_bands,month,2025-12,q3_2025_tool,2025-12|q3_2025_tool,,subtraction,numeracy,37.0,stack_with_caveat,,,pct_students_tier_critical,21.62162162162162,4.0,student_level_scores (top band = >=75%)
mastery_bands,month,2025-12,q3_2025_tool,2025-12|q3_2025_tool,,subtraction,numeracy,37.0,stack_with_caveat,,,pct_students_tier_developing,10.81081081081081,4.0,student_level_scores (top band = >=75%)
mastery_bands,month,2025-12,q3_2025_tool,2025-12|q3_2025_tool,,subtraction,numeracy,37.0,stack_with_caveat,,,pct_students_tier_cleared,67.56756756756756,4.0,student_level_scores (top band = >=75%)
mastery_bands,month,2025-12,q3_2025_tool,2025-12|q3_2025_tool,,word_reading,literacy,37.0,stack_with_caveat,,,pct_students_b1_0,16.216216216216218,5.0,student_level_scores (top band = >=75%)
mastery_bands,month,2025-12,q3_2025_tool,2025-12|q3_2025_tool,,word_reading,literacy,37.0,stack_with_caveat,,,pct_students_b2_lt25,0.0,5.0,student_level_scores (top band = >=75%)
mastery_bands,month,2025-12,q3_2025_tool,2025-12|q3_2025_tool,,word_reading,literacy,37.0,stack_with_caveat,,,pct_students_b3_25_50,13.513513513513514,5.0,student_level_scores (top band = >=75%)
mastery_bands,month,2025-12,q3_2025_tool,2025-12|q3_2025_tool,,word_reading,literacy,37.0,stack_with_caveat,,,pct_students_b4_50_75,16.216216216216218,5.0,student_level_scores (top band = >=75%)
mastery_bands,month,2025-12,q3_2025_tool,2025-12|q3_2025_tool,,word_reading,literacy,37.0,stack_with_caveat,,,pct_students_b5_75plus,54.054054054054056,5.0,student_level_scores (top band = >=75%)
mastery_bands,month,2025-12,q3_2025_tool,2025-12|q3_2025_tool,,word_reading,literacy,37.0,stack_with_caveat,,,pct_students_tier_critical,16.216216216216218,5.0,student_level_scores (top band = >=75%)
mastery_bands,month,2025-12,q3_2025_tool,2025-12|q3_2025_tool,,word_reading,literacy,37.0,stack_with_caveat,,,pct_students_tier_developing,29.72972972972973,5.0,student_level_scores (top band = >=75%)
mastery_bands,month,2025-12,q3_2025_tool,2025-12|q3_2025_tool,,word_reading,literacy,37.0,stack_with_caveat,,,pct_students_tier_cleared,54.054054054054056,5.0,student_level_scores (top band = >=75%)
mastery_bands,month,2025-12,q3_2025_tool,2025-12|q3_2025_tool,,word_writing,literacy,37.0,stack_with_caveat,,,pct_students_b1_0,37.83783783783784,5.0,student_level_scores (top band = >=75%)
mastery_bands,month,2025-12,q3_2025_tool,2025-12|q3_2025_tool,,word_writing,literacy,37.0,stack_with_caveat,,,pct_students_b2_lt25,0.0,5.0,student_level_scores (top band = >=75%)
mastery_bands,month,2025-12,q3_2025_tool,2025-12|q3_2025_tool,,word_writing,literacy,37.0,stack_with_caveat,,,pct_students_b3_25_50,13.513513513513514,5.0,student_level_scores (top band = >=75%)
mastery_bands,month,2025-12,q3_2025_tool,2025-12|q3_2025_tool,,word_writing,literacy,37.0,stack_with_caveat,,,pct_students_b4_50_75,13.513513513513514,5.0,student_level_scores (top band = >=75%)
mastery_bands,month,2025-12,q3_2025_tool,2025-12|q3_2025_tool,,word_writing,literacy,37.0,stack_with_caveat,,,pct_students_b5_75plus,35.13513513513514,5.0,student_level_scores (top band = >=75%)
mastery_bands,month,2025-12,q3_2025_tool,2025-12|q3_2025_tool,,word_writing,literacy,37.0,stack_with_caveat,,,pct_students_tier_critical,37.83783783783784,5.0,student_level_scores (top band = >=75%)
mastery_bands,month,2025-12,q3_2025_tool,2025-12|q3_2025_tool,,word_writing,literacy,37.0,stack_with_caveat,,,pct_students_tier_developing,27.027027027027028,5.0,student_level_scores (top band = >=75%)
mastery_bands,month,2025-12,q3_2025_tool,2025-12|q3_2025_tool,,word_writing,literacy,37.0,stack_with_caveat,,,pct_students_tier_cleared,35.13513513513514,5.0,student_level_scores (top band = >=75%)
mastery_bands,month,2026-04,q1_2026_tool,2026-04|q1_2026_tool,,addition,numeracy,85.0,stack_with_caveat,,,pct_students_b1_0,12.941176470588236,4.0,student_level_scores (top band = >=75%)
mastery_bands,month,2026-04,q1_2026_tool,2026-04|q1_2026_tool,,addition,numeracy,85.0,stack_with_caveat,,,pct_students_b2_lt25,0.0,4.0,student_level_scores (top band = >=75%)
mastery_bands,month,2026-04,q1_2026_tool,2026-04|q1_2026_tool,,addition,numeracy,85.0,stack_with_caveat,,,pct_students_b3_25_50,3.5294117647058822,4.0,student_level_scores (top band = >=75%)
mastery_bands,month,2026-04,q1_2026_tool,2026-04|q1_2026_tool,,addition,numeracy,85.0,stack_with_caveat,,,pct_students_b4_50_75,0.0,4.0,student_level_scores (top band = >=75%)
mastery_bands,month,2026-04,q1_2026_tool,2026-04|q1_2026_tool,,addition,numeracy,85.0,stack_with_caveat,,,pct_students_b5_75plus,83.52941176470588,4.0,student_level_scores (top band = >=75%)
mastery_bands,month,2026-04,q1_2026_tool,2026-04|q1_2026_tool,,addition,numeracy,85.0,stack_with_caveat,,,pct_students_tier_critical,12.941176470588236,4.0,student_level_scores (top band = >=75%)
mastery_bands,month,2026-04,q1_2026_tool,2026-04|q1_2026_tool,,addition,numeracy,85.0,stack_with_caveat,,,pct_students_tier_developing,3.5294117647058822,4.0,student_level_scores (top band = >=75%)
mastery_bands,month,2026-04,q1_2026_tool,2026-04|q1_2026_tool,,addition,numeracy,85.0,stack_with_caveat,,,pct_students_tier_cleared,83.52941176470588,4.0,student_level_scores (top band = >=75%)
mastery_bands,month,2026-04,q1_2026_tool,2026-04|q1_2026_tool,,letter_recognition,literacy,85.0,stack,,,pct_students_b1_0,0.0,9.0,student_level_scores (top band = >=75%)
mastery_bands,month,2026-04,q1_2026_tool,2026-04|q1_2026_tool,,letter_recognition,literacy,85.0,stack,,,pct_students_b2_lt25,0.0,9.0,student_level_scores (top band = >=75%)
mastery_bands,month,2026-04,q1_2026_tool,2026-04|q1_2026_tool,,letter_recognition,literacy,85.0,stack,,,pct_students_b3_25_50,0.0,9.0,student_level_scores (top band = >=75%)
mastery_bands,month,2026-04,q1_2026_tool,2026-04|q1_2026_tool,,letter_recognition,literacy,85.0,stack,,,pct_students_b4_50_75,10.588235294117647,9.0,student_level_scores (top band = >=75%)
mastery_bands,month,2026-04,q1_2026_tool,2026-04|q1_2026_tool,,letter_recognition,literacy,85.0,stack,,,pct_students_b5_75plus,89.41176470588235,9.0,student_level_scores (top band = >=75%)
mastery_bands,month,2026-04,q1_2026_tool,2026-04|q1_2026_tool,,letter_recognition,literacy,85.0,stack,,,pct_students_tier_critical,0.0,9.0,student_level_scores (top band = >=75%)
mastery_bands,month,2026-04,q1_2026_tool,2026-04|q1_2026_tool,,letter_recognition,literacy,85.0,stack,,,pct_students_tier_developing,10.588235294117647,9.0,student_level_scores (top band = >=75%)
mastery_bands,month,2026-04,q1_2026_tool,2026-04|q1_2026_tool,,letter_recognition,literacy,85.0,stack,,,pct_students_tier_cleared,89.41176470588235,9.0,student_level_scores (top band = >=75%)
mastery_bands,month,2026-04,q1_2026_tool,2026-04|q1_2026_tool,,number_recognition,numeracy,85.0,stack,,,pct_students_b1_0,0.0,8.0,student_level_scores (top band = >=75%)
mastery_bands,month,2026-04,q1_2026_tool,2026-04|q1_2026_tool,,number_recognition,numeracy,85.0,stack,,,pct_students_b2_lt25,0.0,8.0,student_level_scores (top band = >=75%)
mastery_bands,month,2026-04,q1_2026_tool,2026-04|q1_2026_tool,,number_recognition,numeracy,85.0,stack,,,pct_students_b3_25_50,1.1764705882352942,8.0,student_level_scores (top band = >=75%)
mastery_bands,month,2026-04,q1_2026_tool,2026-04|q1_2026_tool,,number_recognition,numeracy,85.0,stack,,,pct_students_b4_50_75,40.0,8.0,student_level_scores (top band = >=75%)
mastery_bands,month,2026-04,q1_2026_tool,2026-04|q1_2026_tool,,number_recognition,numeracy,85.0,stack,,,pct_students_b5_75plus,58.8235294117647,8.0,student_level_scores (top band = >=75%)
mastery_bands,month,2026-04,q1_2026_tool,2026-04|q1_2026_tool,,number_recognition,numeracy,85.0,stack,,,pct_students_tier_critical,0.0,8.0,student_level_scores (top band = >=75%)
mastery_bands,month,2026-04,q1_2026_tool,2026-04|q1_2026_tool,,number_recognition,numeracy,85.0,stack,,,pct_students_tier_developing,41.1764705882353,8.0,student_level_scores (top band = >=75%)
mastery_bands,month,2026-04,q1_2026_tool,2026-04|q1_2026_tool,,number_recognition,numeracy,85.0,stack,,,pct_students_tier_cleared,58.8235294117647,8.0,student_level_scores (top band = >=75%)
mastery_bands,month,2026-04,q1_2026_tool,2026-04|q1_2026_tool,,pattern,numeracy,85.0,stack_with_caveat,,,pct_students_b1_0,16.470588235294116,4.0,student_level_scores (top band = >=75%)
mastery_bands,month,2026-04,q1_2026_tool,2026-04|q1_2026_tool,,pattern,numeracy,85.0,stack_with_caveat,,,pct_students_b2_lt25,0.0,4.0,student_level_scores (top band = >=75%)
mastery_bands,month,2026-04,q1_2026_tool,2026-04|q1_2026_tool,,pattern,numeracy,85.0,stack_with_caveat,,,pct_students_b3_25_50,11.764705882352942,4.0,student_level_scores (top band = >=75%)
mastery_bands,month,2026-04,q1_2026_tool,2026-04|q1_2026_tool,,pattern,numeracy,85.0,stack_with_caveat,,,pct_students_b4_50_75,24.705882352941178,4.0,student_level_scores (top band = >=75%)
mastery_bands,month,2026-04,q1_2026_tool,2026-04|q1_2026_tool,,pattern,numeracy,85.0,stack_with_caveat,,,pct_students_b5_75plus,47.05882352941177,4.0,student_level_scores (top band = >=75%)
mastery_bands,month,2026-04,q1_2026_tool,2026-04|q1_2026_tool,,pattern,numeracy,85.0,stack_with_caveat,,,pct_students_tier_critical,16.470588235294116,4.0,student_level_scores (top band = >=75%)
mastery_bands,month,2026-04,q1_2026_tool,2026-04|q1_2026_tool,,pattern,numeracy,85.0,stack_with_caveat,,,pct_students_tier_developing,36.470588235294116,4.0,student_level_scores (top band = >=75%)
mastery_bands,month,2026-04,q1_2026_tool,2026-04|q1_2026_tool,,pattern,numeracy,85.0,stack_with_caveat,,,pct_students_tier_cleared,47.05882352941177,4.0,student_level_scores (top band = >=75%)
mastery_bands,month,2026-04,q1_2026_tool,2026-04|q1_2026_tool,,place_value_bundles,numeracy,85.0,stack_with_caveat,,,pct_students_b1_0,14.117647058823529,5.0,student_level_scores (top band = >=75%)
mastery_bands,month,2026-04,q1_2026_tool,2026-04|q1_2026_tool,,place_value_bundles,numeracy,85.0,stack_with_caveat,,,pct_students_b2_lt25,0.0,5.0,student_level_scores (top band = >=75%)
mastery_bands,month,2026-04,q1_2026_tool,2026-04|q1_2026_tool,,place_value_bundles,numeracy,85.0,stack_with_caveat,,,pct_students_b3_25_50,25.88235294117647,5.0,student_level_scores (top band = >=75%)
mastery_bands,month,2026-04,q1_2026_tool,2026-04|q1_2026_tool,,place_value_bundles,numeracy,85.0,stack_with_caveat,,,pct_students_b4_50_75,12.941176470588236,5.0,student_level_scores (top band = >=75%)
mastery_bands,month,2026-04,q1_2026_tool,2026-04|q1_2026_tool,,place_value_bundles,numeracy,85.0,stack_with_caveat,,,pct_students_b5_75plus,47.05882352941177,5.0,student_level_scores (top band = >=75%)
mastery_bands,month,2026-04,q1_2026_tool,2026-04|q1_2026_tool,,place_value_bundles,numeracy,85.0,stack_with_caveat,,,pct_students_tier_critical,14.117647058823529,5.0,student_level_scores (top band = >=75%)
mastery_bands,month,2026-04,q1_2026_tool,2026-04|q1_2026_tool,,place_value_bundles,numeracy,85.0,stack_with_caveat,,,pct_students_tier_developing,38.8235294117647,5.0,student_level_scores (top band = >=75%)
mastery_bands,month,2026-04,q1_2026_tool,2026-04|q1_2026_tool,,place_value_bundles,numeracy,85.0,stack_with_caveat,,,pct_students_tier_cleared,47.05882352941177,5.0,student_level_scores (top band = >=75%)
mastery_bands,month,2026-04,q1_2026_tool,2026-04|q1_2026_tool,,sentence_reading,literacy,85.0,stack,,,pct_students_b1_0,42.35294117647059,3.0,student_level_scores (top band = >=75%)
mastery_bands,month,2026-04,q1_2026_tool,2026-04|q1_2026_tool,,sentence_reading,literacy,85.0,stack,,,pct_students_b2_lt25,0.0,3.0,student_level_scores (top band = >=75%)
mastery_bands,month,2026-04,q1_2026_tool,2026-04|q1_2026_tool,,sentence_reading,literacy,85.0,stack,,,pct_students_b3_25_50,0.0,3.0,student_level_scores (top band = >=75%)
mastery_bands,month,2026-04,q1_2026_tool,2026-04|q1_2026_tool,,sentence_reading,literacy,85.0,stack,,,pct_students_b4_50_75,16.470588235294116,3.0,student_level_scores (top band = >=75%)
mastery_bands,month,2026-04,q1_2026_tool,2026-04|q1_2026_tool,,sentence_reading,literacy,85.0,stack,,,pct_students_b5_75plus,41.1764705882353,3.0,student_level_scores (top band = >=75%)
mastery_bands,month,2026-04,q1_2026_tool,2026-04|q1_2026_tool,,sentence_reading,literacy,85.0,stack,,,pct_students_tier_critical,42.35294117647059,3.0,student_level_scores (top band = >=75%)
mastery_bands,month,2026-04,q1_2026_tool,2026-04|q1_2026_tool,,sentence_reading,literacy,85.0,stack,,,pct_students_tier_developing,16.470588235294116,3.0,student_level_scores (top band = >=75%)
mastery_bands,month,2026-04,q1_2026_tool,2026-04|q1_2026_tool,,sentence_reading,literacy,85.0,stack,,,pct_students_tier_cleared,41.1764705882353,3.0,student_level_scores (top band = >=75%)
mastery_bands,month,2026-04,q1_2026_tool,2026-04|q1_2026_tool,,subtraction,numeracy,85.0,stack_with_caveat,,,pct_students_b1_0,28.235294117647058,5.0,student_level_scores (top band = >=75%)
mastery_bands,month,2026-04,q1_2026_tool,2026-04|q1_2026_tool,,subtraction,numeracy,85.0,stack_with_caveat,,,pct_students_b2_lt25,0.0,5.0,student_level_scores (top band = >=75%)
mastery_bands,month,2026-04,q1_2026_tool,2026-04|q1_2026_tool,,subtraction,numeracy,85.0,stack_with_caveat,,,pct_students_b3_25_50,7.0588235294117645,5.0,student_level_scores (top band = >=75%)
mastery_bands,month,2026-04,q1_2026_tool,2026-04|q1_2026_tool,,subtraction,numeracy,85.0,stack_with_caveat,,,pct_students_b4_50_75,1.1764705882352942,5.0,student_level_scores (top band = >=75%)
mastery_bands,month,2026-04,q1_2026_tool,2026-04|q1_2026_tool,,subtraction,numeracy,85.0,stack_with_caveat,,,pct_students_b5_75plus,63.529411764705884,5.0,student_level_scores (top band = >=75%)
mastery_bands,month,2026-04,q1_2026_tool,2026-04|q1_2026_tool,,subtraction,numeracy,85.0,stack_with_caveat,,,pct_students_tier_critical,28.235294117647058,5.0,student_level_scores (top band = >=75%)
mastery_bands,month,2026-04,q1_2026_tool,2026-04|q1_2026_tool,,subtraction,numeracy,85.0,stack_with_caveat,,,pct_students_tier_developing,8.235294117647058,5.0,student_level_scores (top band = >=75%)
mastery_bands,month,2026-04,q1_2026_tool,2026-04|q1_2026_tool,,subtraction,numeracy,85.0,stack_with_caveat,,,pct_students_tier_cleared,63.529411764705884,5.0,student_level_scores (top band = >=75%)
mastery_bands,month,2026-04,q1_2026_tool,2026-04|q1_2026_tool,,word_reading,literacy,85.0,stack,,,pct_students_b1_0,0.0,11.0,student_level_scores (top band = >=75%)
mastery_bands,month,2026-04,q1_2026_tool,2026-04|q1_2026_tool,,word_reading,literacy,85.0,stack,,,pct_students_b2_lt25,0.0,11.0,student_level_scores (top band = >=75%)
mastery_bands,month,2026-04,q1_2026_tool,2026-04|q1_2026_tool,,word_reading,literacy,85.0,stack,,,pct_students_b3_25_50,2.3529411764705883,11.0,student_level_scores (top band = >=75%)
mastery_bands,month,2026-04,q1_2026_tool,2026-04|q1_2026_tool,,word_reading,literacy,85.0,stack,,,pct_students_b4_50_75,15.294117647058824,11.0,student_level_scores (top band = >=75%)
mastery_bands,month,2026-04,q1_2026_tool,2026-04|q1_2026_tool,,word_reading,literacy,85.0,stack,,,pct_students_b5_75plus,82.3529411764706,11.0,student_level_scores (top band = >=75%)
mastery_bands,month,2026-04,q1_2026_tool,2026-04|q1_2026_tool,,word_reading,literacy,85.0,stack,,,pct_students_tier_critical,0.0,11.0,student_level_scores (top band = >=75%)
mastery_bands,month,2026-04,q1_2026_tool,2026-04|q1_2026_tool,,word_reading,literacy,85.0,stack,,,pct_students_tier_developing,17.647058823529413,11.0,student_level_scores (top band = >=75%)
mastery_bands,month,2026-04,q1_2026_tool,2026-04|q1_2026_tool,,word_reading,literacy,85.0,stack,,,pct_students_tier_cleared,82.3529411764706,11.0,student_level_scores (top band = >=75%)
mastery_bands,month,2026-04,q1_2026_tool,2026-04|q1_2026_tool,,word_writing,literacy,85.0,stack,,,pct_students_b1_0,18.823529411764707,5.0,student_level_scores (top band = >=75%)
mastery_bands,month,2026-04,q1_2026_tool,2026-04|q1_2026_tool,,word_writing,literacy,85.0,stack,,,pct_students_b2_lt25,0.0,5.0,student_level_scores (top band = >=75%)
mastery_bands,month,2026-04,q1_2026_tool,2026-04|q1_2026_tool,,word_writing,literacy,85.0,stack,,,pct_students_b3_25_50,5.882352941176471,5.0,student_level_scores (top band = >=75%)
mastery_bands,month,2026-04,q1_2026_tool,2026-04|q1_2026_tool,,word_writing,literacy,85.0,stack,,,pct_students_b4_50_75,17.647058823529413,5.0,student_level_scores (top band = >=75%)
mastery_bands,month,2026-04,q1_2026_tool,2026-04|q1_2026_tool,,word_writing,literacy,85.0,stack,,,pct_students_b5_75plus,57.64705882352941,5.0,student_level_scores (top band = >=75%)
mastery_bands,month,2026-04,q1_2026_tool,2026-04|q1_2026_tool,,word_writing,literacy,85.0,stack,,,pct_students_tier_critical,18.823529411764707,5.0,student_level_scores (top band = >=75%)
mastery_bands,month,2026-04,q1_2026_tool,2026-04|q1_2026_tool,,word_writing,literacy,85.0,stack,,,pct_students_tier_developing,23.529411764705884,5.0,student_level_scores (top band = >=75%)
mastery_bands,month,2026-04,q1_2026_tool,2026-04|q1_2026_tool,,word_writing,literacy,85.0,stack,,,pct_students_tier_cleared,57.64705882352941,5.0,student_level_scores (top band = >=75%)
mastery_bands,month,2026-05,q1_2026_tool,2026-05|q1_2026_tool,,addition,numeracy,90.0,stack_with_caveat,,,pct_students_b1_0,6.666666666666667,5.0,student_level_scores (top band = >=75%)
mastery_bands,month,2026-05,q1_2026_tool,2026-05|q1_2026_tool,,addition,numeracy,90.0,stack_with_caveat,,,pct_students_b2_lt25,0.0,5.0,student_level_scores (top band = >=75%)
mastery_bands,month,2026-05,q1_2026_tool,2026-05|q1_2026_tool,,addition,numeracy,90.0,stack_with_caveat,,,pct_students_b3_25_50,2.2222222222222223,5.0,student_level_scores (top band = >=75%)
mastery_bands,month,2026-05,q1_2026_tool,2026-05|q1_2026_tool,,addition,numeracy,90.0,stack_with_caveat,,,pct_students_b4_50_75,4.444444444444445,5.0,student_level_scores (top band = >=75%)
mastery_bands,month,2026-05,q1_2026_tool,2026-05|q1_2026_tool,,addition,numeracy,90.0,stack_with_caveat,,,pct_students_b5_75plus,86.66666666666667,5.0,student_level_scores (top band = >=75%)
mastery_bands,month,2026-05,q1_2026_tool,2026-05|q1_2026_tool,,addition,numeracy,90.0,stack_with_caveat,,,pct_students_tier_critical,6.666666666666667,5.0,student_level_scores (top band = >=75%)
mastery_bands,month,2026-05,q1_2026_tool,2026-05|q1_2026_tool,,addition,numeracy,90.0,stack_with_caveat,,,pct_students_tier_developing,6.666666666666667,5.0,student_level_scores (top band = >=75%)
mastery_bands,month,2026-05,q1_2026_tool,2026-05|q1_2026_tool,,addition,numeracy,90.0,stack_with_caveat,,,pct_students_tier_cleared,86.66666666666667,5.0,student_level_scores (top band = >=75%)
mastery_bands,month,2026-05,q1_2026_tool,2026-05|q1_2026_tool,,letter_recognition,literacy,90.0,stack,,,pct_students_b1_0,0.0,10.0,student_level_scores (top band = >=75%)
mastery_bands,month,2026-05,q1_2026_tool,2026-05|q1_2026_tool,,letter_recognition,literacy,90.0,stack,,,pct_students_b2_lt25,0.0,10.0,student_level_scores (top band = >=75%)
mastery_bands,month,2026-05,q1_2026_tool,2026-05|q1_2026_tool,,letter_recognition,literacy,90.0,stack,,,pct_students_b3_25_50,0.0,10.0,student_level_scores (top band = >=75%)
mastery_bands,month,2026-05,q1_2026_tool,2026-05|q1_2026_tool,,letter_recognition,literacy,90.0,stack,,,pct_students_b4_50_75,21.11111111111111,10.0,student_level_scores (top band = >=75%)
mastery_bands,month,2026-05,q1_2026_tool,2026-05|q1_2026_tool,,letter_recognition,literacy,90.0,stack,,,pct_students_b5_75plus,78.88888888888889,10.0,student_level_scores (top band = >=75%)
mastery_bands,month,2026-05,q1_2026_tool,2026-05|q1_2026_tool,,letter_recognition,literacy,90.0,stack,,,pct_students_tier_critical,0.0,10.0,student_level_scores (top band = >=75%)
mastery_bands,month,2026-05,q1_2026_tool,2026-05|q1_2026_tool,,letter_recognition,literacy,90.0,stack,,,pct_students_tier_developing,21.11111111111111,10.0,student_level_scores (top band = >=75%)
mastery_bands,month,2026-05,q1_2026_tool,2026-05|q1_2026_tool,,letter_recognition,literacy,90.0,stack,,,pct_students_tier_cleared,78.88888888888889,10.0,student_level_scores (top band = >=75%)
mastery_bands,month,2026-05,q1_2026_tool,2026-05|q1_2026_tool,,number_recognition,numeracy,90.0,stack,,,pct_students_b1_0,0.0,9.0,student_level_scores (top band = >=75%)
mastery_bands,month,2026-05,q1_2026_tool,2026-05|q1_2026_tool,,number_recognition,numeracy,90.0,stack,,,pct_students_b2_lt25,0.0,9.0,student_level_scores (top band = >=75%)
mastery_bands,month,2026-05,q1_2026_tool,2026-05|q1_2026_tool,,number_recognition,numeracy,90.0,stack,,,pct_students_b3_25_50,7.777777777777778,9.0,student_level_scores (top band = >=75%)
mastery_bands,month,2026-05,q1_2026_tool,2026-05|q1_2026_tool,,number_recognition,numeracy,90.0,stack,,,pct_students_b4_50_75,27.77777777777778,9.0,student_level_scores (top band = >=75%)
mastery_bands,month,2026-05,q1_2026_tool,2026-05|q1_2026_tool,,number_recognition,numeracy,90.0,stack,,,pct_students_b5_75plus,64.44444444444444,9.0,student_level_scores (top band = >=75%)
mastery_bands,month,2026-05,q1_2026_tool,2026-05|q1_2026_tool,,number_recognition,numeracy,90.0,stack,,,pct_students_tier_critical,0.0,9.0,student_level_scores (top band = >=75%)
mastery_bands,month,2026-05,q1_2026_tool,2026-05|q1_2026_tool,,number_recognition,numeracy,90.0,stack,,,pct_students_tier_developing,35.55555555555556,9.0,student_level_scores (top band = >=75%)
mastery_bands,month,2026-05,q1_2026_tool,2026-05|q1_2026_tool,,number_recognition,numeracy,90.0,stack,,,pct_students_tier_cleared,64.44444444444444,9.0,student_level_scores (top band = >=75%)
mastery_bands,month,2026-05,q1_2026_tool,2026-05|q1_2026_tool,,pattern,numeracy,90.0,stack_with_caveat,,,pct_students_b1_0,14.444444444444445,4.0,student_level_scores (top band = >=75%)
mastery_bands,month,2026-05,q1_2026_tool,2026-05|q1_2026_tool,,pattern,numeracy,90.0,stack_with_caveat,,,pct_students_b2_lt25,0.0,4.0,student_level_scores (top band = >=75%)
mastery_bands,month,2026-05,q1_2026_tool,2026-05|q1_2026_tool,,pattern,numeracy,90.0,stack_with_caveat,,,pct_students_b3_25_50,6.666666666666667,4.0,student_level_scores (top band = >=75%)
mastery_bands,month,2026-05,q1_2026_tool,2026-05|q1_2026_tool,,pattern,numeracy,90.0,stack_with_caveat,,,pct_students_b4_50_75,18.88888888888889,4.0,student_level_scores (top band = >=75%)
mastery_bands,month,2026-05,q1_2026_tool,2026-05|q1_2026_tool,,pattern,numeracy,90.0,stack_with_caveat,,,pct_students_b5_75plus,60.0,4.0,student_level_scores (top band = >=75%)
mastery_bands,month,2026-05,q1_2026_tool,2026-05|q1_2026_tool,,pattern,numeracy,90.0,stack_with_caveat,,,pct_students_tier_critical,14.444444444444445,4.0,student_level_scores (top band = >=75%)
mastery_bands,month,2026-05,q1_2026_tool,2026-05|q1_2026_tool,,pattern,numeracy,90.0,stack_with_caveat,,,pct_students_tier_developing,25.555555555555557,4.0,student_level_scores (top band = >=75%)
mastery_bands,month,2026-05,q1_2026_tool,2026-05|q1_2026_tool,,pattern,numeracy,90.0,stack_with_caveat,,,pct_students_tier_cleared,60.0,4.0,student_level_scores (top band = >=75%)
mastery_bands,month,2026-05,q1_2026_tool,2026-05|q1_2026_tool,,place_value_bundles,numeracy,90.0,stack_with_caveat,,,pct_students_b1_0,6.666666666666667,5.0,student_level_scores (top band = >=75%)
mastery_bands,month,2026-05,q1_2026_tool,2026-05|q1_2026_tool,,place_value_bundles,numeracy,90.0,stack_with_caveat,,,pct_students_b2_lt25,0.0,5.0,student_level_scores (top band = >=75%)
mastery_bands,month,2026-05,q1_2026_tool,2026-05|q1_2026_tool,,place_value_bundles,numeracy,90.0,stack_with_caveat,,,pct_students_b3_25_50,21.11111111111111,5.0,student_level_scores (top band = >=75%)
mastery_bands,month,2026-05,q1_2026_tool,2026-05|q1_2026_tool,,place_value_bundles,numeracy,90.0,stack_with_caveat,,,pct_students_b4_50_75,10.0,5.0,student_level_scores (top band = >=75%)
mastery_bands,month,2026-05,q1_2026_tool,2026-05|q1_2026_tool,,place_value_bundles,numeracy,90.0,stack_with_caveat,,,pct_students_b5_75plus,62.22222222222222,5.0,student_level_scores (top band = >=75%)
mastery_bands,month,2026-05,q1_2026_tool,2026-05|q1_2026_tool,,place_value_bundles,numeracy,90.0,stack_with_caveat,,,pct_students_tier_critical,6.666666666666667,5.0,student_level_scores (top band = >=75%)
mastery_bands,month,2026-05,q1_2026_tool,2026-05|q1_2026_tool,,place_value_bundles,numeracy,90.0,stack_with_caveat,,,pct_students_tier_developing,31.11111111111111,5.0,student_level_scores (top band = >=75%)
mastery_bands,month,2026-05,q1_2026_tool,2026-05|q1_2026_tool,,place_value_bundles,numeracy,90.0,stack_with_caveat,,,pct_students_tier_cleared,62.22222222222222,5.0,student_level_scores (top band = >=75%)
mastery_bands,month,2026-05,q1_2026_tool,2026-05|q1_2026_tool,,sentence_reading,literacy,90.0,stack,,,pct_students_b1_0,46.666666666666664,3.0,student_level_scores (top band = >=75%)
mastery_bands,month,2026-05,q1_2026_tool,2026-05|q1_2026_tool,,sentence_reading,literacy,90.0,stack,,,pct_students_b2_lt25,0.0,3.0,student_level_scores (top band = >=75%)
mastery_bands,month,2026-05,q1_2026_tool,2026-05|q1_2026_tool,,sentence_reading,literacy,90.0,stack,,,pct_students_b3_25_50,0.0,3.0,student_level_scores (top band = >=75%)
mastery_bands,month,2026-05,q1_2026_tool,2026-05|q1_2026_tool,,sentence_reading,literacy,90.0,stack,,,pct_students_b4_50_75,8.88888888888889,3.0,student_level_scores (top band = >=75%)
mastery_bands,month,2026-05,q1_2026_tool,2026-05|q1_2026_tool,,sentence_reading,literacy,90.0,stack,,,pct_students_b5_75plus,44.44444444444444,3.0,student_level_scores (top band = >=75%)
mastery_bands,month,2026-05,q1_2026_tool,2026-05|q1_2026_tool,,sentence_reading,literacy,90.0,stack,,,pct_students_tier_critical,46.666666666666664,3.0,student_level_scores (top band = >=75%)
mastery_bands,month,2026-05,q1_2026_tool,2026-05|q1_2026_tool,,sentence_reading,literacy,90.0,stack,,,pct_students_tier_developing,8.88888888888889,3.0,student_level_scores (top band = >=75%)
mastery_bands,month,2026-05,q1_2026_tool,2026-05|q1_2026_tool,,sentence_reading,literacy,90.0,stack,,,pct_students_tier_cleared,44.44444444444444,3.0,student_level_scores (top band = >=75%)
mastery_bands,month,2026-05,q1_2026_tool,2026-05|q1_2026_tool,,subtraction,numeracy,90.0,stack_with_caveat,,,pct_students_b1_0,14.444444444444445,5.0,student_level_scores (top band = >=75%)
mastery_bands,month,2026-05,q1_2026_tool,2026-05|q1_2026_tool,,subtraction,numeracy,90.0,stack_with_caveat,,,pct_students_b2_lt25,0.0,5.0,student_level_scores (top band = >=75%)
mastery_bands,month,2026-05,q1_2026_tool,2026-05|q1_2026_tool,,subtraction,numeracy,90.0,stack_with_caveat,,,pct_students_b3_25_50,5.555555555555555,5.0,student_level_scores (top band = >=75%)
mastery_bands,month,2026-05,q1_2026_tool,2026-05|q1_2026_tool,,subtraction,numeracy,90.0,stack_with_caveat,,,pct_students_b4_50_75,2.2222222222222223,5.0,student_level_scores (top band = >=75%)
mastery_bands,month,2026-05,q1_2026_tool,2026-05|q1_2026_tool,,subtraction,numeracy,90.0,stack_with_caveat,,,pct_students_b5_75plus,77.77777777777777,5.0,student_level_scores (top band = >=75%)
mastery_bands,month,2026-05,q1_2026_tool,2026-05|q1_2026_tool,,subtraction,numeracy,90.0,stack_with_caveat,,,pct_students_tier_critical,14.444444444444445,5.0,student_level_scores (top band = >=75%)
mastery_bands,month,2026-05,q1_2026_tool,2026-05|q1_2026_tool,,subtraction,numeracy,90.0,stack_with_caveat,,,pct_students_tier_developing,7.777777777777778,5.0,student_level_scores (top band = >=75%)
mastery_bands,month,2026-05,q1_2026_tool,2026-05|q1_2026_tool,,subtraction,numeracy,90.0,stack_with_caveat,,,pct_students_tier_cleared,77.77777777777777,5.0,student_level_scores (top band = >=75%)
mastery_bands,month,2026-05,q1_2026_tool,2026-05|q1_2026_tool,,word_reading,literacy,90.0,stack,,,pct_students_b1_0,0.0,10.0,student_level_scores (top band = >=75%)
mastery_bands,month,2026-05,q1_2026_tool,2026-05|q1_2026_tool,,word_reading,literacy,90.0,stack,,,pct_students_b2_lt25,0.0,10.0,student_level_scores (top band = >=75%)
mastery_bands,month,2026-05,q1_2026_tool,2026-05|q1_2026_tool,,word_reading,literacy,90.0,stack,,,pct_students_b3_25_50,1.1111111111111112,10.0,student_level_scores (top band = >=75%)
mastery_bands,month,2026-05,q1_2026_tool,2026-05|q1_2026_tool,,word_reading,literacy,90.0,stack,,,pct_students_b4_50_75,27.77777777777778,10.0,student_level_scores (top band = >=75%)
mastery_bands,month,2026-05,q1_2026_tool,2026-05|q1_2026_tool,,word_reading,literacy,90.0,stack,,,pct_students_b5_75plus,71.11111111111111,10.0,student_level_scores (top band = >=75%)
mastery_bands,month,2026-05,q1_2026_tool,2026-05|q1_2026_tool,,word_reading,literacy,90.0,stack,,,pct_students_tier_critical,0.0,10.0,student_level_scores (top band = >=75%)
mastery_bands,month,2026-05,q1_2026_tool,2026-05|q1_2026_tool,,word_reading,literacy,90.0,stack,,,pct_students_tier_developing,28.88888888888889,10.0,student_level_scores (top band = >=75%)
mastery_bands,month,2026-05,q1_2026_tool,2026-05|q1_2026_tool,,word_reading,literacy,90.0,stack,,,pct_students_tier_cleared,71.11111111111111,10.0,student_level_scores (top band = >=75%)
mastery_bands,month,2026-05,q1_2026_tool,2026-05|q1_2026_tool,,word_writing,literacy,90.0,stack,,,pct_students_b1_0,10.0,5.0,student_level_scores (top band = >=75%)
mastery_bands,month,2026-05,q1_2026_tool,2026-05|q1_2026_tool,,word_writing,literacy,90.0,stack,,,pct_students_b2_lt25,0.0,5.0,student_level_scores (top band = >=75%)
mastery_bands,month,2026-05,q1_2026_tool,2026-05|q1_2026_tool,,word_writing,literacy,90.0,stack,,,pct_students_b3_25_50,11.11111111111111,5.0,student_level_scores (top band = >=75%)
mastery_bands,month,2026-05,q1_2026_tool,2026-05|q1_2026_tool,,word_writing,literacy,90.0,stack,,,pct_students_b4_50_75,16.666666666666668,5.0,student_level_scores (top band = >=75%)
mastery_bands,month,2026-05,q1_2026_tool,2026-05|q1_2026_tool,,word_writing,literacy,90.0,stack,,,pct_students_b5_75plus,62.22222222222222,5.0,student_level_scores (top band = >=75%)
mastery_bands,month,2026-05,q1_2026_tool,2026-05|q1_2026_tool,,word_writing,literacy,90.0,stack,,,pct_students_tier_critical,10.0,5.0,student_level_scores (top band = >=75%)
mastery_bands,month,2026-05,q1_2026_tool,2026-05|q1_2026_tool,,word_writing,literacy,90.0,stack,,,pct_students_tier_developing,27.77777777777778,5.0,student_level_scores (top band = >=75%)
mastery_bands,month,2026-05,q1_2026_tool,2026-05|q1_2026_tool,,word_writing,literacy,90.0,stack,,,pct_students_tier_cleared,62.22222222222222,5.0,student_level_scores (top band = >=75%)
mastery_bands,month,2026-07,q2_2026_tool,2026-07|q2_2026_tool,,addition,numeracy,963.0,stack_with_caveat,,,pct_students_b1_0,14.122533748701972,5.0,student_level_scores (top band = >=75%)
mastery_bands,month,2026-07,q2_2026_tool,2026-07|q2_2026_tool,,addition,numeracy,963.0,stack_with_caveat,,,pct_students_b2_lt25,0.0,5.0,student_level_scores (top band = >=75%)
mastery_bands,month,2026-07,q2_2026_tool,2026-07|q2_2026_tool,,addition,numeracy,963.0,stack_with_caveat,,,pct_students_b3_25_50,2.1806853582554515,5.0,student_level_scores (top band = >=75%)
mastery_bands,month,2026-07,q2_2026_tool,2026-07|q2_2026_tool,,addition,numeracy,963.0,stack_with_caveat,,,pct_students_b4_50_75,3.426791277258567,5.0,student_level_scores (top band = >=75%)
mastery_bands,month,2026-07,q2_2026_tool,2026-07|q2_2026_tool,,addition,numeracy,963.0,stack_with_caveat,,,pct_students_b5_75plus,80.26998961578401,5.0,student_level_scores (top band = >=75%)
mastery_bands,month,2026-07,q2_2026_tool,2026-07|q2_2026_tool,,addition,numeracy,963.0,stack_with_caveat,,,pct_students_tier_critical,14.122533748701972,5.0,student_level_scores (top band = >=75%)
mastery_bands,month,2026-07,q2_2026_tool,2026-07|q2_2026_tool,,addition,numeracy,963.0,stack_with_caveat,,,pct_students_tier_developing,5.607476635514018,5.0,student_level_scores (top band = >=75%)
mastery_bands,month,2026-07,q2_2026_tool,2026-07|q2_2026_tool,,addition,numeracy,963.0,stack_with_caveat,,,pct_students_tier_cleared,80.26998961578401,5.0,student_level_scores (top band = >=75%)
mastery_bands,month,2026-07,q2_2026_tool,2026-07|q2_2026_tool,,letter_recognition,literacy,963.0,stack,,,pct_students_b1_0,1.3499480789200415,19.0,student_level_scores (top band = >=75%)
mastery_bands,month,2026-07,q2_2026_tool,2026-07|q2_2026_tool,,letter_recognition,literacy,963.0,stack,,,pct_students_b2_lt25,1.6614745586708204,19.0,student_level_scores (top band = >=75%)
mastery_bands,month,2026-07,q2_2026_tool,2026-07|q2_2026_tool,,letter_recognition,literacy,963.0,stack,,,pct_students_b3_25_50,3.115264797507788,19.0,student_level_scores (top band = >=75%)
mastery_bands,month,2026-07,q2_2026_tool,2026-07|q2_2026_tool,,letter_recognition,literacy,963.0,stack,,,pct_students_b4_50_75,17.653167185877468,19.0,student_level_scores (top band = >=75%)
mastery_bands,month,2026-07,q2_2026_tool,2026-07|q2_2026_tool,,letter_recognition,literacy,963.0,stack,,,pct_students_b5_75plus,76.22014537902389,19.0,student_level_scores (top band = >=75%)
mastery_bands,month,2026-07,q2_2026_tool,2026-07|q2_2026_tool,,letter_recognition,literacy,963.0,stack,,,pct_students_tier_critical,3.011422637590862,19.0,student_level_scores (top band = >=75%)
mastery_bands,month,2026-07,q2_2026_tool,2026-07|q2_2026_tool,,letter_recognition,literacy,963.0,stack,,,pct_students_tier_developing,20.768431983385256,19.0,student_level_scores (top band = >=75%)
mastery_bands,month,2026-07,q2_2026_tool,2026-07|q2_2026_tool,,letter_recognition,literacy,963.0,stack,,,pct_students_tier_cleared,76.22014537902389,19.0,student_level_scores (top band = >=75%)
mastery_bands,month,2026-07,q2_2026_tool,2026-07|q2_2026_tool,,number_recognition,numeracy,963.0,stack,,,pct_students_b1_0,0.6230529595015576,13.0,student_level_scores (top band = >=75%)
mastery_bands,month,2026-07,q2_2026_tool,2026-07|q2_2026_tool,,number_recognition,numeracy,963.0,stack,,,pct_students_b2_lt25,1.0384215991692627,13.0,student_level_scores (top band = >=75%)
mastery_bands,month,2026-07,q2_2026_tool,2026-07|q2_2026_tool,,number_recognition,numeracy,963.0,stack,,,pct_students_b3_25_50,7.995846313603323,13.0,student_level_scores (top band = >=75%)
mastery_bands,month,2026-07,q2_2026_tool,2026-07|q2_2026_tool,,number_recognition,numeracy,963.0,stack,,,pct_students_b4_50_75,31.048805815160954,13.0,student_level_scores (top band = >=75%)
mastery_bands,month,2026-07,q2_2026_tool,2026-07|q2_2026_tool,,number_recognition,numeracy,963.0,stack,,,pct_students_b5_75plus,59.2938733125649,13.0,student_level_scores (top band = >=75%)
mastery_bands,month,2026-07,q2_2026_tool,2026-07|q2_2026_tool,,number_recognition,numeracy,963.0,stack,,,pct_students_tier_critical,1.6614745586708204,13.0,student_level_scores (top band = >=75%)
mastery_bands,month,2026-07,q2_2026_tool,2026-07|q2_2026_tool,,number_recognition,numeracy,963.0,stack,,,pct_students_tier_developing,39.04465212876428,13.0,student_level_scores (top band = >=75%)
mastery_bands,month,2026-07,q2_2026_tool,2026-07|q2_2026_tool,,number_recognition,numeracy,963.0,stack,,,pct_students_tier_cleared,59.2938733125649,13.0,student_level_scores (top band = >=75%)
mastery_bands,month,2026-07,q2_2026_tool,2026-07|q2_2026_tool,,pattern,numeracy,963.0,stack_with_caveat,,,pct_students_b1_0,21.70301142263759,4.0,student_level_scores (top band = >=75%)
mastery_bands,month,2026-07,q2_2026_tool,2026-07|q2_2026_tool,,pattern,numeracy,963.0,stack_with_caveat,,,pct_students_b2_lt25,0.0,4.0,student_level_scores (top band = >=75%)
mastery_bands,month,2026-07,q2_2026_tool,2026-07|q2_2026_tool,,pattern,numeracy,963.0,stack_with_caveat,,,pct_students_b3_25_50,12.461059190031152,4.0,student_level_scores (top band = >=75%)
mastery_bands,month,2026-07,q2_2026_tool,2026-07|q2_2026_tool,,pattern,numeracy,963.0,stack_with_caveat,,,pct_students_b4_50_75,30.218068535825545,4.0,student_level_scores (top band = >=75%)
mastery_bands,month,2026-07,q2_2026_tool,2026-07|q2_2026_tool,,pattern,numeracy,963.0,stack_with_caveat,,,pct_students_b5_75plus,35.61786085150571,4.0,student_level_scores (top band = >=75%)
mastery_bands,month,2026-07,q2_2026_tool,2026-07|q2_2026_tool,,pattern,numeracy,963.0,stack_with_caveat,,,pct_students_tier_critical,21.70301142263759,4.0,student_level_scores (top band = >=75%)
mastery_bands,month,2026-07,q2_2026_tool,2026-07|q2_2026_tool,,pattern,numeracy,963.0,stack_with_caveat,,,pct_students_tier_developing,42.679127725856695,4.0,student_level_scores (top band = >=75%)
mastery_bands,month,2026-07,q2_2026_tool,2026-07|q2_2026_tool,,pattern,numeracy,963.0,stack_with_caveat,,,pct_students_tier_cleared,35.61786085150571,4.0,student_level_scores (top band = >=75%)
mastery_bands,month,2026-07,q2_2026_tool,2026-07|q2_2026_tool,,place_value_bundles,numeracy,963.0,stack_with_caveat,,,pct_students_b1_0,7.580477673935618,5.0,student_level_scores (top band = >=75%)
mastery_bands,month,2026-07,q2_2026_tool,2026-07|q2_2026_tool,,place_value_bundles,numeracy,963.0,stack_with_caveat,,,pct_students_b2_lt25,0.0,5.0,student_level_scores (top band = >=75%)
mastery_bands,month,2026-07,q2_2026_tool,2026-07|q2_2026_tool,,place_value_bundles,numeracy,963.0,stack_with_caveat,,,pct_students_b3_25_50,29.906542056074766,5.0,student_level_scores (top band = >=75%)
mastery_bands,month,2026-07,q2_2026_tool,2026-07|q2_2026_tool,,place_value_bundles,numeracy,963.0,stack_with_caveat,,,pct_students_b4_50_75,15.88785046728972,5.0,student_level_scores (top band = >=75%)
mastery_bands,month,2026-07,q2_2026_tool,2026-07|q2_2026_tool,,place_value_bundles,numeracy,963.0,stack_with_caveat,,,pct_students_b5_75plus,46.625129802699895,5.0,student_level_scores (top band = >=75%)
mastery_bands,month,2026-07,q2_2026_tool,2026-07|q2_2026_tool,,place_value_bundles,numeracy,963.0,stack_with_caveat,,,pct_students_tier_critical,7.580477673935618,5.0,student_level_scores (top band = >=75%)
mastery_bands,month,2026-07,q2_2026_tool,2026-07|q2_2026_tool,,place_value_bundles,numeracy,963.0,stack_with_caveat,,,pct_students_tier_developing,45.794392523364486,5.0,student_level_scores (top band = >=75%)
mastery_bands,month,2026-07,q2_2026_tool,2026-07|q2_2026_tool,,place_value_bundles,numeracy,963.0,stack_with_caveat,,,pct_students_tier_cleared,46.625129802699895,5.0,student_level_scores (top band = >=75%)
mastery_bands,month,2026-07,q2_2026_tool,2026-07|q2_2026_tool,,sentence_reading,literacy,963.0,stack,,,pct_students_b1_0,47.35202492211838,3.0,student_level_scores (top band = >=75%)
mastery_bands,month,2026-07,q2_2026_tool,2026-07|q2_2026_tool,,sentence_reading,literacy,963.0,stack,,,pct_students_b2_lt25,0.0,3.0,student_level_scores (top band = >=75%)
mastery_bands,month,2026-07,q2_2026_tool,2026-07|q2_2026_tool,,sentence_reading,literacy,963.0,stack,,,pct_students_b3_25_50,0.0,3.0,student_level_scores (top band = >=75%)
mastery_bands,month,2026-07,q2_2026_tool,2026-07|q2_2026_tool,,sentence_reading,literacy,963.0,stack,,,pct_students_b4_50_75,20.456905503634477,3.0,student_level_scores (top band = >=75%)
mastery_bands,month,2026-07,q2_2026_tool,2026-07|q2_2026_tool,,sentence_reading,literacy,963.0,stack,,,pct_students_b5_75plus,32.191069574247145,3.0,student_level_scores (top band = >=75%)
mastery_bands,month,2026-07,q2_2026_tool,2026-07|q2_2026_tool,,sentence_reading,literacy,963.0,stack,,,pct_students_tier_critical,47.35202492211838,3.0,student_level_scores (top band = >=75%)
mastery_bands,month,2026-07,q2_2026_tool,2026-07|q2_2026_tool,,sentence_reading,literacy,963.0,stack,,,pct_students_tier_developing,20.456905503634477,3.0,student_level_scores (top band = >=75%)
mastery_bands,month,2026-07,q2_2026_tool,2026-07|q2_2026_tool,,sentence_reading,literacy,963.0,stack,,,pct_students_tier_cleared,32.191069574247145,3.0,student_level_scores (top band = >=75%)
mastery_bands,month,2026-07,q2_2026_tool,2026-07|q2_2026_tool,,subtraction,numeracy,963.0,stack_with_caveat,,,pct_students_b1_0,27.51817237798546,5.0,student_level_scores (top band = >=75%)
mastery_bands,month,2026-07,q2_2026_tool,2026-07|q2_2026_tool,,subtraction,numeracy,963.0,stack_with_caveat,,,pct_students_b2_lt25,0.0,5.0,student_level_scores (top band = >=75%)
mastery_bands,month,2026-07,q2_2026_tool,2026-07|q2_2026_tool,,subtraction,numeracy,963.0,stack_with_caveat,,,pct_students_b3_25_50,2.699896157840083,5.0,student_level_scores (top band = >=75%)
mastery_bands,month,2026-07,q2_2026_tool,2026-07|q2_2026_tool,,subtraction,numeracy,963.0,stack_with_caveat,,,pct_students_b4_50_75,4.672897196261682,5.0,student_level_scores (top band = >=75%)
mastery_bands,month,2026-07,q2_2026_tool,2026-07|q2_2026_tool,,subtraction,numeracy,963.0,stack_with_caveat,,,pct_students_b5_75plus,65.10903426791278,5.0,student_level_scores (top band = >=75%)
mastery_bands,month,2026-07,q2_2026_tool,2026-07|q2_2026_tool,,subtraction,numeracy,963.0,stack_with_caveat,,,pct_students_tier_critical,27.51817237798546,5.0,student_level_scores (top band = >=75%)
mastery_bands,month,2026-07,q2_2026_tool,2026-07|q2_2026_tool,,subtraction,numeracy,963.0,stack_with_caveat,,,pct_students_tier_developing,7.372793354101765,5.0,student_level_scores (top band = >=75%)
mastery_bands,month,2026-07,q2_2026_tool,2026-07|q2_2026_tool,,subtraction,numeracy,963.0,stack_with_caveat,,,pct_students_tier_cleared,65.10903426791278,5.0,student_level_scores (top band = >=75%)
mastery_bands,month,2026-07,q2_2026_tool,2026-07|q2_2026_tool,,word_reading,literacy,963.0,stack,,,pct_students_b1_0,4.153686396677051,17.0,student_level_scores (top band = >=75%)
mastery_bands,month,2026-07,q2_2026_tool,2026-07|q2_2026_tool,,word_reading,literacy,963.0,stack,,,pct_students_b2_lt25,2.907580477673936,17.0,student_level_scores (top band = >=75%)
mastery_bands,month,2026-07,q2_2026_tool,2026-07|q2_2026_tool,,word_reading,literacy,963.0,stack,,,pct_students_b3_25_50,3.842159916926272,17.0,student_level_scores (top band = >=75%)
mastery_bands,month,2026-07,q2_2026_tool,2026-07|q2_2026_tool,,word_reading,literacy,963.0,stack,,,pct_students_b4_50_75,23.260643821391486,17.0,student_level_scores (top band = >=75%)
mastery_bands,month,2026-07,q2_2026_tool,2026-07|q2_2026_tool,,word_reading,literacy,963.0,stack,,,pct_students_b5_75plus,65.83592938733126,17.0,student_level_scores (top band = >=75%)
mastery_bands,month,2026-07,q2_2026_tool,2026-07|q2_2026_tool,,word_reading,literacy,963.0,stack,,,pct_students_tier_critical,7.061266874350986,17.0,student_level_scores (top band = >=75%)
mastery_bands,month,2026-07,q2_2026_tool,2026-07|q2_2026_tool,,word_reading,literacy,963.0,stack,,,pct_students_tier_developing,27.102803738317757,17.0,student_level_scores (top band = >=75%)
mastery_bands,month,2026-07,q2_2026_tool,2026-07|q2_2026_tool,,word_reading,literacy,963.0,stack,,,pct_students_tier_cleared,65.83592938733126,17.0,student_level_scores (top band = >=75%)
mastery_bands,month,2026-07,q2_2026_tool,2026-07|q2_2026_tool,,word_writing,literacy,963.0,stack,,,pct_students_b1_0,19.73001038421599,5.0,student_level_scores (top band = >=75%)
mastery_bands,month,2026-07,q2_2026_tool,2026-07|q2_2026_tool,,word_writing,literacy,963.0,stack,,,pct_students_b2_lt25,0.0,5.0,student_level_scores (top band = >=75%)
mastery_bands,month,2026-07,q2_2026_tool,2026-07|q2_2026_tool,,word_writing,literacy,963.0,stack,,,pct_students_b3_25_50,4.049844236760125,5.0,student_level_scores (top band = >=75%)
mastery_bands,month,2026-07,q2_2026_tool,2026-07|q2_2026_tool,,word_writing,literacy,963.0,stack,,,pct_students_b4_50_75,19.418483904465212,5.0,student_level_scores (top band = >=75%)
mastery_bands,month,2026-07,q2_2026_tool,2026-07|q2_2026_tool,,word_writing,literacy,963.0,stack,,,pct_students_b5_75plus,56.80166147455867,5.0,student_level_scores (top band = >=75%)
mastery_bands,month,2026-07,q2_2026_tool,2026-07|q2_2026_tool,,word_writing,literacy,963.0,stack,,,pct_students_tier_critical,19.73001038421599,5.0,student_level_scores (top band = >=75%)
mastery_bands,month,2026-07,q2_2026_tool,2026-07|q2_2026_tool,,word_writing,literacy,963.0,stack,,,pct_students_tier_developing,23.46832814122534,5.0,student_level_scores (top band = >=75%)
mastery_bands,month,2026-07,q2_2026_tool,2026-07|q2_2026_tool,,word_writing,literacy,963.0,stack,,,pct_students_tier_cleared,56.80166147455867,5.0,student_level_scores (top band = >=75%)
mastery_bands,month,2026-08,q2_2026_tool,2026-08|q2_2026_tool,,addition,numeracy,398.0,stack_with_caveat,,,pct_students_b1_0,16.582914572864322,5.0,student_level_scores (top band = >=75%)
mastery_bands,month,2026-08,q2_2026_tool,2026-08|q2_2026_tool,,addition,numeracy,398.0,stack_with_caveat,,,pct_students_b2_lt25,0.0,5.0,student_level_scores (top band = >=75%)
mastery_bands,month,2026-08,q2_2026_tool,2026-08|q2_2026_tool,,addition,numeracy,398.0,stack_with_caveat,,,pct_students_b3_25_50,1.5075376884422111,5.0,student_level_scores (top band = >=75%)
mastery_bands,month,2026-08,q2_2026_tool,2026-08|q2_2026_tool,,addition,numeracy,398.0,stack_with_caveat,,,pct_students_b4_50_75,5.025125628140704,5.0,student_level_scores (top band = >=75%)
mastery_bands,month,2026-08,q2_2026_tool,2026-08|q2_2026_tool,,addition,numeracy,398.0,stack_with_caveat,,,pct_students_b5_75plus,76.88442211055276,5.0,student_level_scores (top band = >=75%)
mastery_bands,month,2026-08,q2_2026_tool,2026-08|q2_2026_tool,,addition,numeracy,398.0,stack_with_caveat,,,pct_students_tier_critical,16.582914572864322,5.0,student_level_scores (top band = >=75%)
mastery_bands,month,2026-08,q2_2026_tool,2026-08|q2_2026_tool,,addition,numeracy,398.0,stack_with_caveat,,,pct_students_tier_developing,6.532663316582915,5.0,student_level_scores (top band = >=75%)
mastery_bands,month,2026-08,q2_2026_tool,2026-08|q2_2026_tool,,addition,numeracy,398.0,stack_with_caveat,,,pct_students_tier_cleared,76.88442211055276,5.0,student_level_scores (top band = >=75%)
mastery_bands,month,2026-08,q2_2026_tool,2026-08|q2_2026_tool,,letter_recognition,literacy,398.0,stack,,,pct_students_b1_0,0.25125628140703515,19.0,student_level_scores (top band = >=75%)
mastery_bands,month,2026-08,q2_2026_tool,2026-08|q2_2026_tool,,letter_recognition,literacy,398.0,stack,,,pct_students_b2_lt25,0.7537688442211056,19.0,student_level_scores (top band = >=75%)
mastery_bands,month,2026-08,q2_2026_tool,2026-08|q2_2026_tool,,letter_recognition,literacy,398.0,stack,,,pct_students_b3_25_50,3.2663316582914574,19.0,student_level_scores (top band = >=75%)
mastery_bands,month,2026-08,q2_2026_tool,2026-08|q2_2026_tool,,letter_recognition,literacy,398.0,stack,,,pct_students_b4_50_75,20.603015075376884,19.0,student_level_scores (top band = >=75%)
mastery_bands,month,2026-08,q2_2026_tool,2026-08|q2_2026_tool,,letter_recognition,literacy,398.0,stack,,,pct_students_b5_75plus,75.12562814070351,19.0,student_level_scores (top band = >=75%)
mastery_bands,month,2026-08,q2_2026_tool,2026-08|q2_2026_tool,,letter_recognition,literacy,398.0,stack,,,pct_students_tier_critical,1.0050251256281406,19.0,student_level_scores (top band = >=75%)
mastery_bands,month,2026-08,q2_2026_tool,2026-08|q2_2026_tool,,letter_recognition,literacy,398.0,stack,,,pct_students_tier_developing,23.86934673366834,19.0,student_level_scores (top band = >=75%)
mastery_bands,month,2026-08,q2_2026_tool,2026-08|q2_2026_tool,,letter_recognition,literacy,398.0,stack,,,pct_students_tier_cleared,75.12562814070351,19.0,student_level_scores (top band = >=75%)
mastery_bands,month,2026-08,q2_2026_tool,2026-08|q2_2026_tool,,number_recognition,numeracy,398.0,stack,,,pct_students_b1_0,0.5025125628140703,11.0,student_level_scores (top band = >=75%)
mastery_bands,month,2026-08,q2_2026_tool,2026-08|q2_2026_tool,,number_recognition,numeracy,398.0,stack,,,pct_students_b2_lt25,0.0,11.0,student_level_scores (top band = >=75%)
mastery_bands,month,2026-08,q2_2026_tool,2026-08|q2_2026_tool,,number_recognition,numeracy,398.0,stack,,,pct_students_b3_25_50,8.793969849246231,11.0,student_level_scores (top band = >=75%)
mastery_bands,month,2026-08,q2_2026_tool,2026-08|q2_2026_tool,,number_recognition,numeracy,398.0,stack,,,pct_students_b4_50_75,37.93969849246231,11.0,student_level_scores (top band = >=75%)
mastery_bands,month,2026-08,q2_2026_tool,2026-08|q2_2026_tool,,number_recognition,numeracy,398.0,stack,,,pct_students_b5_75plus,52.76381909547739,11.0,student_level_scores (top band = >=75%)
mastery_bands,month,2026-08,q2_2026_tool,2026-08|q2_2026_tool,,number_recognition,numeracy,398.0,stack,,,pct_students_tier_critical,0.5025125628140703,11.0,student_level_scores (top band = >=75%)
mastery_bands,month,2026-08,q2_2026_tool,2026-08|q2_2026_tool,,number_recognition,numeracy,398.0,stack,,,pct_students_tier_developing,46.733668341708544,11.0,student_level_scores (top band = >=75%)
mastery_bands,month,2026-08,q2_2026_tool,2026-08|q2_2026_tool,,number_recognition,numeracy,398.0,stack,,,pct_students_tier_cleared,52.76381909547739,11.0,student_level_scores (top band = >=75%)
mastery_bands,month,2026-08,q2_2026_tool,2026-08|q2_2026_tool,,pattern,numeracy,398.0,stack_with_caveat,,,pct_students_b1_0,20.35175879396985,4.0,student_level_scores (top band = >=75%)
mastery_bands,month,2026-08,q2_2026_tool,2026-08|q2_2026_tool,,pattern,numeracy,398.0,stack_with_caveat,,,pct_students_b2_lt25,0.0,4.0,student_level_scores (top band = >=75%)
mastery_bands,month,2026-08,q2_2026_tool,2026-08|q2_2026_tool,,pattern,numeracy,398.0,stack_with_caveat,,,pct_students_b3_25_50,12.311557788944723,4.0,student_level_scores (top band = >=75%)
mastery_bands,month,2026-08,q2_2026_tool,2026-08|q2_2026_tool,,pattern,numeracy,398.0,stack_with_caveat,,,pct_students_b4_50_75,25.87939698492462,4.0,student_level_scores (top band = >=75%)
mastery_bands,month,2026-08,q2_2026_tool,2026-08|q2_2026_tool,,pattern,numeracy,398.0,stack_with_caveat,,,pct_students_b5_75plus,41.45728643216081,4.0,student_level_scores (top band = >=75%)
mastery_bands,month,2026-08,q2_2026_tool,2026-08|q2_2026_tool,,pattern,numeracy,398.0,stack_with_caveat,,,pct_students_tier_critical,20.35175879396985,4.0,student_level_scores (top band = >=75%)
mastery_bands,month,2026-08,q2_2026_tool,2026-08|q2_2026_tool,,pattern,numeracy,398.0,stack_with_caveat,,,pct_students_tier_developing,38.19095477386934,4.0,student_level_scores (top band = >=75%)
mastery_bands,month,2026-08,q2_2026_tool,2026-08|q2_2026_tool,,pattern,numeracy,398.0,stack_with_caveat,,,pct_students_tier_cleared,41.45728643216081,4.0,student_level_scores (top band = >=75%)
mastery_bands,month,2026-08,q2_2026_tool,2026-08|q2_2026_tool,,place_value_bundles,numeracy,398.0,stack_with_caveat,,,pct_students_b1_0,8.040201005025125,5.0,student_level_scores (top band = >=75%)
mastery_bands,month,2026-08,q2_2026_tool,2026-08|q2_2026_tool,,place_value_bundles,numeracy,398.0,stack_with_caveat,,,pct_students_b2_lt25,0.0,5.0,student_level_scores (top band = >=75%)
mastery_bands,month,2026-08,q2_2026_tool,2026-08|q2_2026_tool,,place_value_bundles,numeracy,398.0,stack_with_caveat,,,pct_students_b3_25_50,31.407035175879397,5.0,student_level_scores (top band = >=75%)
mastery_bands,month,2026-08,q2_2026_tool,2026-08|q2_2026_tool,,place_value_bundles,numeracy,398.0,stack_with_caveat,,,pct_students_b4_50_75,18.844221105527637,5.0,student_level_scores (top band = >=75%)
mastery_bands,month,2026-08,q2_2026_tool,2026-08|q2_2026_tool,,place_value_bundles,numeracy,398.0,stack_with_caveat,,,pct_students_b5_75plus,41.70854271356784,5.0,student_level_scores (top band = >=75%)
mastery_bands,month,2026-08,q2_2026_tool,2026-08|q2_2026_tool,,place_value_bundles,numeracy,398.0,stack_with_caveat,,,pct_students_tier_critical,8.040201005025125,5.0,student_level_scores (top band = >=75%)
mastery_bands,month,2026-08,q2_2026_tool,2026-08|q2_2026_tool,,place_value_bundles,numeracy,398.0,stack_with_caveat,,,pct_students_tier_developing,50.25125628140704,5.0,student_level_scores (top band = >=75%)
mastery_bands,month,2026-08,q2_2026_tool,2026-08|q2_2026_tool,,place_value_bundles,numeracy,398.0,stack_with_caveat,,,pct_students_tier_cleared,41.70854271356784,5.0,student_level_scores (top band = >=75%)
mastery_bands,month,2026-08,q2_2026_tool,2026-08|q2_2026_tool,,sentence_reading,literacy,398.0,stack,,,pct_students_b1_0,52.76381909547739,3.0,student_level_scores (top band = >=75%)
mastery_bands,month,2026-08,q2_2026_tool,2026-08|q2_2026_tool,,sentence_reading,literacy,398.0,stack,,,pct_students_b2_lt25,0.0,3.0,student_level_scores (top band = >=75%)
mastery_bands,month,2026-08,q2_2026_tool,2026-08|q2_2026_tool,,sentence_reading,literacy,398.0,stack,,,pct_students_b3_25_50,0.0,3.0,student_level_scores (top band = >=75%)
mastery_bands,month,2026-08,q2_2026_tool,2026-08|q2_2026_tool,,sentence_reading,literacy,398.0,stack,,,pct_students_b4_50_75,17.587939698492463,3.0,student_level_scores (top band = >=75%)
mastery_bands,month,2026-08,q2_2026_tool,2026-08|q2_2026_tool,,sentence_reading,literacy,398.0,stack,,,pct_students_b5_75plus,29.64824120603015,3.0,student_level_scores (top band = >=75%)
mastery_bands,month,2026-08,q2_2026_tool,2026-08|q2_2026_tool,,sentence_reading,literacy,398.0,stack,,,pct_students_tier_critical,52.76381909547739,3.0,student_level_scores (top band = >=75%)
mastery_bands,month,2026-08,q2_2026_tool,2026-08|q2_2026_tool,,sentence_reading,literacy,398.0,stack,,,pct_students_tier_developing,17.587939698492463,3.0,student_level_scores (top band = >=75%)
mastery_bands,month,2026-08,q2_2026_tool,2026-08|q2_2026_tool,,sentence_reading,literacy,398.0,stack,,,pct_students_tier_cleared,29.64824120603015,3.0,student_level_scores (top band = >=75%)
mastery_bands,month,2026-08,q2_2026_tool,2026-08|q2_2026_tool,,subtraction,numeracy,398.0,stack_with_caveat,,,pct_students_b1_0,29.899497487437184,5.0,student_level_scores (top band = >=75%)
mastery_bands,month,2026-08,q2_2026_tool,2026-08|q2_2026_tool,,subtraction,numeracy,398.0,stack_with_caveat,,,pct_students_b2_lt25,0.0,5.0,student_level_scores (top band = >=75%)
mastery_bands,month,2026-08,q2_2026_tool,2026-08|q2_2026_tool,,subtraction,numeracy,398.0,stack_with_caveat,,,pct_students_b3_25_50,2.763819095477387,5.0,student_level_scores (top band = >=75%)
mastery_bands,month,2026-08,q2_2026_tool,2026-08|q2_2026_tool,,subtraction,numeracy,398.0,stack_with_caveat,,,pct_students_b4_50_75,3.2663316582914574,5.0,student_level_scores (top band = >=75%)
mastery_bands,month,2026-08,q2_2026_tool,2026-08|q2_2026_tool,,subtraction,numeracy,398.0,stack_with_caveat,,,pct_students_b5_75plus,64.07035175879398,5.0,student_level_scores (top band = >=75%)
mastery_bands,month,2026-08,q2_2026_tool,2026-08|q2_2026_tool,,subtraction,numeracy,398.0,stack_with_caveat,,,pct_students_tier_critical,29.899497487437184,5.0,student_level_scores (top band = >=75%)
mastery_bands,month,2026-08,q2_2026_tool,2026-08|q2_2026_tool,,subtraction,numeracy,398.0,stack_with_caveat,,,pct_students_tier_developing,6.030150753768845,5.0,student_level_scores (top band = >=75%)
mastery_bands,month,2026-08,q2_2026_tool,2026-08|q2_2026_tool,,subtraction,numeracy,398.0,stack_with_caveat,,,pct_students_tier_cleared,64.07035175879398,5.0,student_level_scores (top band = >=75%)
mastery_bands,month,2026-08,q2_2026_tool,2026-08|q2_2026_tool,,word_reading,literacy,398.0,stack,,,pct_students_b1_0,3.0150753768844223,17.0,student_level_scores (top band = >=75%)
mastery_bands,month,2026-08,q2_2026_tool,2026-08|q2_2026_tool,,word_reading,literacy,398.0,stack,,,pct_students_b2_lt25,2.512562814070352,17.0,student_level_scores (top band = >=75%)
mastery_bands,month,2026-08,q2_2026_tool,2026-08|q2_2026_tool,,word_reading,literacy,398.0,stack,,,pct_students_b3_25_50,2.763819095477387,17.0,student_level_scores (top band = >=75%)
mastery_bands,month,2026-08,q2_2026_tool,2026-08|q2_2026_tool,,word_reading,literacy,398.0,stack,,,pct_students_b4_50_75,27.889447236180903,17.0,student_level_scores (top band = >=75%)
mastery_bands,month,2026-08,q2_2026_tool,2026-08|q2_2026_tool,,word_reading,literacy,398.0,stack,,,pct_students_b5_75plus,63.81909547738694,17.0,student_level_scores (top band = >=75%)
mastery_bands,month,2026-08,q2_2026_tool,2026-08|q2_2026_tool,,word_reading,literacy,398.0,stack,,,pct_students_tier_critical,5.527638190954774,17.0,student_level_scores (top band = >=75%)
mastery_bands,month,2026-08,q2_2026_tool,2026-08|q2_2026_tool,,word_reading,literacy,398.0,stack,,,pct_students_tier_developing,30.65326633165829,17.0,student_level_scores (top band = >=75%)
mastery_bands,month,2026-08,q2_2026_tool,2026-08|q2_2026_tool,,word_reading,literacy,398.0,stack,,,pct_students_tier_cleared,63.81909547738694,17.0,student_level_scores (top band = >=75%)
mastery_bands,month,2026-08,q2_2026_tool,2026-08|q2_2026_tool,,word_writing,literacy,398.0,stack,,,pct_students_b1_0,19.849246231155778,5.0,student_level_scores (top band = >=75%)
mastery_bands,month,2026-08,q2_2026_tool,2026-08|q2_2026_tool,,word_writing,literacy,398.0,stack,,,pct_students_b2_lt25,0.0,5.0,student_level_scores (top band = >=75%)
mastery_bands,month,2026-08,q2_2026_tool,2026-08|q2_2026_tool,,word_writing,literacy,398.0,stack,,,pct_students_b3_25_50,6.532663316582915,5.0,student_level_scores (top band = >=75%)
mastery_bands,month,2026-08,q2_2026_tool,2026-08|q2_2026_tool,,word_writing,literacy,398.0,stack,,,pct_students_b4_50_75,17.33668341708543,5.0,student_level_scores (top band = >=75%)
mastery_bands,month,2026-08,q2_2026_tool,2026-08|q2_2026_tool,,word_writing,literacy,398.0,stack,,,pct_students_b5_75plus,56.28140703517588,5.0,student_level_scores (top band = >=75%)
mastery_bands,month,2026-08,q2_2026_tool,2026-08|q2_2026_tool,,word_writing,literacy,398.0,stack,,,pct_students_tier_critical,19.849246231155778,5.0,student_level_scores (top band = >=75%)
mastery_bands,month,2026-08,q2_2026_tool,2026-08|q2_2026_tool,,word_writing,literacy,398.0,stack,,,pct_students_tier_developing,23.86934673366834,5.0,student_level_scores (top band = >=75%)
mastery_bands,month,2026-08,q2_2026_tool,2026-08|q2_2026_tool,,word_writing,literacy,398.0,stack,,,pct_students_tier_cleared,56.28140703517588,5.0,student_level_scores (top band = >=75%)
mastery_bands,month,2025-08,aug_tool,2025-08|aug_tool,,oral_reading_fluency,literacy,22.0,,,,pct_students_cpm_0,4.545454545454546,,student_level_cpm
mastery_bands,month,2025-08,aug_tool,2025-08|aug_tool,,oral_reading_fluency,literacy,22.0,,,,pct_students_cpm_1-15,13.636363636363637,,student_level_cpm
mastery_bands,month,2025-08,aug_tool,2025-08|aug_tool,,oral_reading_fluency,literacy,22.0,,,,pct_students_cpm_16-29,18.181818181818183,,student_level_cpm
mastery_bands,month,2025-08,aug_tool,2025-08|aug_tool,,oral_reading_fluency,literacy,22.0,,,,pct_students_cpm_30-44,18.181818181818183,,student_level_cpm
mastery_bands,month,2025-08,aug_tool,2025-08|aug_tool,,oral_reading_fluency,literacy,22.0,,,,pct_students_cpm_45-59,4.545454545454546,,student_level_cpm
mastery_bands,month,2025-08,aug_tool,2025-08|aug_tool,,oral_reading_fluency,literacy,22.0,,,,pct_students_cpm_60+,40.90909090909091,,student_level_cpm
mastery_bands,month,2025-08,july_tool,2025-08|july_tool,,oral_reading_fluency,literacy,29.0,,,,pct_students_cpm_0,3.4482758620689653,,student_level_cpm
mastery_bands,month,2025-08,july_tool,2025-08|july_tool,,oral_reading_fluency,literacy,29.0,,,,pct_students_cpm_1-15,24.137931034482758,,student_level_cpm
mastery_bands,month,2025-08,july_tool,2025-08|july_tool,,oral_reading_fluency,literacy,29.0,,,,pct_students_cpm_16-29,20.689655172413794,,student_level_cpm
mastery_bands,month,2025-08,july_tool,2025-08|july_tool,,oral_reading_fluency,literacy,29.0,,,,pct_students_cpm_30-44,17.24137931034483,,student_level_cpm
mastery_bands,month,2025-08,july_tool,2025-08|july_tool,,oral_reading_fluency,literacy,29.0,,,,pct_students_cpm_45-59,13.793103448275861,,student_level_cpm
mastery_bands,month,2025-08,july_tool,2025-08|july_tool,,oral_reading_fluency,literacy,29.0,,,,pct_students_cpm_60+,20.689655172413794,,student_level_cpm
mastery_bands,month,2025-09,aug_tool,2025-09|aug_tool,,oral_reading_fluency,literacy,58.0,,,,pct_students_cpm_0,6.896551724137931,,student_level_cpm
mastery_bands,month,2025-09,aug_tool,2025-09|aug_tool,,oral_reading_fluency,literacy,58.0,,,,pct_students_cpm_1-15,8.620689655172415,,student_level_cpm
mastery_bands,month,2025-09,aug_tool,2025-09|aug_tool,,oral_reading_fluency,literacy,58.0,,,,pct_students_cpm_16-29,15.517241379310345,,student_level_cpm
mastery_bands,month,2025-09,aug_tool,2025-09|aug_tool,,oral_reading_fluency,literacy,58.0,,,,pct_students_cpm_30-44,22.413793103448278,,student_level_cpm
mastery_bands,month,2025-09,aug_tool,2025-09|aug_tool,,oral_reading_fluency,literacy,58.0,,,,pct_students_cpm_45-59,12.068965517241379,,student_level_cpm
mastery_bands,month,2025-09,aug_tool,2025-09|aug_tool,,oral_reading_fluency,literacy,58.0,,,,pct_students_cpm_60+,34.48275862068966,,student_level_cpm
mastery_bands,month,2025-10,q3_2025_tool,2025-10|q3_2025_tool,,oral_reading_fluency,literacy,20.0,,,,pct_students_cpm_0,15.0,,student_level_cpm
mastery_bands,month,2025-10,q3_2025_tool,2025-10|q3_2025_tool,,oral_reading_fluency,literacy,20.0,,,,pct_students_cpm_1-15,15.0,,student_level_cpm
mastery_bands,month,2025-10,q3_2025_tool,2025-10|q3_2025_tool,,oral_reading_fluency,literacy,20.0,,,,pct_students_cpm_16-29,25.0,,student_level_cpm
mastery_bands,month,2025-10,q3_2025_tool,2025-10|q3_2025_tool,,oral_reading_fluency,literacy,20.0,,,,pct_students_cpm_30-44,30.0,,student_level_cpm
mastery_bands,month,2025-10,q3_2025_tool,2025-10|q3_2025_tool,,oral_reading_fluency,literacy,20.0,,,,pct_students_cpm_45-59,5.0,,student_level_cpm
mastery_bands,month,2025-10,q3_2025_tool,2025-10|q3_2025_tool,,oral_reading_fluency,literacy,20.0,,,,pct_students_cpm_60+,10.0,,student_level_cpm
mastery_bands,month,2025-11,q3_2025_tool,2025-11|q3_2025_tool,,oral_reading_fluency,literacy,66.0,,,,pct_students_cpm_0,7.575757575757576,,student_level_cpm
mastery_bands,month,2025-11,q3_2025_tool,2025-11|q3_2025_tool,,oral_reading_fluency,literacy,66.0,,,,pct_students_cpm_1-15,28.78787878787879,,student_level_cpm
mastery_bands,month,2025-11,q3_2025_tool,2025-11|q3_2025_tool,,oral_reading_fluency,literacy,66.0,,,,pct_students_cpm_16-29,24.242424242424242,,student_level_cpm
mastery_bands,month,2025-11,q3_2025_tool,2025-11|q3_2025_tool,,oral_reading_fluency,literacy,66.0,,,,pct_students_cpm_30-44,18.181818181818183,,student_level_cpm
mastery_bands,month,2025-11,q3_2025_tool,2025-11|q3_2025_tool,,oral_reading_fluency,literacy,66.0,,,,pct_students_cpm_45-59,9.090909090909092,,student_level_cpm
mastery_bands,month,2025-11,q3_2025_tool,2025-11|q3_2025_tool,,oral_reading_fluency,literacy,66.0,,,,pct_students_cpm_60+,12.121212121212121,,student_level_cpm
mastery_bands,month,2025-12,q3_2025_tool,2025-12|q3_2025_tool,,oral_reading_fluency,literacy,37.0,,,,pct_students_cpm_0,21.62162162162162,,student_level_cpm
mastery_bands,month,2025-12,q3_2025_tool,2025-12|q3_2025_tool,,oral_reading_fluency,literacy,37.0,,,,pct_students_cpm_1-15,13.513513513513514,,student_level_cpm
mastery_bands,month,2025-12,q3_2025_tool,2025-12|q3_2025_tool,,oral_reading_fluency,literacy,37.0,,,,pct_students_cpm_16-29,18.91891891891892,,student_level_cpm
mastery_bands,month,2025-12,q3_2025_tool,2025-12|q3_2025_tool,,oral_reading_fluency,literacy,37.0,,,,pct_students_cpm_30-44,13.513513513513514,,student_level_cpm
mastery_bands,month,2025-12,q3_2025_tool,2025-12|q3_2025_tool,,oral_reading_fluency,literacy,37.0,,,,pct_students_cpm_45-59,10.81081081081081,,student_level_cpm
mastery_bands,month,2025-12,q3_2025_tool,2025-12|q3_2025_tool,,oral_reading_fluency,literacy,37.0,,,,pct_students_cpm_60+,21.62162162162162,,student_level_cpm
mastery_bands,quarter,Q4_2025,did_midline,Q4_2025|did_midline,,oral_reading_fluency,literacy,177.0,,,,pct_students_cpm_0,8.0,,"slide_chart (top band = >75%; rounded, sums 99-101)"
mastery_bands,quarter,Q4_2025,did_midline,Q4_2025|did_midline,,oral_reading_fluency,literacy,177.0,,,,pct_students_cpm_1-15,23.0,,"slide_chart (top band = >75%; rounded, sums 99-101)"
mastery_bands,quarter,Q4_2025,did_midline,Q4_2025|did_midline,,oral_reading_fluency,literacy,177.0,,,,pct_students_cpm_16-29,15.0,,"slide_chart (top band = >75%; rounded, sums 99-101)"
mastery_bands,quarter,Q4_2025,did_midline,Q4_2025|did_midline,,oral_reading_fluency,literacy,177.0,,,,pct_students_cpm_30-44,16.0,,"slide_chart (top band = >75%; rounded, sums 99-101)"
mastery_bands,quarter,Q4_2025,did_midline,Q4_2025|did_midline,,oral_reading_fluency,literacy,177.0,,,,pct_students_cpm_45-59,15.0,,"slide_chart (top band = >75%; rounded, sums 99-101)"
mastery_bands,quarter,Q4_2025,did_midline,Q4_2025|did_midline,,oral_reading_fluency,literacy,177.0,,,,pct_students_cpm_60+,23.0,,"slide_chart (top band = >75%; rounded, sums 99-101)"
mastery_bands,month,2026-03,did_midline,2026-03|did_midline,,oral_reading_fluency,literacy,177.0,,,,pct_students_cpm_0,8.0,,"slide_chart (top band = >75%; rounded, sums 99-101)"
mastery_bands,month,2026-03,did_midline,2026-03|did_midline,,oral_reading_fluency,literacy,177.0,,,,pct_students_cpm_1-15,23.0,,"slide_chart (top band = >75%; rounded, sums 99-101)"
mastery_bands,month,2026-03,did_midline,2026-03|did_midline,,oral_reading_fluency,literacy,177.0,,,,pct_students_cpm_16-29,15.0,,"slide_chart (top band = >75%; rounded, sums 99-101)"
mastery_bands,month,2026-03,did_midline,2026-03|did_midline,,oral_reading_fluency,literacy,177.0,,,,pct_students_cpm_30-44,16.0,,"slide_chart (top band = >75%; rounded, sums 99-101)"
mastery_bands,month,2026-03,did_midline,2026-03|did_midline,,oral_reading_fluency,literacy,177.0,,,,pct_students_cpm_45-59,15.0,,"slide_chart (top band = >75%; rounded, sums 99-101)"
mastery_bands,month,2026-03,did_midline,2026-03|did_midline,,oral_reading_fluency,literacy,177.0,,,,pct_students_cpm_60+,23.0,,"slide_chart (top band = >75%; rounded, sums 99-101)"
mastery_bands,quarter,Q4_2025,did_midline,Q4_2025|did_midline,,letter_writing,literacy,177.0,,,,pct_students_b1_0,8.0,,"slide_chart (top band = >75%; rounded, sums 99-101)"
mastery_bands,quarter,Q4_2025,did_midline,Q4_2025|did_midline,,letter_writing,literacy,177.0,,,,pct_students_b2_lt25,2.0,,"slide_chart (top band = >75%; rounded, sums 99-101)"
mastery_bands,quarter,Q4_2025,did_midline,Q4_2025|did_midline,,letter_writing,literacy,177.0,,,,pct_students_b3_25_50,3.0,,"slide_chart (top band = >75%; rounded, sums 99-101)"
mastery_bands,quarter,Q4_2025,did_midline,Q4_2025|did_midline,,letter_writing,literacy,177.0,,,,pct_students_b4_50_75,7.0,,"slide_chart (top band = >75%; rounded, sums 99-101)"
mastery_bands,quarter,Q4_2025,did_midline,Q4_2025|did_midline,,letter_writing,literacy,177.0,,,,pct_students_b5_75plus,80.0,,"slide_chart (top band = >75%; rounded, sums 99-101)"
mastery_bands,quarter,Q4_2025,did_midline,Q4_2025|did_midline,,letter_writing,literacy,177.0,,,,pct_students_tier_critical,10.0,,"slide_chart (top band = >75%; rounded, sums 99-101)"
mastery_bands,quarter,Q4_2025,did_midline,Q4_2025|did_midline,,letter_writing,literacy,177.0,,,,pct_students_tier_developing,10.0,,"slide_chart (top band = >75%; rounded, sums 99-101)"
mastery_bands,quarter,Q4_2025,did_midline,Q4_2025|did_midline,,letter_writing,literacy,177.0,,,,pct_students_tier_cleared,80.0,,"slide_chart (top band = >75%; rounded, sums 99-101)"
mastery_bands,month,2026-03,did_midline,2026-03|did_midline,,letter_writing,literacy,177.0,,,,pct_students_b1_0,8.0,,"slide_chart (top band = >75%; rounded, sums 99-101)"
mastery_bands,month,2026-03,did_midline,2026-03|did_midline,,letter_writing,literacy,177.0,,,,pct_students_b2_lt25,2.0,,"slide_chart (top band = >75%; rounded, sums 99-101)"
mastery_bands,month,2026-03,did_midline,2026-03|did_midline,,letter_writing,literacy,177.0,,,,pct_students_b3_25_50,3.0,,"slide_chart (top band = >75%; rounded, sums 99-101)"
mastery_bands,month,2026-03,did_midline,2026-03|did_midline,,letter_writing,literacy,177.0,,,,pct_students_b4_50_75,7.0,,"slide_chart (top band = >75%; rounded, sums 99-101)"
mastery_bands,month,2026-03,did_midline,2026-03|did_midline,,letter_writing,literacy,177.0,,,,pct_students_b5_75plus,80.0,,"slide_chart (top band = >75%; rounded, sums 99-101)"
mastery_bands,month,2026-03,did_midline,2026-03|did_midline,,letter_writing,literacy,177.0,,,,pct_students_tier_critical,10.0,,"slide_chart (top band = >75%; rounded, sums 99-101)"
mastery_bands,month,2026-03,did_midline,2026-03|did_midline,,letter_writing,literacy,177.0,,,,pct_students_tier_developing,10.0,,"slide_chart (top band = >75%; rounded, sums 99-101)"
mastery_bands,month,2026-03,did_midline,2026-03|did_midline,,letter_writing,literacy,177.0,,,,pct_students_tier_cleared,80.0,,"slide_chart (top band = >75%; rounded, sums 99-101)"
mastery_bands,quarter,Q4_2025,did_midline,Q4_2025|did_midline,,word_writing,literacy,177.0,,,,pct_students_b1_0,16.0,,"slide_chart (top band = >75%; rounded, sums 99-101)"
mastery_bands,quarter,Q4_2025,did_midline,Q4_2025|did_midline,,word_writing,literacy,177.0,,,,pct_students_b2_lt25,10.0,,"slide_chart (top band = >75%; rounded, sums 99-101)"
mastery_bands,quarter,Q4_2025,did_midline,Q4_2025|did_midline,,word_writing,literacy,177.0,,,,pct_students_b3_25_50,14.0,,"slide_chart (top band = >75%; rounded, sums 99-101)"
mastery_bands,quarter,Q4_2025,did_midline,Q4_2025|did_midline,,word_writing,literacy,177.0,,,,pct_students_b4_50_75,17.0,,"slide_chart (top band = >75%; rounded, sums 99-101)"
mastery_bands,quarter,Q4_2025,did_midline,Q4_2025|did_midline,,word_writing,literacy,177.0,,,,pct_students_b5_75plus,43.0,,"slide_chart (top band = >75%; rounded, sums 99-101)"
mastery_bands,quarter,Q4_2025,did_midline,Q4_2025|did_midline,,word_writing,literacy,177.0,,,,pct_students_tier_critical,26.0,,"slide_chart (top band = >75%; rounded, sums 99-101)"
mastery_bands,quarter,Q4_2025,did_midline,Q4_2025|did_midline,,word_writing,literacy,177.0,,,,pct_students_tier_developing,31.0,,"slide_chart (top band = >75%; rounded, sums 99-101)"
mastery_bands,quarter,Q4_2025,did_midline,Q4_2025|did_midline,,word_writing,literacy,177.0,,,,pct_students_tier_cleared,43.0,,"slide_chart (top band = >75%; rounded, sums 99-101)"
mastery_bands,month,2026-03,did_midline,2026-03|did_midline,,word_writing,literacy,177.0,,,,pct_students_b1_0,16.0,,"slide_chart (top band = >75%; rounded, sums 99-101)"
mastery_bands,month,2026-03,did_midline,2026-03|did_midline,,word_writing,literacy,177.0,,,,pct_students_b2_lt25,10.0,,"slide_chart (top band = >75%; rounded, sums 99-101)"
mastery_bands,month,2026-03,did_midline,2026-03|did_midline,,word_writing,literacy,177.0,,,,pct_students_b3_25_50,14.0,,"slide_chart (top band = >75%; rounded, sums 99-101)"
mastery_bands,month,2026-03,did_midline,2026-03|did_midline,,word_writing,literacy,177.0,,,,pct_students_b4_50_75,17.0,,"slide_chart (top band = >75%; rounded, sums 99-101)"
mastery_bands,month,2026-03,did_midline,2026-03|did_midline,,word_writing,literacy,177.0,,,,pct_students_b5_75plus,43.0,,"slide_chart (top band = >75%; rounded, sums 99-101)"
mastery_bands,month,2026-03,did_midline,2026-03|did_midline,,word_writing,literacy,177.0,,,,pct_students_tier_critical,26.0,,"slide_chart (top band = >75%; rounded, sums 99-101)"
mastery_bands,month,2026-03,did_midline,2026-03|did_midline,,word_writing,literacy,177.0,,,,pct_students_tier_developing,31.0,,"slide_chart (top band = >75%; rounded, sums 99-101)"
mastery_bands,month,2026-03,did_midline,2026-03|did_midline,,word_writing,literacy,177.0,,,,pct_students_tier_cleared,43.0,,"slide_chart (top band = >75%; rounded, sums 99-101)"
mastery_bands,quarter,Q4_2025,did_midline,Q4_2025|did_midline,,sentence_writing,literacy,177.0,,,,pct_students_b1_0,42.0,,"slide_chart (top band = >75%; rounded, sums 99-101)"
mastery_bands,quarter,Q4_2025,did_midline,Q4_2025|did_midline,,sentence_writing,literacy,177.0,,,,pct_students_b2_lt25,0.0,,"slide_chart (top band = >75%; rounded, sums 99-101)"
mastery_bands,quarter,Q4_2025,did_midline,Q4_2025|did_midline,,sentence_writing,literacy,177.0,,,,pct_students_b3_25_50,9.0,,"slide_chart (top band = >75%; rounded, sums 99-101)"
mastery_bands,quarter,Q4_2025,did_midline,Q4_2025|did_midline,,sentence_writing,literacy,177.0,,,,pct_students_b4_50_75,11.0,,"slide_chart (top band = >75%; rounded, sums 99-101)"
mastery_bands,quarter,Q4_2025,did_midline,Q4_2025|did_midline,,sentence_writing,literacy,177.0,,,,pct_students_b5_75plus,39.0,,"slide_chart (top band = >75%; rounded, sums 99-101)"
mastery_bands,quarter,Q4_2025,did_midline,Q4_2025|did_midline,,sentence_writing,literacy,177.0,,,,pct_students_tier_critical,42.0,,"slide_chart (top band = >75%; rounded, sums 99-101)"
mastery_bands,quarter,Q4_2025,did_midline,Q4_2025|did_midline,,sentence_writing,literacy,177.0,,,,pct_students_tier_developing,20.0,,"slide_chart (top band = >75%; rounded, sums 99-101)"
mastery_bands,quarter,Q4_2025,did_midline,Q4_2025|did_midline,,sentence_writing,literacy,177.0,,,,pct_students_tier_cleared,39.0,,"slide_chart (top band = >75%; rounded, sums 99-101)"
mastery_bands,month,2026-03,did_midline,2026-03|did_midline,,sentence_writing,literacy,177.0,,,,pct_students_b1_0,42.0,,"slide_chart (top band = >75%; rounded, sums 99-101)"
mastery_bands,month,2026-03,did_midline,2026-03|did_midline,,sentence_writing,literacy,177.0,,,,pct_students_b2_lt25,0.0,,"slide_chart (top band = >75%; rounded, sums 99-101)"
mastery_bands,month,2026-03,did_midline,2026-03|did_midline,,sentence_writing,literacy,177.0,,,,pct_students_b3_25_50,9.0,,"slide_chart (top band = >75%; rounded, sums 99-101)"
mastery_bands,month,2026-03,did_midline,2026-03|did_midline,,sentence_writing,literacy,177.0,,,,pct_students_b4_50_75,11.0,,"slide_chart (top band = >75%; rounded, sums 99-101)"
mastery_bands,month,2026-03,did_midline,2026-03|did_midline,,sentence_writing,literacy,177.0,,,,pct_students_b5_75plus,39.0,,"slide_chart (top band = >75%; rounded, sums 99-101)"
mastery_bands,month,2026-03,did_midline,2026-03|did_midline,,sentence_writing,literacy,177.0,,,,pct_students_tier_critical,42.0,,"slide_chart (top band = >75%; rounded, sums 99-101)"
mastery_bands,month,2026-03,did_midline,2026-03|did_midline,,sentence_writing,literacy,177.0,,,,pct_students_tier_developing,20.0,,"slide_chart (top band = >75%; rounded, sums 99-101)"
mastery_bands,month,2026-03,did_midline,2026-03|did_midline,,sentence_writing,literacy,177.0,,,,pct_students_tier_cleared,39.0,,"slide_chart (top band = >75%; rounded, sums 99-101)"
mastery_bands,quarter,Q4_2025,did_midline,Q4_2025|did_midline,,independent_writing,literacy,177.0,,,,pct_students_b1_0,60.0,,"slide_chart (top band = >75%; rounded, sums 99-101)"
mastery_bands,quarter,Q4_2025,did_midline,Q4_2025|did_midline,,independent_writing,literacy,177.0,,,,pct_students_b2_lt25,0.0,,"slide_chart (top band = >75%; rounded, sums 99-101)"
mastery_bands,quarter,Q4_2025,did_midline,Q4_2025|did_midline,,independent_writing,literacy,177.0,,,,pct_students_b3_25_50,13.0,,"slide_chart (top band = >75%; rounded, sums 99-101)"
mastery_bands,quarter,Q4_2025,did_midline,Q4_2025|did_midline,,independent_writing,literacy,177.0,,,,pct_students_b4_50_75,0.0,,"slide_chart (top band = >75%; rounded, sums 99-101)"
mastery_bands,quarter,Q4_2025,did_midline,Q4_2025|did_midline,,independent_writing,literacy,177.0,,,,pct_students_b5_75plus,28.0,,"slide_chart (top band = >75%; rounded, sums 99-101)"
mastery_bands,quarter,Q4_2025,did_midline,Q4_2025|did_midline,,independent_writing,literacy,177.0,,,,pct_students_tier_critical,60.0,,"slide_chart (top band = >75%; rounded, sums 99-101)"
mastery_bands,quarter,Q4_2025,did_midline,Q4_2025|did_midline,,independent_writing,literacy,177.0,,,,pct_students_tier_developing,13.0,,"slide_chart (top band = >75%; rounded, sums 99-101)"
mastery_bands,quarter,Q4_2025,did_midline,Q4_2025|did_midline,,independent_writing,literacy,177.0,,,,pct_students_tier_cleared,28.0,,"slide_chart (top band = >75%; rounded, sums 99-101)"
mastery_bands,month,2026-03,did_midline,2026-03|did_midline,,independent_writing,literacy,177.0,,,,pct_students_b1_0,60.0,,"slide_chart (top band = >75%; rounded, sums 99-101)"
mastery_bands,month,2026-03,did_midline,2026-03|did_midline,,independent_writing,literacy,177.0,,,,pct_students_b2_lt25,0.0,,"slide_chart (top band = >75%; rounded, sums 99-101)"
mastery_bands,month,2026-03,did_midline,2026-03|did_midline,,independent_writing,literacy,177.0,,,,pct_students_b3_25_50,13.0,,"slide_chart (top band = >75%; rounded, sums 99-101)"
mastery_bands,month,2026-03,did_midline,2026-03|did_midline,,independent_writing,literacy,177.0,,,,pct_students_b4_50_75,0.0,,"slide_chart (top band = >75%; rounded, sums 99-101)"
mastery_bands,month,2026-03,did_midline,2026-03|did_midline,,independent_writing,literacy,177.0,,,,pct_students_b5_75plus,28.0,,"slide_chart (top band = >75%; rounded, sums 99-101)"
mastery_bands,month,2026-03,did_midline,2026-03|did_midline,,independent_writing,literacy,177.0,,,,pct_students_tier_critical,60.0,,"slide_chart (top band = >75%; rounded, sums 99-101)"
mastery_bands,month,2026-03,did_midline,2026-03|did_midline,,independent_writing,literacy,177.0,,,,pct_students_tier_developing,13.0,,"slide_chart (top band = >75%; rounded, sums 99-101)"
mastery_bands,month,2026-03,did_midline,2026-03|did_midline,,independent_writing,literacy,177.0,,,,pct_students_tier_cleared,28.0,,"slide_chart (top band = >75%; rounded, sums 99-101)"
mastery_bands,quarter,Q4_2025,did_midline,Q4_2025|did_midline,,number_recognition,numeracy,177.0,,,,pct_students_b1_0,2.0,,"slide_chart (top band = >75%; rounded, sums 99-101)"
mastery_bands,quarter,Q4_2025,did_midline,Q4_2025|did_midline,,number_recognition,numeracy,177.0,,,,pct_students_b2_lt25,8.0,,"slide_chart (top band = >75%; rounded, sums 99-101)"
mastery_bands,quarter,Q4_2025,did_midline,Q4_2025|did_midline,,number_recognition,numeracy,177.0,,,,pct_students_b3_25_50,17.0,,"slide_chart (top band = >75%; rounded, sums 99-101)"
mastery_bands,quarter,Q4_2025,did_midline,Q4_2025|did_midline,,number_recognition,numeracy,177.0,,,,pct_students_b4_50_75,22.0,,"slide_chart (top band = >75%; rounded, sums 99-101)"
mastery_bands,quarter,Q4_2025,did_midline,Q4_2025|did_midline,,number_recognition,numeracy,177.0,,,,pct_students_b5_75plus,52.0,,"slide_chart (top band = >75%; rounded, sums 99-101)"
mastery_bands,quarter,Q4_2025,did_midline,Q4_2025|did_midline,,number_recognition,numeracy,177.0,,,,pct_students_tier_critical,10.0,,"slide_chart (top band = >75%; rounded, sums 99-101)"
mastery_bands,quarter,Q4_2025,did_midline,Q4_2025|did_midline,,number_recognition,numeracy,177.0,,,,pct_students_tier_developing,39.0,,"slide_chart (top band = >75%; rounded, sums 99-101)"
mastery_bands,quarter,Q4_2025,did_midline,Q4_2025|did_midline,,number_recognition,numeracy,177.0,,,,pct_students_tier_cleared,52.0,,"slide_chart (top band = >75%; rounded, sums 99-101)"
mastery_bands,month,2026-03,did_midline,2026-03|did_midline,,number_recognition,numeracy,177.0,,,,pct_students_b1_0,2.0,,"slide_chart (top band = >75%; rounded, sums 99-101)"
mastery_bands,month,2026-03,did_midline,2026-03|did_midline,,number_recognition,numeracy,177.0,,,,pct_students_b2_lt25,8.0,,"slide_chart (top band = >75%; rounded, sums 99-101)"
mastery_bands,month,2026-03,did_midline,2026-03|did_midline,,number_recognition,numeracy,177.0,,,,pct_students_b3_25_50,17.0,,"slide_chart (top band = >75%; rounded, sums 99-101)"
mastery_bands,month,2026-03,did_midline,2026-03|did_midline,,number_recognition,numeracy,177.0,,,,pct_students_b4_50_75,22.0,,"slide_chart (top band = >75%; rounded, sums 99-101)"
mastery_bands,month,2026-03,did_midline,2026-03|did_midline,,number_recognition,numeracy,177.0,,,,pct_students_b5_75plus,52.0,,"slide_chart (top band = >75%; rounded, sums 99-101)"
mastery_bands,month,2026-03,did_midline,2026-03|did_midline,,number_recognition,numeracy,177.0,,,,pct_students_tier_critical,10.0,,"slide_chart (top band = >75%; rounded, sums 99-101)"
mastery_bands,month,2026-03,did_midline,2026-03|did_midline,,number_recognition,numeracy,177.0,,,,pct_students_tier_developing,39.0,,"slide_chart (top band = >75%; rounded, sums 99-101)"
mastery_bands,month,2026-03,did_midline,2026-03|did_midline,,number_recognition,numeracy,177.0,,,,pct_students_tier_cleared,52.0,,"slide_chart (top band = >75%; rounded, sums 99-101)"
mastery_bands,quarter,Q4_2025,did_midline,Q4_2025|did_midline,,number_comparison,numeracy,177.0,,,,pct_students_b1_0,4.0,,"slide_chart (top band = >75%; rounded, sums 99-101)"
mastery_bands,quarter,Q4_2025,did_midline,Q4_2025|did_midline,,number_comparison,numeracy,177.0,,,,pct_students_b2_lt25,8.0,,"slide_chart (top band = >75%; rounded, sums 99-101)"
mastery_bands,quarter,Q4_2025,did_midline,Q4_2025|did_midline,,number_comparison,numeracy,177.0,,,,pct_students_b3_25_50,15.0,,"slide_chart (top band = >75%; rounded, sums 99-101)"
mastery_bands,quarter,Q4_2025,did_midline,Q4_2025|did_midline,,number_comparison,numeracy,177.0,,,,pct_students_b4_50_75,15.0,,"slide_chart (top band = >75%; rounded, sums 99-101)"
mastery_bands,quarter,Q4_2025,did_midline,Q4_2025|did_midline,,number_comparison,numeracy,177.0,,,,pct_students_b5_75plus,58.0,,"slide_chart (top band = >75%; rounded, sums 99-101)"
mastery_bands,quarter,Q4_2025,did_midline,Q4_2025|did_midline,,number_comparison,numeracy,177.0,,,,pct_students_tier_critical,12.0,,"slide_chart (top band = >75%; rounded, sums 99-101)"
mastery_bands,quarter,Q4_2025,did_midline,Q4_2025|did_midline,,number_comparison,numeracy,177.0,,,,pct_students_tier_developing,30.0,,"slide_chart (top band = >75%; rounded, sums 99-101)"
mastery_bands,quarter,Q4_2025,did_midline,Q4_2025|did_midline,,number_comparison,numeracy,177.0,,,,pct_students_tier_cleared,58.0,,"slide_chart (top band = >75%; rounded, sums 99-101)"
mastery_bands,month,2026-03,did_midline,2026-03|did_midline,,number_comparison,numeracy,177.0,,,,pct_students_b1_0,4.0,,"slide_chart (top band = >75%; rounded, sums 99-101)"
mastery_bands,month,2026-03,did_midline,2026-03|did_midline,,number_comparison,numeracy,177.0,,,,pct_students_b2_lt25,8.0,,"slide_chart (top band = >75%; rounded, sums 99-101)"
mastery_bands,month,2026-03,did_midline,2026-03|did_midline,,number_comparison,numeracy,177.0,,,,pct_students_b3_25_50,15.0,,"slide_chart (top band = >75%; rounded, sums 99-101)"
mastery_bands,month,2026-03,did_midline,2026-03|did_midline,,number_comparison,numeracy,177.0,,,,pct_students_b4_50_75,15.0,,"slide_chart (top band = >75%; rounded, sums 99-101)"
mastery_bands,month,2026-03,did_midline,2026-03|did_midline,,number_comparison,numeracy,177.0,,,,pct_students_b5_75plus,58.0,,"slide_chart (top band = >75%; rounded, sums 99-101)"
mastery_bands,month,2026-03,did_midline,2026-03|did_midline,,number_comparison,numeracy,177.0,,,,pct_students_tier_critical,12.0,,"slide_chart (top band = >75%; rounded, sums 99-101)"
mastery_bands,month,2026-03,did_midline,2026-03|did_midline,,number_comparison,numeracy,177.0,,,,pct_students_tier_developing,30.0,,"slide_chart (top band = >75%; rounded, sums 99-101)"
mastery_bands,month,2026-03,did_midline,2026-03|did_midline,,number_comparison,numeracy,177.0,,,,pct_students_tier_cleared,58.0,,"slide_chart (top band = >75%; rounded, sums 99-101)"
mastery_bands,quarter,Q4_2025,did_midline,Q4_2025|did_midline,,addition_2digit,numeracy,177.0,,,,pct_students_b1_0,11.0,,"slide_chart (top band = >75%; rounded, sums 99-101)"
mastery_bands,quarter,Q4_2025,did_midline,Q4_2025|did_midline,,addition_2digit,numeracy,177.0,,,,pct_students_b2_lt25,27.0,,"slide_chart (top band = >75%; rounded, sums 99-101)"
mastery_bands,quarter,Q4_2025,did_midline,Q4_2025|did_midline,,addition_2digit,numeracy,177.0,,,,pct_students_b3_25_50,13.0,,"slide_chart (top band = >75%; rounded, sums 99-101)"
mastery_bands,quarter,Q4_2025,did_midline,Q4_2025|did_midline,,addition_2digit,numeracy,177.0,,,,pct_students_b4_50_75,17.0,,"slide_chart (top band = >75%; rounded, sums 99-101)"
mastery_bands,quarter,Q4_2025,did_midline,Q4_2025|did_midline,,addition_2digit,numeracy,177.0,,,,pct_students_b5_75plus,31.0,,"slide_chart (top band = >75%; rounded, sums 99-101)"
mastery_bands,quarter,Q4_2025,did_midline,Q4_2025|did_midline,,addition_2digit,numeracy,177.0,,,,pct_students_tier_critical,38.0,,"slide_chart (top band = >75%; rounded, sums 99-101)"
mastery_bands,quarter,Q4_2025,did_midline,Q4_2025|did_midline,,addition_2digit,numeracy,177.0,,,,pct_students_tier_developing,30.0,,"slide_chart (top band = >75%; rounded, sums 99-101)"
mastery_bands,quarter,Q4_2025,did_midline,Q4_2025|did_midline,,addition_2digit,numeracy,177.0,,,,pct_students_tier_cleared,31.0,,"slide_chart (top band = >75%; rounded, sums 99-101)"
mastery_bands,month,2026-03,did_midline,2026-03|did_midline,,addition_2digit,numeracy,177.0,,,,pct_students_b1_0,11.0,,"slide_chart (top band = >75%; rounded, sums 99-101)"
mastery_bands,month,2026-03,did_midline,2026-03|did_midline,,addition_2digit,numeracy,177.0,,,,pct_students_b2_lt25,27.0,,"slide_chart (top band = >75%; rounded, sums 99-101)"
mastery_bands,month,2026-03,did_midline,2026-03|did_midline,,addition_2digit,numeracy,177.0,,,,pct_students_b3_25_50,13.0,,"slide_chart (top band = >75%; rounded, sums 99-101)"
mastery_bands,month,2026-03,did_midline,2026-03|did_midline,,addition_2digit,numeracy,177.0,,,,pct_students_b4_50_75,17.0,,"slide_chart (top band = >75%; rounded, sums 99-101)"
mastery_bands,month,2026-03,did_midline,2026-03|did_midline,,addition_2digit,numeracy,177.0,,,,pct_students_b5_75plus,31.0,,"slide_chart (top band = >75%; rounded, sums 99-101)"
mastery_bands,month,2026-03,did_midline,2026-03|did_midline,,addition_2digit,numeracy,177.0,,,,pct_students_tier_critical,38.0,,"slide_chart (top band = >75%; rounded, sums 99-101)"
mastery_bands,month,2026-03,did_midline,2026-03|did_midline,,addition_2digit,numeracy,177.0,,,,pct_students_tier_developing,30.0,,"slide_chart (top band = >75%; rounded, sums 99-101)"
mastery_bands,month,2026-03,did_midline,2026-03|did_midline,,addition_2digit,numeracy,177.0,,,,pct_students_tier_cleared,31.0,,"slide_chart (top band = >75%; rounded, sums 99-101)"
mastery_bands,quarter,Q4_2025,did_midline,Q4_2025|did_midline,,subtraction_2digit,numeracy,177.0,,,,pct_students_b1_0,19.0,,"slide_chart (top band = >75%; rounded, sums 99-101)"
mastery_bands,quarter,Q4_2025,did_midline,Q4_2025|did_midline,,subtraction_2digit,numeracy,177.0,,,,pct_students_b2_lt25,26.0,,"slide_chart (top band = >75%; rounded, sums 99-101)"
mastery_bands,quarter,Q4_2025,did_midline,Q4_2025|did_midline,,subtraction_2digit,numeracy,177.0,,,,pct_students_b3_25_50,15.0,,"slide_chart (top band = >75%; rounded, sums 99-101)"
mastery_bands,quarter,Q4_2025,did_midline,Q4_2025|did_midline,,subtraction_2digit,numeracy,177.0,,,,pct_students_b4_50_75,15.0,,"slide_chart (top band = >75%; rounded, sums 99-101)"
mastery_bands,quarter,Q4_2025,did_midline,Q4_2025|did_midline,,subtraction_2digit,numeracy,177.0,,,,pct_students_b5_75plus,25.0,,"slide_chart (top band = >75%; rounded, sums 99-101)"
mastery_bands,quarter,Q4_2025,did_midline,Q4_2025|did_midline,,subtraction_2digit,numeracy,177.0,,,,pct_students_tier_critical,45.0,,"slide_chart (top band = >75%; rounded, sums 99-101)"
mastery_bands,quarter,Q4_2025,did_midline,Q4_2025|did_midline,,subtraction_2digit,numeracy,177.0,,,,pct_students_tier_developing,30.0,,"slide_chart (top band = >75%; rounded, sums 99-101)"
mastery_bands,quarter,Q4_2025,did_midline,Q4_2025|did_midline,,subtraction_2digit,numeracy,177.0,,,,pct_students_tier_cleared,25.0,,"slide_chart (top band = >75%; rounded, sums 99-101)"
mastery_bands,month,2026-03,did_midline,2026-03|did_midline,,subtraction_2digit,numeracy,177.0,,,,pct_students_b1_0,19.0,,"slide_chart (top band = >75%; rounded, sums 99-101)"
mastery_bands,month,2026-03,did_midline,2026-03|did_midline,,subtraction_2digit,numeracy,177.0,,,,pct_students_b2_lt25,26.0,,"slide_chart (top band = >75%; rounded, sums 99-101)"
mastery_bands,month,2026-03,did_midline,2026-03|did_midline,,subtraction_2digit,numeracy,177.0,,,,pct_students_b3_25_50,15.0,,"slide_chart (top band = >75%; rounded, sums 99-101)"
mastery_bands,month,2026-03,did_midline,2026-03|did_midline,,subtraction_2digit,numeracy,177.0,,,,pct_students_b4_50_75,15.0,,"slide_chart (top band = >75%; rounded, sums 99-101)"
mastery_bands,month,2026-03,did_midline,2026-03|did_midline,,subtraction_2digit,numeracy,177.0,,,,pct_students_b5_75plus,25.0,,"slide_chart (top band = >75%; rounded, sums 99-101)"
mastery_bands,month,2026-03,did_midline,2026-03|did_midline,,subtraction_2digit,numeracy,177.0,,,,pct_students_tier_critical,45.0,,"slide_chart (top band = >75%; rounded, sums 99-101)"
mastery_bands,month,2026-03,did_midline,2026-03|did_midline,,subtraction_2digit,numeracy,177.0,,,,pct_students_tier_developing,30.0,,"slide_chart (top band = >75%; rounded, sums 99-101)"
mastery_bands,month,2026-03,did_midline,2026-03|did_midline,,subtraction_2digit,numeracy,177.0,,,,pct_students_tier_cleared,25.0,,"slide_chart (top band = >75%; rounded, sums 99-101)"
mastery_bands,quarter,Q4_2025,did_midline,Q4_2025|did_midline,,number_pattern,numeracy,177.0,,,,pct_students_b1_0,30.0,,"slide_chart (top band = >75%; rounded, sums 99-101)"
mastery_bands,quarter,Q4_2025,did_midline,Q4_2025|did_midline,,number_pattern,numeracy,177.0,,,,pct_students_b2_lt25,34.0,,"slide_chart (top band = >75%; rounded, sums 99-101)"
mastery_bands,quarter,Q4_2025,did_midline,Q4_2025|did_midline,,number_pattern,numeracy,177.0,,,,pct_students_b3_25_50,11.0,,"slide_chart (top band = >75%; rounded, sums 99-101)"
mastery_bands,quarter,Q4_2025,did_midline,Q4_2025|did_midline,,number_pattern,numeracy,177.0,,,,pct_students_b4_50_75,15.0,,"slide_chart (top band = >75%; rounded, sums 99-101)"
mastery_bands,quarter,Q4_2025,did_midline,Q4_2025|did_midline,,number_pattern,numeracy,177.0,,,,pct_students_b5_75plus,10.0,,"slide_chart (top band = >75%; rounded, sums 99-101)"
mastery_bands,quarter,Q4_2025,did_midline,Q4_2025|did_midline,,number_pattern,numeracy,177.0,,,,pct_students_tier_critical,64.0,,"slide_chart (top band = >75%; rounded, sums 99-101)"
mastery_bands,quarter,Q4_2025,did_midline,Q4_2025|did_midline,,number_pattern,numeracy,177.0,,,,pct_students_tier_developing,26.0,,"slide_chart (top band = >75%; rounded, sums 99-101)"
mastery_bands,quarter,Q4_2025,did_midline,Q4_2025|did_midline,,number_pattern,numeracy,177.0,,,,pct_students_tier_cleared,10.0,,"slide_chart (top band = >75%; rounded, sums 99-101)"
mastery_bands,month,2026-03,did_midline,2026-03|did_midline,,number_pattern,numeracy,177.0,,,,pct_students_b1_0,30.0,,"slide_chart (top band = >75%; rounded, sums 99-101)"
mastery_bands,month,2026-03,did_midline,2026-03|did_midline,,number_pattern,numeracy,177.0,,,,pct_students_b2_lt25,34.0,,"slide_chart (top band = >75%; rounded, sums 99-101)"
mastery_bands,month,2026-03,did_midline,2026-03|did_midline,,number_pattern,numeracy,177.0,,,,pct_students_b3_25_50,11.0,,"slide_chart (top band = >75%; rounded, sums 99-101)"
mastery_bands,month,2026-03,did_midline,2026-03|did_midline,,number_pattern,numeracy,177.0,,,,pct_students_b4_50_75,15.0,,"slide_chart (top band = >75%; rounded, sums 99-101)"
mastery_bands,month,2026-03,did_midline,2026-03|did_midline,,number_pattern,numeracy,177.0,,,,pct_students_b5_75plus,10.0,,"slide_chart (top band = >75%; rounded, sums 99-101)"
mastery_bands,month,2026-03,did_midline,2026-03|did_midline,,number_pattern,numeracy,177.0,,,,pct_students_tier_critical,64.0,,"slide_chart (top band = >75%; rounded, sums 99-101)"
mastery_bands,month,2026-03,did_midline,2026-03|did_midline,,number_pattern,numeracy,177.0,,,,pct_students_tier_developing,26.0,,"slide_chart (top band = >75%; rounded, sums 99-101)"
mastery_bands,month,2026-03,did_midline,2026-03|did_midline,,number_pattern,numeracy,177.0,,,,pct_students_tier_cleared,10.0,,"slide_chart (top band = >75%; rounded, sums 99-101)"
mastery_bands,quarter,Q4_2025,did_midline,Q4_2025|did_midline,,shapes_midline_unspecified,numeracy,177.0,,,,pct_students_b1_0,63.0,,"slide_chart (top band = >75%; rounded, sums 99-101)"
mastery_bands,quarter,Q4_2025,did_midline,Q4_2025|did_midline,,shapes_midline_unspecified,numeracy,177.0,,,,pct_students_b2_lt25,0.0,,"slide_chart (top band = >75%; rounded, sums 99-101)"
mastery_bands,quarter,Q4_2025,did_midline,Q4_2025|did_midline,,shapes_midline_unspecified,numeracy,177.0,,,,pct_students_b3_25_50,32.0,,"slide_chart (top band = >75%; rounded, sums 99-101)"
mastery_bands,quarter,Q4_2025,did_midline,Q4_2025|did_midline,,shapes_midline_unspecified,numeracy,177.0,,,,pct_students_b4_50_75,2.0,,"slide_chart (top band = >75%; rounded, sums 99-101)"
mastery_bands,quarter,Q4_2025,did_midline,Q4_2025|did_midline,,shapes_midline_unspecified,numeracy,177.0,,,,pct_students_b5_75plus,4.0,,"slide_chart (top band = >75%; rounded, sums 99-101)"
mastery_bands,quarter,Q4_2025,did_midline,Q4_2025|did_midline,,shapes_midline_unspecified,numeracy,177.0,,,,pct_students_tier_critical,63.0,,"slide_chart (top band = >75%; rounded, sums 99-101)"
mastery_bands,quarter,Q4_2025,did_midline,Q4_2025|did_midline,,shapes_midline_unspecified,numeracy,177.0,,,,pct_students_tier_developing,34.0,,"slide_chart (top band = >75%; rounded, sums 99-101)"
mastery_bands,quarter,Q4_2025,did_midline,Q4_2025|did_midline,,shapes_midline_unspecified,numeracy,177.0,,,,pct_students_tier_cleared,4.0,,"slide_chart (top band = >75%; rounded, sums 99-101)"
mastery_bands,month,2026-03,did_midline,2026-03|did_midline,,shapes_midline_unspecified,numeracy,177.0,,,,pct_students_b1_0,63.0,,"slide_chart (top band = >75%; rounded, sums 99-101)"
mastery_bands,month,2026-03,did_midline,2026-03|did_midline,,shapes_midline_unspecified,numeracy,177.0,,,,pct_students_b2_lt25,0.0,,"slide_chart (top band = >75%; rounded, sums 99-101)"
mastery_bands,month,2026-03,did_midline,2026-03|did_midline,,shapes_midline_unspecified,numeracy,177.0,,,,pct_students_b3_25_50,32.0,,"slide_chart (top band = >75%; rounded, sums 99-101)"
mastery_bands,month,2026-03,did_midline,2026-03|did_midline,,shapes_midline_unspecified,numeracy,177.0,,,,pct_students_b4_50_75,2.0,,"slide_chart (top band = >75%; rounded, sums 99-101)"
mastery_bands,month,2026-03,did_midline,2026-03|did_midline,,shapes_midline_unspecified,numeracy,177.0,,,,pct_students_b5_75plus,4.0,,"slide_chart (top band = >75%; rounded, sums 99-101)"
mastery_bands,month,2026-03,did_midline,2026-03|did_midline,,shapes_midline_unspecified,numeracy,177.0,,,,pct_students_tier_critical,63.0,,"slide_chart (top band = >75%; rounded, sums 99-101)"
mastery_bands,month,2026-03,did_midline,2026-03|did_midline,,shapes_midline_unspecified,numeracy,177.0,,,,pct_students_tier_developing,34.0,,"slide_chart (top band = >75%; rounded, sums 99-101)"
mastery_bands,month,2026-03,did_midline,2026-03|did_midline,,shapes_midline_unspecified,numeracy,177.0,,,,pct_students_tier_cleared,4.0,,"slide_chart (top band = >75%; rounded, sums 99-101)"
mastery_bands,quarter,Q4_2025,did_midline,Q4_2025|did_midline,,measurement,numeracy,177.0,,,,pct_students_b1_0,0.0,,"slide_chart (top band = >75%; rounded, sums 99-101)"
mastery_bands,quarter,Q4_2025,did_midline,Q4_2025|did_midline,,measurement,numeracy,177.0,,,,pct_students_b2_lt25,1.0,,"slide_chart (top band = >75%; rounded, sums 99-101)"
mastery_bands,quarter,Q4_2025,did_midline,Q4_2025|did_midline,,measurement,numeracy,177.0,,,,pct_students_b3_25_50,0.0,,"slide_chart (top band = >75%; rounded, sums 99-101)"
mastery_bands,quarter,Q4_2025,did_midline,Q4_2025|did_midline,,measurement,numeracy,177.0,,,,pct_students_b4_50_75,27.0,,"slide_chart (top band = >75%; rounded, sums 99-101)"
mastery_bands,quarter,Q4_2025,did_midline,Q4_2025|did_midline,,measurement,numeracy,177.0,,,,pct_students_b5_75plus,72.0,,"slide_chart (top band = >75%; rounded, sums 99-101)"
mastery_bands,quarter,Q4_2025,did_midline,Q4_2025|did_midline,,measurement,numeracy,177.0,,,,pct_students_tier_critical,1.0,,"slide_chart (top band = >75%; rounded, sums 99-101)"
mastery_bands,quarter,Q4_2025,did_midline,Q4_2025|did_midline,,measurement,numeracy,177.0,,,,pct_students_tier_developing,27.0,,"slide_chart (top band = >75%; rounded, sums 99-101)"
mastery_bands,quarter,Q4_2025,did_midline,Q4_2025|did_midline,,measurement,numeracy,177.0,,,,pct_students_tier_cleared,72.0,,"slide_chart (top band = >75%; rounded, sums 99-101)"
mastery_bands,month,2026-03,did_midline,2026-03|did_midline,,measurement,numeracy,177.0,,,,pct_students_b1_0,0.0,,"slide_chart (top band = >75%; rounded, sums 99-101)"
mastery_bands,month,2026-03,did_midline,2026-03|did_midline,,measurement,numeracy,177.0,,,,pct_students_b2_lt25,1.0,,"slide_chart (top band = >75%; rounded, sums 99-101)"
mastery_bands,month,2026-03,did_midline,2026-03|did_midline,,measurement,numeracy,177.0,,,,pct_students_b3_25_50,0.0,,"slide_chart (top band = >75%; rounded, sums 99-101)"
mastery_bands,month,2026-03,did_midline,2026-03|did_midline,,measurement,numeracy,177.0,,,,pct_students_b4_50_75,27.0,,"slide_chart (top band = >75%; rounded, sums 99-101)"
mastery_bands,month,2026-03,did_midline,2026-03|did_midline,,measurement,numeracy,177.0,,,,pct_students_b5_75plus,72.0,,"slide_chart (top band = >75%; rounded, sums 99-101)"
mastery_bands,month,2026-03,did_midline,2026-03|did_midline,,measurement,numeracy,177.0,,,,pct_students_tier_critical,1.0,,"slide_chart (top band = >75%; rounded, sums 99-101)"
mastery_bands,month,2026-03,did_midline,2026-03|did_midline,,measurement,numeracy,177.0,,,,pct_students_tier_developing,27.0,,"slide_chart (top band = >75%; rounded, sums 99-101)"
mastery_bands,month,2026-03,did_midline,2026-03|did_midline,,measurement,numeracy,177.0,,,,pct_students_tier_cleared,72.0,,"slide_chart (top band = >75%; rounded, sums 99-101)"
mastery_bands,quarter,Q4_2025,did_midline,Q4_2025|did_midline,,word_problem_addition,numeracy,177.0,,,,pct_students_b1_0,12.0,,"slide_chart (top band = >75%; rounded, sums 99-101)"
mastery_bands,quarter,Q4_2025,did_midline,Q4_2025|did_midline,,word_problem_addition,numeracy,177.0,,,,pct_students_b2_lt25,13.0,,"slide_chart (top band = >75%; rounded, sums 99-101)"
mastery_bands,quarter,Q4_2025,did_midline,Q4_2025|did_midline,,word_problem_addition,numeracy,177.0,,,,pct_students_b3_25_50,27.0,,"slide_chart (top band = >75%; rounded, sums 99-101)"
mastery_bands,quarter,Q4_2025,did_midline,Q4_2025|did_midline,,word_problem_addition,numeracy,177.0,,,,pct_students_b4_50_75,15.0,,"slide_chart (top band = >75%; rounded, sums 99-101)"
mastery_bands,quarter,Q4_2025,did_midline,Q4_2025|did_midline,,word_problem_addition,numeracy,177.0,,,,pct_students_b5_75plus,33.0,,"slide_chart (top band = >75%; rounded, sums 99-101)"
mastery_bands,quarter,Q4_2025,did_midline,Q4_2025|did_midline,,word_problem_addition,numeracy,177.0,,,,pct_students_tier_critical,25.0,,"slide_chart (top band = >75%; rounded, sums 99-101)"
mastery_bands,quarter,Q4_2025,did_midline,Q4_2025|did_midline,,word_problem_addition,numeracy,177.0,,,,pct_students_tier_developing,42.0,,"slide_chart (top band = >75%; rounded, sums 99-101)"
mastery_bands,quarter,Q4_2025,did_midline,Q4_2025|did_midline,,word_problem_addition,numeracy,177.0,,,,pct_students_tier_cleared,33.0,,"slide_chart (top band = >75%; rounded, sums 99-101)"
mastery_bands,month,2026-03,did_midline,2026-03|did_midline,,word_problem_addition,numeracy,177.0,,,,pct_students_b1_0,12.0,,"slide_chart (top band = >75%; rounded, sums 99-101)"
mastery_bands,month,2026-03,did_midline,2026-03|did_midline,,word_problem_addition,numeracy,177.0,,,,pct_students_b2_lt25,13.0,,"slide_chart (top band = >75%; rounded, sums 99-101)"
mastery_bands,month,2026-03,did_midline,2026-03|did_midline,,word_problem_addition,numeracy,177.0,,,,pct_students_b3_25_50,27.0,,"slide_chart (top band = >75%; rounded, sums 99-101)"
mastery_bands,month,2026-03,did_midline,2026-03|did_midline,,word_problem_addition,numeracy,177.0,,,,pct_students_b4_50_75,15.0,,"slide_chart (top band = >75%; rounded, sums 99-101)"
mastery_bands,month,2026-03,did_midline,2026-03|did_midline,,word_problem_addition,numeracy,177.0,,,,pct_students_b5_75plus,33.0,,"slide_chart (top band = >75%; rounded, sums 99-101)"
mastery_bands,month,2026-03,did_midline,2026-03|did_midline,,word_problem_addition,numeracy,177.0,,,,pct_students_tier_critical,25.0,,"slide_chart (top band = >75%; rounded, sums 99-101)"
mastery_bands,month,2026-03,did_midline,2026-03|did_midline,,word_problem_addition,numeracy,177.0,,,,pct_students_tier_developing,42.0,,"slide_chart (top band = >75%; rounded, sums 99-101)"
mastery_bands,month,2026-03,did_midline,2026-03|did_midline,,word_problem_addition,numeracy,177.0,,,,pct_students_tier_cleared,33.0,,"slide_chart (top band = >75%; rounded, sums 99-101)"
mastery_bands,quarter,Q4_2025,did_midline,Q4_2025|did_midline,,listening_comprehension,literacy,177.0,,,,pct_students_b1_0,9.0,,"slide_chart (top band = >75%; rounded, sums 99-101)"
mastery_bands,quarter,Q4_2025,did_midline,Q4_2025|did_midline,,listening_comprehension,literacy,177.0,,,,pct_students_b2_lt25,9.0,,"slide_chart (top band = >75%; rounded, sums 99-101)"
mastery_bands,quarter,Q4_2025,did_midline,Q4_2025|did_midline,,listening_comprehension,literacy,177.0,,,,pct_students_b3_25_50,15.0,,"slide_chart (top band = >75%; rounded, sums 99-101)"
mastery_bands,quarter,Q4_2025,did_midline,Q4_2025|did_midline,,listening_comprehension,literacy,177.0,,,,pct_students_b4_50_75,28.0,,"slide_chart (top band = >75%; rounded, sums 99-101)"
mastery_bands,quarter,Q4_2025,did_midline,Q4_2025|did_midline,,listening_comprehension,literacy,177.0,,,,pct_students_b5_75plus,38.0,,"slide_chart (top band = >75%; rounded, sums 99-101)"
mastery_bands,quarter,Q4_2025,did_midline,Q4_2025|did_midline,,listening_comprehension,literacy,177.0,,,,pct_students_tier_critical,18.0,,"slide_chart (top band = >75%; rounded, sums 99-101)"
mastery_bands,quarter,Q4_2025,did_midline,Q4_2025|did_midline,,listening_comprehension,literacy,177.0,,,,pct_students_tier_developing,43.0,,"slide_chart (top band = >75%; rounded, sums 99-101)"
mastery_bands,quarter,Q4_2025,did_midline,Q4_2025|did_midline,,listening_comprehension,literacy,177.0,,,,pct_students_tier_cleared,38.0,,"slide_chart (top band = >75%; rounded, sums 99-101)"
mastery_bands,month,2026-03,did_midline,2026-03|did_midline,,listening_comprehension,literacy,177.0,,,,pct_students_b1_0,9.0,,"slide_chart (top band = >75%; rounded, sums 99-101)"
mastery_bands,month,2026-03,did_midline,2026-03|did_midline,,listening_comprehension,literacy,177.0,,,,pct_students_b2_lt25,9.0,,"slide_chart (top band = >75%; rounded, sums 99-101)"
mastery_bands,month,2026-03,did_midline,2026-03|did_midline,,listening_comprehension,literacy,177.0,,,,pct_students_b3_25_50,15.0,,"slide_chart (top band = >75%; rounded, sums 99-101)"
mastery_bands,month,2026-03,did_midline,2026-03|did_midline,,listening_comprehension,literacy,177.0,,,,pct_students_b4_50_75,28.0,,"slide_chart (top band = >75%; rounded, sums 99-101)"
mastery_bands,month,2026-03,did_midline,2026-03|did_midline,,listening_comprehension,literacy,177.0,,,,pct_students_b5_75plus,38.0,,"slide_chart (top band = >75%; rounded, sums 99-101)"
mastery_bands,month,2026-03,did_midline,2026-03|did_midline,,listening_comprehension,literacy,177.0,,,,pct_students_tier_critical,18.0,,"slide_chart (top band = >75%; rounded, sums 99-101)"
mastery_bands,month,2026-03,did_midline,2026-03|did_midline,,listening_comprehension,literacy,177.0,,,,pct_students_tier_developing,43.0,,"slide_chart (top band = >75%; rounded, sums 99-101)"
mastery_bands,month,2026-03,did_midline,2026-03|did_midline,,listening_comprehension,literacy,177.0,,,,pct_students_tier_cleared,38.0,,"slide_chart (top band = >75%; rounded, sums 99-101)"
mastery_bands,quarter,Q4_2025,did_midline,Q4_2025|did_midline,,oral_vocabulary,literacy,177.0,,,,pct_students_b1_0,0.0,,"slide_chart (top band = >75%; rounded, sums 99-101)"
mastery_bands,quarter,Q4_2025,did_midline,Q4_2025|did_midline,,oral_vocabulary,literacy,177.0,,,,pct_students_b2_lt25,0.0,,"slide_chart (top band = >75%; rounded, sums 99-101)"
mastery_bands,quarter,Q4_2025,did_midline,Q4_2025|did_midline,,oral_vocabulary,literacy,177.0,,,,pct_students_b3_25_50,0.0,,"slide_chart (top band = >75%; rounded, sums 99-101)"
mastery_bands,quarter,Q4_2025,did_midline,Q4_2025|did_midline,,oral_vocabulary,literacy,177.0,,,,pct_students_b4_50_75,0.0,,"slide_chart (top band = >75%; rounded, sums 99-101)"
mastery_bands,quarter,Q4_2025,did_midline,Q4_2025|did_midline,,oral_vocabulary,literacy,177.0,,,,pct_students_b5_75plus,100.0,,"slide_chart (top band = >75%; rounded, sums 99-101)"
mastery_bands,quarter,Q4_2025,did_midline,Q4_2025|did_midline,,oral_vocabulary,literacy,177.0,,,,pct_students_tier_critical,0.0,,"slide_chart (top band = >75%; rounded, sums 99-101)"
mastery_bands,quarter,Q4_2025,did_midline,Q4_2025|did_midline,,oral_vocabulary,literacy,177.0,,,,pct_students_tier_developing,0.0,,"slide_chart (top band = >75%; rounded, sums 99-101)"
mastery_bands,quarter,Q4_2025,did_midline,Q4_2025|did_midline,,oral_vocabulary,literacy,177.0,,,,pct_students_tier_cleared,100.0,,"slide_chart (top band = >75%; rounded, sums 99-101)"
mastery_bands,month,2026-03,did_midline,2026-03|did_midline,,oral_vocabulary,literacy,177.0,,,,pct_students_b1_0,0.0,,"slide_chart (top band = >75%; rounded, sums 99-101)"
mastery_bands,month,2026-03,did_midline,2026-03|did_midline,,oral_vocabulary,literacy,177.0,,,,pct_students_b2_lt25,0.0,,"slide_chart (top band = >75%; rounded, sums 99-101)"
mastery_bands,month,2026-03,did_midline,2026-03|did_midline,,oral_vocabulary,literacy,177.0,,,,pct_students_b3_25_50,0.0,,"slide_chart (top band = >75%; rounded, sums 99-101)"
mastery_bands,month,2026-03,did_midline,2026-03|did_midline,,oral_vocabulary,literacy,177.0,,,,pct_students_b4_50_75,0.0,,"slide_chart (top band = >75%; rounded, sums 99-101)"
mastery_bands,month,2026-03,did_midline,2026-03|did_midline,,oral_vocabulary,literacy,177.0,,,,pct_students_b5_75plus,100.0,,"slide_chart (top band = >75%; rounded, sums 99-101)"
mastery_bands,month,2026-03,did_midline,2026-03|did_midline,,oral_vocabulary,literacy,177.0,,,,pct_students_tier_critical,0.0,,"slide_chart (top band = >75%; rounded, sums 99-101)"
mastery_bands,month,2026-03,did_midline,2026-03|did_midline,,oral_vocabulary,literacy,177.0,,,,pct_students_tier_developing,0.0,,"slide_chart (top band = >75%; rounded, sums 99-101)"
mastery_bands,month,2026-03,did_midline,2026-03|did_midline,,oral_vocabulary,literacy,177.0,,,,pct_students_tier_cleared,100.0,,"slide_chart (top band = >75%; rounded, sums 99-101)"
mastery_bands,quarter,Q4_2025,did_midline,Q4_2025|did_midline,,picture_comprehension,literacy,177.0,,,,pct_students_b1_0,0.0,,"slide_chart (top band = >75%; rounded, sums 99-101)"
mastery_bands,quarter,Q4_2025,did_midline,Q4_2025|did_midline,,picture_comprehension,literacy,177.0,,,,pct_students_b2_lt25,0.0,,"slide_chart (top band = >75%; rounded, sums 99-101)"
mastery_bands,quarter,Q4_2025,did_midline,Q4_2025|did_midline,,picture_comprehension,literacy,177.0,,,,pct_students_b3_25_50,0.0,,"slide_chart (top band = >75%; rounded, sums 99-101)"
mastery_bands,quarter,Q4_2025,did_midline,Q4_2025|did_midline,,picture_comprehension,literacy,177.0,,,,pct_students_b4_50_75,9.0,,"slide_chart (top band = >75%; rounded, sums 99-101)"
mastery_bands,quarter,Q4_2025,did_midline,Q4_2025|did_midline,,picture_comprehension,literacy,177.0,,,,pct_students_b5_75plus,91.0,,"slide_chart (top band = >75%; rounded, sums 99-101)"
mastery_bands,quarter,Q4_2025,did_midline,Q4_2025|did_midline,,picture_comprehension,literacy,177.0,,,,pct_students_tier_critical,0.0,,"slide_chart (top band = >75%; rounded, sums 99-101)"
mastery_bands,quarter,Q4_2025,did_midline,Q4_2025|did_midline,,picture_comprehension,literacy,177.0,,,,pct_students_tier_developing,9.0,,"slide_chart (top band = >75%; rounded, sums 99-101)"
mastery_bands,quarter,Q4_2025,did_midline,Q4_2025|did_midline,,picture_comprehension,literacy,177.0,,,,pct_students_tier_cleared,91.0,,"slide_chart (top band = >75%; rounded, sums 99-101)"
mastery_bands,month,2026-03,did_midline,2026-03|did_midline,,picture_comprehension,literacy,177.0,,,,pct_students_b1_0,0.0,,"slide_chart (top band = >75%; rounded, sums 99-101)"
mastery_bands,month,2026-03,did_midline,2026-03|did_midline,,picture_comprehension,literacy,177.0,,,,pct_students_b2_lt25,0.0,,"slide_chart (top band = >75%; rounded, sums 99-101)"
mastery_bands,month,2026-03,did_midline,2026-03|did_midline,,picture_comprehension,literacy,177.0,,,,pct_students_b3_25_50,0.0,,"slide_chart (top band = >75%; rounded, sums 99-101)"
mastery_bands,month,2026-03,did_midline,2026-03|did_midline,,picture_comprehension,literacy,177.0,,,,pct_students_b4_50_75,9.0,,"slide_chart (top band = >75%; rounded, sums 99-101)"
mastery_bands,month,2026-03,did_midline,2026-03|did_midline,,picture_comprehension,literacy,177.0,,,,pct_students_b5_75plus,91.0,,"slide_chart (top band = >75%; rounded, sums 99-101)"
mastery_bands,month,2026-03,did_midline,2026-03|did_midline,,picture_comprehension,literacy,177.0,,,,pct_students_tier_critical,0.0,,"slide_chart (top band = >75%; rounded, sums 99-101)"
mastery_bands,month,2026-03,did_midline,2026-03|did_midline,,picture_comprehension,literacy,177.0,,,,pct_students_tier_developing,9.0,,"slide_chart (top band = >75%; rounded, sums 99-101)"
mastery_bands,month,2026-03,did_midline,2026-03|did_midline,,picture_comprehension,literacy,177.0,,,,pct_students_tier_cleared,91.0,,"slide_chart (top band = >75%; rounded, sums 99-101)"
mastery_bands,quarter,Q4_2025,did_midline,Q4_2025|did_midline,,word_reading,literacy,177.0,,,,pct_students_b1_0,5.0,,"slide_chart (top band = >75%; rounded, sums 99-101)"
mastery_bands,quarter,Q4_2025,did_midline,Q4_2025|did_midline,,word_reading,literacy,177.0,,,,pct_students_b2_lt25,5.0,,"slide_chart (top band = >75%; rounded, sums 99-101)"
mastery_bands,quarter,Q4_2025,did_midline,Q4_2025|did_midline,,word_reading,literacy,177.0,,,,pct_students_b3_25_50,8.0,,"slide_chart (top band = >75%; rounded, sums 99-101)"
mastery_bands,quarter,Q4_2025,did_midline,Q4_2025|did_midline,,word_reading,literacy,177.0,,,,pct_students_b4_50_75,12.0,,"slide_chart (top band = >75%; rounded, sums 99-101)"
mastery_bands,quarter,Q4_2025,did_midline,Q4_2025|did_midline,,word_reading,literacy,177.0,,,,pct_students_b5_75plus,70.0,,"slide_chart (top band = >75%; rounded, sums 99-101)"
mastery_bands,quarter,Q4_2025,did_midline,Q4_2025|did_midline,,word_reading,literacy,177.0,,,,pct_students_tier_critical,10.0,,"slide_chart (top band = >75%; rounded, sums 99-101)"
mastery_bands,quarter,Q4_2025,did_midline,Q4_2025|did_midline,,word_reading,literacy,177.0,,,,pct_students_tier_developing,20.0,,"slide_chart (top band = >75%; rounded, sums 99-101)"
mastery_bands,quarter,Q4_2025,did_midline,Q4_2025|did_midline,,word_reading,literacy,177.0,,,,pct_students_tier_cleared,70.0,,"slide_chart (top band = >75%; rounded, sums 99-101)"
mastery_bands,month,2026-03,did_midline,2026-03|did_midline,,word_reading,literacy,177.0,,,,pct_students_b1_0,5.0,,"slide_chart (top band = >75%; rounded, sums 99-101)"
mastery_bands,month,2026-03,did_midline,2026-03|did_midline,,word_reading,literacy,177.0,,,,pct_students_b2_lt25,5.0,,"slide_chart (top band = >75%; rounded, sums 99-101)"
mastery_bands,month,2026-03,did_midline,2026-03|did_midline,,word_reading,literacy,177.0,,,,pct_students_b3_25_50,8.0,,"slide_chart (top band = >75%; rounded, sums 99-101)"
mastery_bands,month,2026-03,did_midline,2026-03|did_midline,,word_reading,literacy,177.0,,,,pct_students_b4_50_75,12.0,,"slide_chart (top band = >75%; rounded, sums 99-101)"
mastery_bands,month,2026-03,did_midline,2026-03|did_midline,,word_reading,literacy,177.0,,,,pct_students_b5_75plus,70.0,,"slide_chart (top band = >75%; rounded, sums 99-101)"
mastery_bands,month,2026-03,did_midline,2026-03|did_midline,,word_reading,literacy,177.0,,,,pct_students_tier_critical,10.0,,"slide_chart (top band = >75%; rounded, sums 99-101)"
mastery_bands,month,2026-03,did_midline,2026-03|did_midline,,word_reading,literacy,177.0,,,,pct_students_tier_developing,20.0,,"slide_chart (top band = >75%; rounded, sums 99-101)"
mastery_bands,month,2026-03,did_midline,2026-03|did_midline,,word_reading,literacy,177.0,,,,pct_students_tier_cleared,70.0,,"slide_chart (top band = >75%; rounded, sums 99-101)"
mastery_bands,quarter,Q4_2025,did_midline,Q4_2025|did_midline,,sentence_reading,literacy,177.0,,,,pct_students_b1_0,22.0,,"slide_chart (top band = >75%; rounded, sums 99-101)"
mastery_bands,quarter,Q4_2025,did_midline,Q4_2025|did_midline,,sentence_reading,literacy,177.0,,,,pct_students_b2_lt25,5.0,,"slide_chart (top band = >75%; rounded, sums 99-101)"
mastery_bands,quarter,Q4_2025,did_midline,Q4_2025|did_midline,,sentence_reading,literacy,177.0,,,,pct_students_b3_25_50,8.0,,"slide_chart (top band = >75%; rounded, sums 99-101)"
mastery_bands,quarter,Q4_2025,did_midline,Q4_2025|did_midline,,sentence_reading,literacy,177.0,,,,pct_students_b4_50_75,8.0,,"slide_chart (top band = >75%; rounded, sums 99-101)"
mastery_bands,quarter,Q4_2025,did_midline,Q4_2025|did_midline,,sentence_reading,literacy,177.0,,,,pct_students_b5_75plus,57.0,,"slide_chart (top band = >75%; rounded, sums 99-101)"
mastery_bands,quarter,Q4_2025,did_midline,Q4_2025|did_midline,,sentence_reading,literacy,177.0,,,,pct_students_tier_critical,27.0,,"slide_chart (top band = >75%; rounded, sums 99-101)"
mastery_bands,quarter,Q4_2025,did_midline,Q4_2025|did_midline,,sentence_reading,literacy,177.0,,,,pct_students_tier_developing,16.0,,"slide_chart (top band = >75%; rounded, sums 99-101)"
mastery_bands,quarter,Q4_2025,did_midline,Q4_2025|did_midline,,sentence_reading,literacy,177.0,,,,pct_students_tier_cleared,57.0,,"slide_chart (top band = >75%; rounded, sums 99-101)"
mastery_bands,month,2026-03,did_midline,2026-03|did_midline,,sentence_reading,literacy,177.0,,,,pct_students_b1_0,22.0,,"slide_chart (top band = >75%; rounded, sums 99-101)"
mastery_bands,month,2026-03,did_midline,2026-03|did_midline,,sentence_reading,literacy,177.0,,,,pct_students_b2_lt25,5.0,,"slide_chart (top band = >75%; rounded, sums 99-101)"
mastery_bands,month,2026-03,did_midline,2026-03|did_midline,,sentence_reading,literacy,177.0,,,,pct_students_b3_25_50,8.0,,"slide_chart (top band = >75%; rounded, sums 99-101)"
mastery_bands,month,2026-03,did_midline,2026-03|did_midline,,sentence_reading,literacy,177.0,,,,pct_students_b4_50_75,8.0,,"slide_chart (top band = >75%; rounded, sums 99-101)"
mastery_bands,month,2026-03,did_midline,2026-03|did_midline,,sentence_reading,literacy,177.0,,,,pct_students_b5_75plus,57.0,,"slide_chart (top band = >75%; rounded, sums 99-101)"
mastery_bands,month,2026-03,did_midline,2026-03|did_midline,,sentence_reading,literacy,177.0,,,,pct_students_tier_critical,27.0,,"slide_chart (top band = >75%; rounded, sums 99-101)"
mastery_bands,month,2026-03,did_midline,2026-03|did_midline,,sentence_reading,literacy,177.0,,,,pct_students_tier_developing,16.0,,"slide_chart (top band = >75%; rounded, sums 99-101)"
mastery_bands,month,2026-03,did_midline,2026-03|did_midline,,sentence_reading,literacy,177.0,,,,pct_students_tier_cleared,57.0,,"slide_chart (top band = >75%; rounded, sums 99-101)"
mastery_bands,quarter,Q4_2025,did_midline,Q4_2025|did_midline,,reading_comprehension,literacy,177.0,,,,pct_students_b1_0,27.0,,"slide_chart (top band = >75%; rounded, sums 99-101)"
mastery_bands,quarter,Q4_2025,did_midline,Q4_2025|did_midline,,reading_comprehension,literacy,177.0,,,,pct_students_b2_lt25,6.0,,"slide_chart (top band = >75%; rounded, sums 99-101)"
mastery_bands,quarter,Q4_2025,did_midline,Q4_2025|did_midline,,reading_comprehension,literacy,177.0,,,,pct_students_b3_25_50,10.0,,"slide_chart (top band = >75%; rounded, sums 99-101)"
mastery_bands,quarter,Q4_2025,did_midline,Q4_2025|did_midline,,reading_comprehension,literacy,177.0,,,,pct_students_b4_50_75,9.0,,"slide_chart (top band = >75%; rounded, sums 99-101)"
mastery_bands,quarter,Q4_2025,did_midline,Q4_2025|did_midline,,reading_comprehension,literacy,177.0,,,,pct_students_b5_75plus,47.0,,"slide_chart (top band = >75%; rounded, sums 99-101)"
mastery_bands,quarter,Q4_2025,did_midline,Q4_2025|did_midline,,reading_comprehension,literacy,177.0,,,,pct_students_tier_critical,33.0,,"slide_chart (top band = >75%; rounded, sums 99-101)"
mastery_bands,quarter,Q4_2025,did_midline,Q4_2025|did_midline,,reading_comprehension,literacy,177.0,,,,pct_students_tier_developing,19.0,,"slide_chart (top band = >75%; rounded, sums 99-101)"
mastery_bands,quarter,Q4_2025,did_midline,Q4_2025|did_midline,,reading_comprehension,literacy,177.0,,,,pct_students_tier_cleared,47.0,,"slide_chart (top band = >75%; rounded, sums 99-101)"
mastery_bands,month,2026-03,did_midline,2026-03|did_midline,,reading_comprehension,literacy,177.0,,,,pct_students_b1_0,27.0,,"slide_chart (top band = >75%; rounded, sums 99-101)"
mastery_bands,month,2026-03,did_midline,2026-03|did_midline,,reading_comprehension,literacy,177.0,,,,pct_students_b2_lt25,6.0,,"slide_chart (top band = >75%; rounded, sums 99-101)"
mastery_bands,month,2026-03,did_midline,2026-03|did_midline,,reading_comprehension,literacy,177.0,,,,pct_students_b3_25_50,10.0,,"slide_chart (top band = >75%; rounded, sums 99-101)"
mastery_bands,month,2026-03,did_midline,2026-03|did_midline,,reading_comprehension,literacy,177.0,,,,pct_students_b4_50_75,9.0,,"slide_chart (top band = >75%; rounded, sums 99-101)"
mastery_bands,month,2026-03,did_midline,2026-03|did_midline,,reading_comprehension,literacy,177.0,,,,pct_students_b5_75plus,47.0,,"slide_chart (top band = >75%; rounded, sums 99-101)"
mastery_bands,month,2026-03,did_midline,2026-03|did_midline,,reading_comprehension,literacy,177.0,,,,pct_students_tier_critical,33.0,,"slide_chart (top band = >75%; rounded, sums 99-101)"
mastery_bands,month,2026-03,did_midline,2026-03|did_midline,,reading_comprehension,literacy,177.0,,,,pct_students_tier_developing,19.0,,"slide_chart (top band = >75%; rounded, sums 99-101)"
mastery_bands,month,2026-03,did_midline,2026-03|did_midline,,reading_comprehension,literacy,177.0,,,,pct_students_tier_cleared,47.0,,"slide_chart (top band = >75%; rounded, sums 99-101)"
mastery_bands,quarter,Q4_2025,did_midline,Q4_2025|did_midline,,letter_naming_fluency,literacy,177.0,,,,pct_students_cpm_0,2.0,,"slide_chart (top band = >75%; rounded, sums 99-101)"
mastery_bands,quarter,Q4_2025,did_midline,Q4_2025|did_midline,,letter_naming_fluency,literacy,177.0,,,,pct_students_cpm_1-15,12.0,,"slide_chart (top band = >75%; rounded, sums 99-101)"
mastery_bands,quarter,Q4_2025,did_midline,Q4_2025|did_midline,,letter_naming_fluency,literacy,177.0,,,,pct_students_cpm_16-29,21.0,,"slide_chart (top band = >75%; rounded, sums 99-101)"
mastery_bands,quarter,Q4_2025,did_midline,Q4_2025|did_midline,,letter_naming_fluency,literacy,177.0,,,,pct_students_cpm_30-44,30.0,,"slide_chart (top band = >75%; rounded, sums 99-101)"
mastery_bands,quarter,Q4_2025,did_midline,Q4_2025|did_midline,,letter_naming_fluency,literacy,177.0,,,,pct_students_cpm_45-59,21.0,,"slide_chart (top band = >75%; rounded, sums 99-101)"
mastery_bands,quarter,Q4_2025,did_midline,Q4_2025|did_midline,,letter_naming_fluency,literacy,177.0,,,,pct_students_cpm_60+,14.0,,"slide_chart (top band = >75%; rounded, sums 99-101)"
mastery_bands,month,2026-03,did_midline,2026-03|did_midline,,letter_naming_fluency,literacy,177.0,,,,pct_students_cpm_0,2.0,,"slide_chart (top band = >75%; rounded, sums 99-101)"
mastery_bands,month,2026-03,did_midline,2026-03|did_midline,,letter_naming_fluency,literacy,177.0,,,,pct_students_cpm_1-15,12.0,,"slide_chart (top band = >75%; rounded, sums 99-101)"
mastery_bands,month,2026-03,did_midline,2026-03|did_midline,,letter_naming_fluency,literacy,177.0,,,,pct_students_cpm_16-29,21.0,,"slide_chart (top band = >75%; rounded, sums 99-101)"
mastery_bands,month,2026-03,did_midline,2026-03|did_midline,,letter_naming_fluency,literacy,177.0,,,,pct_students_cpm_30-44,30.0,,"slide_chart (top band = >75%; rounded, sums 99-101)"
mastery_bands,month,2026-03,did_midline,2026-03|did_midline,,letter_naming_fluency,literacy,177.0,,,,pct_students_cpm_45-59,21.0,,"slide_chart (top band = >75%; rounded, sums 99-101)"
mastery_bands,month,2026-03,did_midline,2026-03|did_midline,,letter_naming_fluency,literacy,177.0,,,,pct_students_cpm_60+,14.0,,"slide_chart (top band = >75%; rounded, sums 99-101)"
mastery_bands,quarter,Q4_2025,did_midline,Q4_2025|did_midline,,word_reading_fluency,literacy,177.0,,,,pct_students_cpm_0,6.0,,"slide_chart (top band = >75%; rounded, sums 99-101)"
mastery_bands,quarter,Q4_2025,did_midline,Q4_2025|did_midline,,word_reading_fluency,literacy,177.0,,,,pct_students_cpm_1-15,34.0,,"slide_chart (top band = >75%; rounded, sums 99-101)"
mastery_bands,quarter,Q4_2025,did_midline,Q4_2025|did_midline,,word_reading_fluency,literacy,177.0,,,,pct_students_cpm_16-29,26.0,,"slide_chart (top band = >75%; rounded, sums 99-101)"
mastery_bands,quarter,Q4_2025,did_midline,Q4_2025|did_midline,,word_reading_fluency,literacy,177.0,,,,pct_students_cpm_30-44,27.0,,"slide_chart (top band = >75%; rounded, sums 99-101)"
mastery_bands,quarter,Q4_2025,did_midline,Q4_2025|did_midline,,word_reading_fluency,literacy,177.0,,,,pct_students_cpm_45-59,7.0,,"slide_chart (top band = >75%; rounded, sums 99-101)"
mastery_bands,quarter,Q4_2025,did_midline,Q4_2025|did_midline,,word_reading_fluency,literacy,177.0,,,,pct_students_cpm_60+,1.0,,"slide_chart (top band = >75%; rounded, sums 99-101)"
mastery_bands,month,2026-03,did_midline,2026-03|did_midline,,word_reading_fluency,literacy,177.0,,,,pct_students_cpm_0,6.0,,"slide_chart (top band = >75%; rounded, sums 99-101)"
mastery_bands,month,2026-03,did_midline,2026-03|did_midline,,word_reading_fluency,literacy,177.0,,,,pct_students_cpm_1-15,34.0,,"slide_chart (top band = >75%; rounded, sums 99-101)"
mastery_bands,month,2026-03,did_midline,2026-03|did_midline,,word_reading_fluency,literacy,177.0,,,,pct_students_cpm_16-29,26.0,,"slide_chart (top band = >75%; rounded, sums 99-101)"
mastery_bands,month,2026-03,did_midline,2026-03|did_midline,,word_reading_fluency,literacy,177.0,,,,pct_students_cpm_30-44,27.0,,"slide_chart (top band = >75%; rounded, sums 99-101)"
mastery_bands,month,2026-03,did_midline,2026-03|did_midline,,word_reading_fluency,literacy,177.0,,,,pct_students_cpm_45-59,7.0,,"slide_chart (top band = >75%; rounded, sums 99-101)"
mastery_bands,month,2026-03,did_midline,2026-03|did_midline,,word_reading_fluency,literacy,177.0,,,,pct_students_cpm_60+,1.0,,"slide_chart (top band = >75%; rounded, sums 99-101)"
mastery_bands,quarter,Q4_2025,did_midline,Q4_2025|did_midline,,place_value_bundles,numeracy,177.0,,,,pct_students_b1_0,11.0,,"slide_chart (top band = >75%; rounded, sums 99-101)"
mastery_bands,quarter,Q4_2025,did_midline,Q4_2025|did_midline,,place_value_bundles,numeracy,177.0,,,,pct_students_b2_lt25,19.0,,"slide_chart (top band = >75%; rounded, sums 99-101)"
mastery_bands,quarter,Q4_2025,did_midline,Q4_2025|did_midline,,place_value_bundles,numeracy,177.0,,,,pct_students_b3_25_50,18.0,,"slide_chart (top band = >75%; rounded, sums 99-101)"
mastery_bands,quarter,Q4_2025,did_midline,Q4_2025|did_midline,,place_value_bundles,numeracy,177.0,,,,pct_students_b4_50_75,24.0,,"slide_chart (top band = >75%; rounded, sums 99-101)"
mastery_bands,quarter,Q4_2025,did_midline,Q4_2025|did_midline,,place_value_bundles,numeracy,177.0,,,,pct_students_b5_75plus,29.0,,"slide_chart (top band = >75%; rounded, sums 99-101)"
mastery_bands,quarter,Q4_2025,did_midline,Q4_2025|did_midline,,place_value_bundles,numeracy,177.0,,,,pct_students_tier_critical,30.0,,"slide_chart (top band = >75%; rounded, sums 99-101)"
mastery_bands,quarter,Q4_2025,did_midline,Q4_2025|did_midline,,place_value_bundles,numeracy,177.0,,,,pct_students_tier_developing,42.0,,"slide_chart (top band = >75%; rounded, sums 99-101)"
mastery_bands,quarter,Q4_2025,did_midline,Q4_2025|did_midline,,place_value_bundles,numeracy,177.0,,,,pct_students_tier_cleared,29.0,,"slide_chart (top band = >75%; rounded, sums 99-101)"
mastery_bands,month,2026-03,did_midline,2026-03|did_midline,,place_value_bundles,numeracy,177.0,,,,pct_students_b1_0,11.0,,"slide_chart (top band = >75%; rounded, sums 99-101)"
mastery_bands,month,2026-03,did_midline,2026-03|did_midline,,place_value_bundles,numeracy,177.0,,,,pct_students_b2_lt25,19.0,,"slide_chart (top band = >75%; rounded, sums 99-101)"
mastery_bands,month,2026-03,did_midline,2026-03|did_midline,,place_value_bundles,numeracy,177.0,,,,pct_students_b3_25_50,18.0,,"slide_chart (top band = >75%; rounded, sums 99-101)"
mastery_bands,month,2026-03,did_midline,2026-03|did_midline,,place_value_bundles,numeracy,177.0,,,,pct_students_b4_50_75,24.0,,"slide_chart (top band = >75%; rounded, sums 99-101)"
mastery_bands,month,2026-03,did_midline,2026-03|did_midline,,place_value_bundles,numeracy,177.0,,,,pct_students_b5_75plus,29.0,,"slide_chart (top band = >75%; rounded, sums 99-101)"
mastery_bands,month,2026-03,did_midline,2026-03|did_midline,,place_value_bundles,numeracy,177.0,,,,pct_students_tier_critical,30.0,,"slide_chart (top band = >75%; rounded, sums 99-101)"
mastery_bands,month,2026-03,did_midline,2026-03|did_midline,,place_value_bundles,numeracy,177.0,,,,pct_students_tier_developing,42.0,,"slide_chart (top band = >75%; rounded, sums 99-101)"
mastery_bands,month,2026-03,did_midline,2026-03|did_midline,,place_value_bundles,numeracy,177.0,,,,pct_students_tier_cleared,29.0,,"slide_chart (top band = >75%; rounded, sums 99-101)"
mastery_bands,quarter,Q4_2025,did_midline,Q4_2025|did_midline,,word_problem_subtraction,numeracy,177.0,,,,pct_students_b1_0,20.0,,"slide_chart (top band = >75%; rounded, sums 99-101)"
mastery_bands,quarter,Q4_2025,did_midline,Q4_2025|did_midline,,word_problem_subtraction,numeracy,177.0,,,,pct_students_b2_lt25,20.0,,"slide_chart (top band = >75%; rounded, sums 99-101)"
mastery_bands,quarter,Q4_2025,did_midline,Q4_2025|did_midline,,word_problem_subtraction,numeracy,177.0,,,,pct_students_b3_25_50,22.0,,"slide_chart (top band = >75%; rounded, sums 99-101)"
mastery_bands,quarter,Q4_2025,did_midline,Q4_2025|did_midline,,word_problem_subtraction,numeracy,177.0,,,,pct_students_b4_50_75,15.0,,"slide_chart (top band = >75%; rounded, sums 99-101)"
mastery_bands,quarter,Q4_2025,did_midline,Q4_2025|did_midline,,word_problem_subtraction,numeracy,177.0,,,,pct_students_b5_75plus,23.0,,"slide_chart (top band = >75%; rounded, sums 99-101)"
mastery_bands,quarter,Q4_2025,did_midline,Q4_2025|did_midline,,word_problem_subtraction,numeracy,177.0,,,,pct_students_tier_critical,40.0,,"slide_chart (top band = >75%; rounded, sums 99-101)"
mastery_bands,quarter,Q4_2025,did_midline,Q4_2025|did_midline,,word_problem_subtraction,numeracy,177.0,,,,pct_students_tier_developing,37.0,,"slide_chart (top band = >75%; rounded, sums 99-101)"
mastery_bands,quarter,Q4_2025,did_midline,Q4_2025|did_midline,,word_problem_subtraction,numeracy,177.0,,,,pct_students_tier_cleared,23.0,,"slide_chart (top band = >75%; rounded, sums 99-101)"
mastery_bands,month,2026-03,did_midline,2026-03|did_midline,,word_problem_subtraction,numeracy,177.0,,,,pct_students_b1_0,20.0,,"slide_chart (top band = >75%; rounded, sums 99-101)"
mastery_bands,month,2026-03,did_midline,2026-03|did_midline,,word_problem_subtraction,numeracy,177.0,,,,pct_students_b2_lt25,20.0,,"slide_chart (top band = >75%; rounded, sums 99-101)"
mastery_bands,month,2026-03,did_midline,2026-03|did_midline,,word_problem_subtraction,numeracy,177.0,,,,pct_students_b3_25_50,22.0,,"slide_chart (top band = >75%; rounded, sums 99-101)"
mastery_bands,month,2026-03,did_midline,2026-03|did_midline,,word_problem_subtraction,numeracy,177.0,,,,pct_students_b4_50_75,15.0,,"slide_chart (top band = >75%; rounded, sums 99-101)"
mastery_bands,month,2026-03,did_midline,2026-03|did_midline,,word_problem_subtraction,numeracy,177.0,,,,pct_students_b5_75plus,23.0,,"slide_chart (top band = >75%; rounded, sums 99-101)"
mastery_bands,month,2026-03,did_midline,2026-03|did_midline,,word_problem_subtraction,numeracy,177.0,,,,pct_students_tier_critical,40.0,,"slide_chart (top band = >75%; rounded, sums 99-101)"
mastery_bands,month,2026-03,did_midline,2026-03|did_midline,,word_problem_subtraction,numeracy,177.0,,,,pct_students_tier_developing,37.0,,"slide_chart (top band = >75%; rounded, sums 99-101)"
mastery_bands,month,2026-03,did_midline,2026-03|did_midline,,word_problem_subtraction,numeracy,177.0,,,,pct_students_tier_cleared,23.0,,"slide_chart (top band = >75%; rounded, sums 99-101)"
mastery_bands,quarter,Q4_2025,did_midline,Q4_2025|did_midline,,multiplication,numeracy,177.0,,,,pct_students_b1_0,11.0,,"slide_chart (top band = >75%; rounded, sums 99-101)"
mastery_bands,quarter,Q4_2025,did_midline,Q4_2025|did_midline,,multiplication,numeracy,177.0,,,,pct_students_b2_lt25,0.0,,"slide_chart (top band = >75%; rounded, sums 99-101)"
mastery_bands,quarter,Q4_2025,did_midline,Q4_2025|did_midline,,multiplication,numeracy,177.0,,,,pct_students_b3_25_50,25.0,,"slide_chart (top band = >75%; rounded, sums 99-101)"
mastery_bands,quarter,Q4_2025,did_midline,Q4_2025|did_midline,,multiplication,numeracy,177.0,,,,pct_students_b4_50_75,25.0,,"slide_chart (top band = >75%; rounded, sums 99-101)"
mastery_bands,quarter,Q4_2025,did_midline,Q4_2025|did_midline,,multiplication,numeracy,177.0,,,,pct_students_b5_75plus,39.0,,"slide_chart (top band = >75%; rounded, sums 99-101)"
mastery_bands,quarter,Q4_2025,did_midline,Q4_2025|did_midline,,multiplication,numeracy,177.0,,,,pct_students_tier_critical,11.0,,"slide_chart (top band = >75%; rounded, sums 99-101)"
mastery_bands,quarter,Q4_2025,did_midline,Q4_2025|did_midline,,multiplication,numeracy,177.0,,,,pct_students_tier_developing,50.0,,"slide_chart (top band = >75%; rounded, sums 99-101)"
mastery_bands,quarter,Q4_2025,did_midline,Q4_2025|did_midline,,multiplication,numeracy,177.0,,,,pct_students_tier_cleared,39.0,,"slide_chart (top band = >75%; rounded, sums 99-101)"
mastery_bands,month,2026-03,did_midline,2026-03|did_midline,,multiplication,numeracy,177.0,,,,pct_students_b1_0,11.0,,"slide_chart (top band = >75%; rounded, sums 99-101)"
mastery_bands,month,2026-03,did_midline,2026-03|did_midline,,multiplication,numeracy,177.0,,,,pct_students_b2_lt25,0.0,,"slide_chart (top band = >75%; rounded, sums 99-101)"
mastery_bands,month,2026-03,did_midline,2026-03|did_midline,,multiplication,numeracy,177.0,,,,pct_students_b3_25_50,25.0,,"slide_chart (top band = >75%; rounded, sums 99-101)"
mastery_bands,month,2026-03,did_midline,2026-03|did_midline,,multiplication,numeracy,177.0,,,,pct_students_b4_50_75,25.0,,"slide_chart (top band = >75%; rounded, sums 99-101)"
mastery_bands,month,2026-03,did_midline,2026-03|did_midline,,multiplication,numeracy,177.0,,,,pct_students_b5_75plus,39.0,,"slide_chart (top band = >75%; rounded, sums 99-101)"
mastery_bands,month,2026-03,did_midline,2026-03|did_midline,,multiplication,numeracy,177.0,,,,pct_students_tier_critical,11.0,,"slide_chart (top band = >75%; rounded, sums 99-101)"
mastery_bands,month,2026-03,did_midline,2026-03|did_midline,,multiplication,numeracy,177.0,,,,pct_students_tier_developing,50.0,,"slide_chart (top band = >75%; rounded, sums 99-101)"
mastery_bands,month,2026-03,did_midline,2026-03|did_midline,,multiplication,numeracy,177.0,,,,pct_students_tier_cleared,39.0,,"slide_chart (top band = >75%; rounded, sums 99-101)"
mastery_bands,quarter,Q4_2025,did_midline,Q4_2025|did_midline,,data_handling,numeracy,177.0,,,,pct_students_b1_0,1.0,,"slide_chart (top band = >75%; rounded, sums 99-101)"
mastery_bands,quarter,Q4_2025,did_midline,Q4_2025|did_midline,,data_handling,numeracy,177.0,,,,pct_students_b2_lt25,7.0,,"slide_chart (top band = >75%; rounded, sums 99-101)"
mastery_bands,quarter,Q4_2025,did_midline,Q4_2025|did_midline,,data_handling,numeracy,177.0,,,,pct_students_b3_25_50,23.0,,"slide_chart (top band = >75%; rounded, sums 99-101)"
mastery_bands,quarter,Q4_2025,did_midline,Q4_2025|did_midline,,data_handling,numeracy,177.0,,,,pct_students_b4_50_75,39.0,,"slide_chart (top band = >75%; rounded, sums 99-101)"
mastery_bands,quarter,Q4_2025,did_midline,Q4_2025|did_midline,,data_handling,numeracy,177.0,,,,pct_students_b5_75plus,30.0,,"slide_chart (top band = >75%; rounded, sums 99-101)"
mastery_bands,quarter,Q4_2025,did_midline,Q4_2025|did_midline,,data_handling,numeracy,177.0,,,,pct_students_tier_critical,8.0,,"slide_chart (top band = >75%; rounded, sums 99-101)"
mastery_bands,quarter,Q4_2025,did_midline,Q4_2025|did_midline,,data_handling,numeracy,177.0,,,,pct_students_tier_developing,62.0,,"slide_chart (top band = >75%; rounded, sums 99-101)"
mastery_bands,quarter,Q4_2025,did_midline,Q4_2025|did_midline,,data_handling,numeracy,177.0,,,,pct_students_tier_cleared,30.0,,"slide_chart (top band = >75%; rounded, sums 99-101)"
mastery_bands,month,2026-03,did_midline,2026-03|did_midline,,data_handling,numeracy,177.0,,,,pct_students_b1_0,1.0,,"slide_chart (top band = >75%; rounded, sums 99-101)"
mastery_bands,month,2026-03,did_midline,2026-03|did_midline,,data_handling,numeracy,177.0,,,,pct_students_b2_lt25,7.0,,"slide_chart (top band = >75%; rounded, sums 99-101)"
mastery_bands,month,2026-03,did_midline,2026-03|did_midline,,data_handling,numeracy,177.0,,,,pct_students_b3_25_50,23.0,,"slide_chart (top band = >75%; rounded, sums 99-101)"
mastery_bands,month,2026-03,did_midline,2026-03|did_midline,,data_handling,numeracy,177.0,,,,pct_students_b4_50_75,39.0,,"slide_chart (top band = >75%; rounded, sums 99-101)"
mastery_bands,month,2026-03,did_midline,2026-03|did_midline,,data_handling,numeracy,177.0,,,,pct_students_b5_75plus,30.0,,"slide_chart (top band = >75%; rounded, sums 99-101)"
mastery_bands,month,2026-03,did_midline,2026-03|did_midline,,data_handling,numeracy,177.0,,,,pct_students_tier_critical,8.0,,"slide_chart (top band = >75%; rounded, sums 99-101)"
mastery_bands,month,2026-03,did_midline,2026-03|did_midline,,data_handling,numeracy,177.0,,,,pct_students_tier_developing,62.0,,"slide_chart (top band = >75%; rounded, sums 99-101)"
mastery_bands,month,2026-03,did_midline,2026-03|did_midline,,data_handling,numeracy,177.0,,,,pct_students_tier_cleared,30.0,,"slide_chart (top band = >75%; rounded, sums 99-101)"
mastery_bands,quarter,Q4_2025,did_midline,Q4_2025|did_midline,,number_writing,numeracy,177.0,,,,pct_students_b1_0,13.0,,"slide_chart (top band = >75%; rounded, sums 99-101)"
mastery_bands,quarter,Q4_2025,did_midline,Q4_2025|did_midline,,number_writing,numeracy,177.0,,,,pct_students_b2_lt25,17.0,,"slide_chart (top band = >75%; rounded, sums 99-101)"
mastery_bands,quarter,Q4_2025,did_midline,Q4_2025|did_midline,,number_writing,numeracy,177.0,,,,pct_students_b3_25_50,10.0,,"slide_chart (top band = >75%; rounded, sums 99-101)"
mastery_bands,quarter,Q4_2025,did_midline,Q4_2025|did_midline,,number_writing,numeracy,177.0,,,,pct_students_b4_50_75,12.0,,"slide_chart (top band = >75%; rounded, sums 99-101)"
mastery_bands,quarter,Q4_2025,did_midline,Q4_2025|did_midline,,number_writing,numeracy,177.0,,,,pct_students_b5_75plus,48.0,,"slide_chart (top band = >75%; rounded, sums 99-101)"
mastery_bands,quarter,Q4_2025,did_midline,Q4_2025|did_midline,,number_writing,numeracy,177.0,,,,pct_students_tier_critical,30.0,,"slide_chart (top band = >75%; rounded, sums 99-101)"
mastery_bands,quarter,Q4_2025,did_midline,Q4_2025|did_midline,,number_writing,numeracy,177.0,,,,pct_students_tier_developing,22.0,,"slide_chart (top band = >75%; rounded, sums 99-101)"
mastery_bands,quarter,Q4_2025,did_midline,Q4_2025|did_midline,,number_writing,numeracy,177.0,,,,pct_students_tier_cleared,48.0,,"slide_chart (top band = >75%; rounded, sums 99-101)"
mastery_bands,month,2026-03,did_midline,2026-03|did_midline,,number_writing,numeracy,177.0,,,,pct_students_b1_0,13.0,,"slide_chart (top band = >75%; rounded, sums 99-101)"
mastery_bands,month,2026-03,did_midline,2026-03|did_midline,,number_writing,numeracy,177.0,,,,pct_students_b2_lt25,17.0,,"slide_chart (top band = >75%; rounded, sums 99-101)"
mastery_bands,month,2026-03,did_midline,2026-03|did_midline,,number_writing,numeracy,177.0,,,,pct_students_b3_25_50,10.0,,"slide_chart (top band = >75%; rounded, sums 99-101)"
mastery_bands,month,2026-03,did_midline,2026-03|did_midline,,number_writing,numeracy,177.0,,,,pct_students_b4_50_75,12.0,,"slide_chart (top band = >75%; rounded, sums 99-101)"
mastery_bands,month,2026-03,did_midline,2026-03|did_midline,,number_writing,numeracy,177.0,,,,pct_students_b5_75plus,48.0,,"slide_chart (top band = >75%; rounded, sums 99-101)"
mastery_bands,month,2026-03,did_midline,2026-03|did_midline,,number_writing,numeracy,177.0,,,,pct_students_tier_critical,30.0,,"slide_chart (top band = >75%; rounded, sums 99-101)"
mastery_bands,month,2026-03,did_midline,2026-03|did_midline,,number_writing,numeracy,177.0,,,,pct_students_tier_developing,22.0,,"slide_chart (top band = >75%; rounded, sums 99-101)"
mastery_bands,month,2026-03,did_midline,2026-03|did_midline,,number_writing,numeracy,177.0,,,,pct_students_tier_cleared,48.0,,"slide_chart (top band = >75%; rounded, sums 99-101)"
